"MEDICAL_CODE_ID","DESCRIPTION","READ_CODE","SNOMED_CT_CODE","FREQUENCY","DATABASE"
"353143016","Gastro-oesophageal reflux","J10y412","235595009","1759538","CPRD_AURUM"
"372246012","Oesophageal reflux","J10y411","249496004","263752","CPRD_AURUM"
"396339011","Oesophageal reflux with oesophagitis","J101113","266433003","10694","CPRD_AURUM"
"396340013","Reflux oesophagitis","J101100","266433003","1116904","CPRD_AURUM"
"198466017","Regurgitant oesophagitis","J101115","266433003","26419","CPRD_AURUM"
"266601000006112","Oesopheal reflux without mention of oesophagitis","J10y400","266435005","107749","CPRD_AURUM"
"452891000006114","Acid reflux","J101111","698065002","624134","CPRD_AURUM"
"497946018","Peptic oesophagitis","J101114","266433003","2408","CPRD_AURUM"
"5492881000006118","Gastroesophageal reflux disease without esophagitis","","266435005","2","CPRD_AURUM"
"5082541000006115","GERD - Gastro-esophageal reflux disease","","235595009","9","CPRD_AURUM"
"5272491000006110","Esophageal reflux finding","","249496004","0","CPRD_AURUM"
"5492771000006113","Esophageal reflux with esophagitis","","266433003","0","CPRD_AURUM"
"5082501000006117","Gastro-oesophageal reflux disease","","235595009","113","CPRD_AURUM"
"5492811000006113","Gastroesophageal reflux disease with esophagitis","","266433003","0","CPRD_AURUM"
"5492761000006118","Reflux esophagitis","","266433003","3","CPRD_AURUM"
"5492861000006111","Gastro-esophageal reflux disease without esophagitis","","266435005","0","CPRD_AURUM"
"5082531000006113","GOR - Gastro-oesophageal reflux","","235595009","3","CPRD_AURUM"
"5082561000006116","Gastro-oesophageal reflux disease with stricture","","235596005","0","CPRD_AURUM"
"5082441000006116","Gastrooesophageal reflux disease","","235595009","122070","CPRD_AURUM"
"5492781000006111","Gastro-esophageal reflux disease with esophagitis","","266433003","0","CPRD_AURUM"
"11782121000006117","Peptic esophagitis","","266433003","0","CPRD_AURUM"
"5082481000006110","Gastro-esophageal reflux disease","","235595009","7","CPRD_AURUM"
"5272521000006112","Esophageal reflux observation","","249496004","0","CPRD_AURUM"
"799341000006115","Gastro-oesophageal reflux with oesophagitis","J101112","266433003","77918","CPRD_AURUM"
"5082491000006113","GOR - Gastro-esophageal reflux","","235595009","1","CPRD_AURUM"
"5082521000006110","GORD - Gastro-oesophageal reflux disease","","235595009","27","CPRD_AURUM"
"5272481000006112","Esophageal reflux","","249496004","0","CPRD_AURUM"
"339001014","Gastric reflux","1957.00","225587003","285314","CPRD_AURUM"
"5082451000006119","Gastroesophageal reflux disease","","235595009","117","CPRD_AURUM"
"5082471000006112","GORD - Gastro-esophageal reflux disease","","235595009","11","CPRD_AURUM"
"5492871000006116","Gastro-esophageal reflux disease without oesophagitis","","266435005","0","CPRD_AURUM"
"353140018","Acid reflux","J10y413","698065002","235696","CPRD_AURUM"
"5272471000006114","Oesophageal reflux finding","","249496004","198","CPRD_AURUM"
"5272511000006116","Oesophageal reflux observation","","249496004","0","CPRD_AURUM"
"5082461000006117","Gastro-esophageal reflux","","235595009","49","CPRD_AURUM"
"5492821000006117","Gastroesophageal reflux disease with oesophagitis","","266433003","0","CPRD_AURUM"
