"MEDICAL_CODE_ID","DESCRIPTION","READ_CODE","SNOMED_CT_CODE","FREQUENCY","DATABASE"
"407083015","C/O - loss of taste sense","1924.11","272041007","6344","CPRD_AURUM"
"317117017","[D]Parageusia","R011200","271801002","3665","CPRD_AURUM"
"1227656018","[V]Problems with taste","ZV41512","271801002","9904","CPRD_AURUM"
"12453521000006115","O/E -taste loss ant.2/3 tongue","","164055003","0","CPRD_AURUM"
"5529611000006118","Dysgeusia","","271801002","1","CPRD_AURUM"
"5529591000006112","Disordered taste","","271801002","0","CPRD_AURUM"
"5533041000006111","Complaining of loss of taste sense","","272041007","0","CPRD_AURUM"
"5529561000006116","Things taste abnormal","","271801002","0","CPRD_AURUM"
"61644018","Loss of taste","1924.00","36955009","57829","CPRD_AURUM"
"255416019","O/E -taste loss ant.2/3 tongue","2BK2.00","164055003","12","CPRD_AURUM"
"3095431000006113","Ageusia","","36955009","1","CPRD_AURUM"
"5529581000006114","Parageusia","","271801002","0","CPRD_AURUM"
"255417011","O/E-taste loss post 1/3 tongue","2BK3.00","164056002","3","CPRD_AURUM"
"3095441000006115","Absence of sense of taste","","36955009","0","CPRD_AURUM"
"7502891000006112","Hypogeusia","","697990000","1","CPRD_AURUM"
"5242581000006110","Abnormal taste in mouth","","247318005","8","CPRD_AURUM"
