"MEDICAL_CODE_ID","DESCRIPTION","READ_CODE","SNOMED_CT_CODE","FREQUENCY","DATABASE"
"326","Palpitations","181..00",,"1053725","CPRD_GOLD"
"2825","[D]Awareness of heart beat","R051000",,"5277","CPRD_GOLD"
"2975","Palpitations","1812.00",,"28325","CPRD_GOLD"
"4789","[D]Palpitations","R051.00",,"23448","CPRD_GOLD"
"10469","Fluttering of heart","181..12",,"5596","CPRD_GOLD"
"15616","Palpitations NOS","181Z.00",,"7807","CPRD_GOLD"
"15998","[D]Palpitations NOS","R051z00",,"20956","CPRD_GOLD"
"16170","'Fluttering' of heart","1814.00",,"1136","CPRD_GOLD"
"20692","Awareness of heartbeat","181..11",,"3489","CPRD_GOLD"
"29469","'Bumping' of heart","1813.00",,"790","CPRD_GOLD"
"108171","Palpitations care pathway","8CMWH00",,"52","CPRD_GOLD"
