"MEDICAL_CODE_ID","DESCRIPTION","READ_CODE","SNOMED_CT_CODE","FREQUENCY","DATABASE"
"1882041000006112","Palpitations care pathway","","1882041000006108","14","CPRD_AURUM"
"1984261000006117","Manchester triage - Palpitations","","1984261000006101","5","CPRD_AURUM"
"2333711000000119","Palpitations care pathway","8CMWH00","907751000000109","218","CPRD_AURUM"
"317328012","[D]Palpitations","R051.00","80313002","234819","CPRD_AURUM"
"317329016","[D]Awareness of heart beat","R051000","277766008","27065","CPRD_AURUM"
"217661000000115","Awareness of heartbeat","181..11","277766008","7827","CPRD_AURUM"
"249291000006117","Palpitations","181..00","80313002","2295820","CPRD_AURUM"
"4545611000006111","Palpitations - fluttering","","161969004","18","CPRD_AURUM"
"1819521000006119","History of palpitations","","518301000000102","1","CPRD_AURUM"
"133268018","Palpitations","1812.00","80313002","245635","CPRD_AURUM"
"317330014","[D]Palpitations NOS","R051z00","80313002","29690","CPRD_AURUM"
"252443016","Palpitations NOS","181Z.00","80313002","54669","CPRD_AURUM"
"217671000000110","Fluttering of heart","181..12","161969004","10809","CPRD_AURUM"
"291811000006119","'Bumping' of heart","1813.00","161968007","14839","CPRD_AURUM"
"4545591000006117","Palpitations - bumping","","161968007","8","CPRD_AURUM"
"291831000006113","'Fluttering' of heart","1814.00","161969004","21852","CPRD_AURUM"
