"MEDICAL_CODE_ID","DESCRIPTION","READ_CODE","SNOMED_CT_CODE","FREQUENCY","DATABASE"
"181..00","Palpitations","181..00",,"898465","IMRD"
"181..11","Awareness of heartbeat","181..11",,"2548","IMRD"
"181..12","Fluttering of heart","181..12",,"5123","IMRD"
"1812.00","Palpitations","1812.00",,"26020","IMRD"
"1813.00","Bumping of heart","1813.00",,"1200","IMRD"
"1814.00","Fluttering of heart","1814.00",,"1342","IMRD"
"181Z.00","Palpitations NOS","181Z.00",,"6507","IMRD"
"8CMWH00","Palpitations care pathway","8CMWH00",,"59","IMRD"
"R051.00","[D]Palpitations","R051.00",,"19940","IMRD"
"R051000","[D]Awareness of heart beat","R051000",,"4584","IMRD"
"R051z00","[D]Palpitations NOS","R051z00",,"16142","IMRD"
