"MEDICAL_CODE_ID","DESCRIPTION","READ_CODE","SNOMED_CT_CODE","FREQUENCY","DATABASE"
"11267","Flashbacks","Z7CG400",,"687","CPRD_GOLD"
"24847","Acute posttrauma stress state","E283100",,"856","CPRD_GOLD"
"26251","Flashbacks","1S1..00",,"2636","CPRD_GOLD"
"32387","Other post-traumatic stress disorder","E29y100",,"1049","CPRD_GOLD"
"74001","Episodic flashbacks","1S12.00",,"10","CPRD_GOLD"
"91242","Short duration flashbacks","1S10.00",,"7","CPRD_GOLD"
"109918","Long duration flashbacks","1S11.00",,"2","CPRD_GOLD"
