"MEDICAL_CODE_ID","DESCRIPTION","READ_CODE","SNOMED_CT_CODE","FREQUENCY","DATABASE"
"51671015","Flashbacks","1S1..00","30871003","5739","CPRD_AURUM"
"2548473014","Long duration flashbacks","1S11.00","416073003","20","CPRD_AURUM"
"909701000006113","[RFC] Post traumatic stress disorder","","909701000006109","2857","CPRD_AURUM"
"1820311000006117","PCL-C - Repeated, disturbing memories, thoughts or images of a stressful experience from the past: A little bit","","1820311000006101","1","CPRD_AURUM"
"1820321000006113","PCL-C - Repeated, disturbing memories, thoughts or images of a stressful experience from the past: Moderately","","1820321000006109","1","CPRD_AURUM"
"1820341000006118","PCL-C - Repeated, disturbing memories, thoughts or images of a stressful experience from the past: Quite a bit","","1820341000006102","1","CPRD_AURUM"
"1820401000006112","PCL-C - Repeated disturbing dreams of a stressful experience from the past: A little bit","","1820401000006108","1","CPRD_AURUM"
"1820411000006110","PCL-C - Repeated disturbing dreams of a stressful experience from the past: Moderately","","1820411000006106","1","CPRD_AURUM"
"1820431000006116","PCL-C - Repeated disturbing dreams of a stressful experience from the past: Extremely","","1820431000006100","1","CPRD_AURUM"
"1820441000006114","PCL-C - Suddenly acting or feeling as if a stressful experience from the past were happening again (as if reliving it): A little bit","","1820441000006105","1","CPRD_AURUM"
"1820501000006113","PCL-C - Feeling very upset when something reminded you of a stressful experience from the past: A little bit","","1820501000006109","1","CPRD_AURUM"
"1820531000006117","PCL-C - Feeling very upset when something reminded you of a stressful experience from the past: Extremely","","1820531000006101","1","CPRD_AURUM"
"1820561000006114","PCL-C - Having a physical reaction when something reminded you of a stressful experience from the past: Moderately","","1820561000006105","1","CPRD_AURUM"
"1820571000006119","PCL-C - Having a physical reaction when something reminded you of a stressful experience from the past: Quite a bit","","1820571000006103","1","CPRD_AURUM"
"1820581000006116","PCL-C - Having a physical reaction when something reminded you of a stressful experience from the past: Extremely","","1820581000006100","1","CPRD_AURUM"
"1820601000006114","PCL-C - Avoiding thinking about or talking about a stressful experience from the past or avoiding having feelings related to it: A little bit","","1820601000006105","1","CPRD_AURUM"
"1820641000006111","PCL-C - Avoiding thinking about or talking about a stressful experience from the past or avoiding having feelings related to it: Extremely","","1820641000006107","1","CPRD_AURUM"
"1820671000006115","PCL-C - Avoiding activities or situations because they reminded you of a stressful experience from the past: A little bit","","1820671000006104","1","CPRD_AURUM"
"1820681000006117","PCL-C - Avoiding activities or situations because they reminded you of a stressful experience from the past: Moderately","","1820681000006101","1","CPRD_AURUM"
"1820701000006119","PCL-C - Avoiding activities or situations because they reminded you of a stressful experience from the past: Extremely","","1820701000006103","1","CPRD_AURUM"
"1820721000006112","PCL-C - Trouble remembering important parts of a stressful experience from the past: A little bit","","1820721000006108","1","CPRD_AURUM"
"1820731000006110","PCL-C - Trouble remembering important parts of a stressful experience from the past: Moderately","","1820731000006106","1","CPRD_AURUM"
"1820751000006115","PCL-C - Trouble remembering important parts of a stressful experience from the past: Extremely","","1820751000006104","1","CPRD_AURUM"
"1949511000006113","Phased intervention programme for complex PTSD","","1949511000006109","91","CPRD_AURUM"
"1949521000006117","Phased intervention programme for complex PTSD - phase 1","","1949521000006101","1","CPRD_AURUM"
"1949541000006112","Phased intervention programme for complex PTSD - phase 3","","1949541000006108","39","CPRD_AURUM"
"459711000006119","Acute posttrauma stress state","E283100","192042008","5179","CPRD_AURUM"
"3268081000006115","PTSD - Post-traumatic stress disorder","","47505003","12232","CPRD_AURUM"
"3268061000006113","Posttraumatic stress disorder","","47505003","2929","CPRD_AURUM"
"1820371000006114","PCL-C - Repeated, disturbing memories, thoughts or images of a stressful experience from the past: Extremely","","1820371000006105","1","CPRD_AURUM"
"1820421000006119","PCL-C - Repeated disturbing dreams of a stressful experience from the past: Quite a bit","","1820421000006103","1","CPRD_AURUM"
"1820481000006115","PCL-C - Suddenly acting or feeling as if a stressful experience from the past were happening again (as if reliving it): Extremely","","1820481000006104","1","CPRD_AURUM"
"1820511000006111","PCL-C - Feeling very upset when something reminded you of a stressful experience from the past: Moderately","","1820511000006107","1","CPRD_AURUM"
"1820611000006112","PCL-C - Avoiding thinking about or talking about a stressful experience from the past or avoiding having feelings related to it: Moderately","","1820611000006108","1","CPRD_AURUM"
"1820691000006119","PCL-C - Avoiding activities or situations because they reminded you of a stressful experience from the past: Quite a bit","","1820691000006103","1","CPRD_AURUM"
"1820741000006117","PCL-C - Trouble remembering important parts of a stressful experience from the past: Quite a bit","","1820741000006101","1","CPRD_AURUM"
"2549694013","Short duration flashbacks","1S10.00","417143004","61","CPRD_AURUM"
"12730101000006118","Other post-traumatic stress disorder","","620181000000106","0","CPRD_AURUM"
"295512014","Other post-traumatic stress disorder","E29y100","47505003","20345","CPRD_AURUM"
"1820551000006112","PCL-C - Having a physical reaction when something reminded you of a stressful experience from the past: A little bit","","1820551000006108","1","CPRD_AURUM"
"1820631000006118","PCL-C - Avoiding thinking about or talking about a stressful experience from the past or avoiding having feelings related to it: Quite a bit","","1820631000006102","1","CPRD_AURUM"
"1949531000006119","Phased intervention programme for complex PTSD - phase 2","","1949531000006103","2","CPRD_AURUM"
"1820461000006113","PCL-C - Suddenly acting or feeling as if a stressful experience from the past were happening again (as if reliving it): Moderately","","1820461000006109","1","CPRD_AURUM"
"1820471000006118","PCL-C - Suddenly acting or feeling as if a stressful experience from the past were happening again (as if reliving it): Quite a bit","","1820471000006102","1","CPRD_AURUM"
"1820491000006117","PCL-C - Feeling very upset when something reminded you of a stressful experience from the past: Not at all","","1820491000006101","1","CPRD_AURUM"
"1820521000006115","PCL-C - Feeling very upset when something reminded you of a stressful experience from the past: Quite a bit","","1820521000006104","1","CPRD_AURUM"
"2548317017","Duplicative flashbacks","1S13.00","417360004","22","CPRD_AURUM"
"2549240012","Episodic flashbacks","1S12.00","416714005","368","CPRD_AURUM"
"5249021000006110","Situation avoidance behaviour","","247807001","7","CPRD_AURUM"
"7285321000006119","Complex posttraumatic stress disorder","","443919007","52","CPRD_AURUM"
"6027091000006114","Chronic post-traumatic stress disorder","","313182004","21","CPRD_AURUM"
"8288081000006117","Post-traumatic stress disorder impact of events scale","","848121000000104","1","CPRD_AURUM"
"8288101000006113","Post-traumatic stress disorder impact of events scale score","","848141000000106","1","CPRD_AURUM"
