"MEDICAL_CODE_ID","DESCRIPTION","READ_CODE","SNOMED_CT_CODE","FREQUENCY","DATABASE"
"1512","Unsteadiness present","1B52.00",,"11548","CPRD_GOLD"
"2042","O/E - generally unsteady","29L8.00",,"16497","CPRD_GOLD"
"2555","O/E - generally off balance","29L8.11",,"3222","CPRD_GOLD"
"5820","Unsteady symptom","1B5..13",,"76578","CPRD_GOLD"
"7417","Feels off balance","1B52.11",,"47773","CPRD_GOLD"
"18963","Unable to balance","29LB.00",,"1099","CPRD_GOLD"
"57706","Balance assessment","7P12100",,"4327","CPRD_GOLD"
"58091","ABS - Affect balance scale","ZR1C.11",,"5","CPRD_GOLD"
"58144","Berg balance test","38A2.00",,"504","CPRD_GOLD"
"93421","Disorder of gait and/or balance present","29LD.00",,"3948","CPRD_GOLD"
"103567","Worsening balance","29LF.00",,"902","CPRD_GOLD"
"106702","Tinetti balance and gait scale","38Gs.00",,"63","CPRD_GOLD"
