"MEDICAL_CODE_ID","DESCRIPTION","READ_CODE","SNOMED_CT_CODE","FREQUENCY","DATABASE"
"1B5..13","Unsteady symptom","1B5..13",,"66299","IMRD"
"1B52.00","Unsteadiness present","1B52.00",,"10352","IMRD"
"1B52.11","Feels off balance","1B52.11",,"41407","IMRD"
"29L8.00","O/E - generally unsteady","29L8.00",,"11529","IMRD"
"29L8.11","O/E - generally off balance","29L8.11",,"2290","IMRD"
"29LB.00","Unable to balance","29LB.00",,"921","IMRD"
"29LD.00","Disorder of gait and/or balance present","29LD.00",,"3471","IMRD"
"29LF.00","Worsening balance","29LF.00",,"772","IMRD"
"29LG.00","Loss of equilibrium","29LG.00",,"28","IMRD"
"38A2.00","Berg balance test","38A2.00",,"519","IMRD"
"38Gs.00","Tinetti balance and gait scale","38Gs.00",,"77","IMRD"
"7P12100","Balance assessment","7P12100",,"4450","IMRD"
"ZR1C.11","ABS - Affect balance scale","ZR1C.11",,"4","IMRD"
