"MEDICAL_CODE_ID","DESCRIPTION","READ_CODE","SNOMED_CT_CODE","FREQUENCY","DATABASE"
"372880015","Feels off balance","1B52.11","249983008","116096","CPRD_AURUM"
"397976014","Unsteadiness present","1B52.00","267084003","77850","CPRD_AURUM"
"420581019","Unable to balance","29LB.00","282299006","5922","CPRD_AURUM"
"371341000000115","Balance assessment","7P12100","427226009","6498","CPRD_AURUM"
"528701000000112","Disorder of gait and/or balance present","29LD.00","299031000000106","14231","CPRD_AURUM"
"960081000006110","Decreased balance","","960081000006106","1613","CPRD_AURUM"
"1746251000000117","Worsening balance","29LF.00","781091000000100","4863","CPRD_AURUM"
"1979781000006114","Tinetti balance score - sitting balance","","1979781000006105","1","CPRD_AURUM"
"1979791000006112","Tinetti balance score - rises from chair","","1979791000006108","1","CPRD_AURUM"
"1979801000006113","Tinetti balance score - attempts to rise","","1979801000006109","1","CPRD_AURUM"
"1979811000006111","Tinetti balance score - immediate standing balance","","1979811000006107","1","CPRD_AURUM"
"1979821000006115","Tinetti balance score - standing balance","","1979821000006104","1","CPRD_AURUM"
"1979831000006117","Tinetti balance score - nudged","","1979831000006101","1","CPRD_AURUM"
"1979841000006110","Tinetti balance score - eyes closed","","1979841000006106","1","CPRD_AURUM"
"1979851000006112","Tinetti balance score - turning 360 degrees","","1979851000006108","3","CPRD_AURUM"
"1979861000006114","Tinetti balance score - sitting down","","1979861000006105","1","CPRD_AURUM"
"1981931000006115","Berg balance score","","1981931000006104","59","CPRD_AURUM"
"1981941000006113","Berg balance score - sitting to standing","","1981941000006109","50","CPRD_AURUM"
"1982061000006118","Berg balance score - standing with feet together","","1982061000006102","0","CPRD_AURUM"
"1982091000006114","Berg balance score - reaching forward with outstretched arm","","1982091000006105","0","CPRD_AURUM"
"1982101000006115","Berg balance score - retrieving object from floor","","1982101000006104","0","CPRD_AURUM"
"1982121000006113","Berg balance score - turning to look behind","","1982121000006109","0","CPRD_AURUM"
"1982151000006116","Berg balance score - turning 360 degrees","","1982151000006100","0","CPRD_AURUM"
"2005451000006111","4-stage balance test","","2005451000006107","6","CPRD_AURUM"
"2005471000006118","4-stage balance test - feet together stand unsuccessful","","2005471000006102","0","CPRD_AURUM"
"2643030012","Berg balance test","38A2.00","493471000000101","2359","CPRD_AURUM"
"2842416016","Tinetti balance and gait scale","38Gs.00","443657009","1368","CPRD_AURUM"
"6545931000006115","Unsteady gait","","394616008","1242","CPRD_AURUM"
"5279281000006115","Unsteady when standing","","249990003","468","CPRD_AURUM"
"5279301000006116","Unstable when standing","","249990003","0","CPRD_AURUM"
"5279311000006118","Unsteady on feet","","249990003","26","CPRD_AURUM"
"4569191000006117","On examination - generally unsteady","","163774005","1","CPRD_AURUM"
"7280331000006111","Tinetti balance and gait evaluation - gait score","","443618001","0","CPRD_AURUM"
"5279321000006114","Unstable on legs","","249990003","0","CPRD_AURUM"
"7070881000006116","Assessment of sense of balance","","427226009","97","CPRD_AURUM"
"5279181000006111","Feels as though will fall","","249983008","4899","CPRD_AURUM"
"5663051000006111","Loss of balance","","282299006","162","CPRD_AURUM"
"7280711000006116","Tinetti balance and gait evaluation - balance score","","443639008","0","CPRD_AURUM"
"1822231000006119","Tinetti balance and gait evaluation total score","","443657009","18","CPRD_AURUM"
"931931000006114","Unsteady gait [D]","R012.99","496121000000100","70","CPRD_AURUM"
"1982001000006119","Berg balance score - standing to sitting","","1982001000006103","0","CPRD_AURUM"
"1982201000006113","Berg balance score - standing with one foot in front","","1982201000006109","0","CPRD_AURUM"
"2005461000006113","4-stage balance test - stage achieved","","2005461000006109","0","CPRD_AURUM"
"1822251000006114","Tinetti balance score","","443639008","72","CPRD_AURUM"
"255069012","O/E - generally unsteady","29L8.00","163774005","19447","CPRD_AURUM"
"148251018","Loss of equilibrium","","89419008","111","CPRD_AURUM"
"5279291000006117","Unstable when on feet","","249990003","0","CPRD_AURUM"
"1981951000006110","Berg balance score - standing on one foot","","1981951000006106","0","CPRD_AURUM"
"1981971000006117","Berg balance score - standing unsupported","","1981971000006101","78","CPRD_AURUM"
"1982051000006115","Berg balance score - standing with eyes closed","","1982051000006104","0","CPRD_AURUM"
"1776601000006110","Reason for referral: Dizziness/Balance Problems","","1776601000006106","289","CPRD_AURUM"
"72741000006118","Unsteady symptom","1B5..13","271713000","142554","CPRD_AURUM"
"8187491000006112","Berg balance score","","493471000000101","0","CPRD_AURUM"
"1981991000006116","Berg balance score - sitting unsupported","","1981991000006100","0","CPRD_AURUM"
"1982171000006114","Berg balance score - placing alternate foot on stool","","1982171000006105","0","CPRD_AURUM"
"420579016","Able to balance","","282298003","2939","CPRD_AURUM"
"255070013","O/E - generally off balance","29L8.11","163774005","3762","CPRD_AURUM"
"2860691000006110","Unsteady when walking","","22631008","31","CPRD_AURUM"
"5686951000006118","Ability to balance when bending","","284386007","39","CPRD_AURUM"
"5687321000006112","Able to balance when reaching","","284417005","15","CPRD_AURUM"
"5663121000006118","Unable to balance when sitting","","282305008","4","CPRD_AURUM"
"2734071000000111","Able to balance when standing with feet together","","1091521000000106","1","CPRD_AURUM"
"7281721000006117","Assessment using Tinetti balance and gait scale","","443704002","3","CPRD_AURUM"
"5663001000006112","Ability to balance","","282295000","29","CPRD_AURUM"
"5663191000006116","Unable to balance when standing","","282311006","1","CPRD_AURUM"
"5663171000006117","Ability to balance when standing","","282309002","61","CPRD_AURUM"
"2734191000000114","Unable to balance when standing with feet in tandem stance","","1091581000000107","1","CPRD_AURUM"
"5279341000006119","Unsteady when turning","","249992006","3","CPRD_AURUM"
"11930701000006111","Tinetti balance and gait scale","","443318007","4","CPRD_AURUM"
"5279151000006115","Balance","","249982003","275","CPRD_AURUM"
"5962541000006114","Finding of sitting balance","","306952005","94","CPRD_AURUM"
"5279201000006112","Keeps losing balance","","249984002","10","CPRD_AURUM"
"5279331000006112","Postural sway when standing","","249991004","3","CPRD_AURUM"
"7084911000006115","Berg balance scale","","428203000","86","CPRD_AURUM"
"7600091000006113","Balance","","705235004","3","CPRD_AURUM"
"5663181000006119","Able to balance when standing","","282310007","100","CPRD_AURUM"
"7139721000006113","Abnormal gait due to impairment of balance","","431524008","4","CPRD_AURUM"
"6474341000006115","Balance impairment","","387603000","1","CPRD_AURUM"
"5851131000006118","Finding of standing balance","","298306002","116","CPRD_AURUM"
"6889261000006110","Postural balance","","416240000","1","CPRD_AURUM"
"6474331000006113","Problem with balance","","387603000","2","CPRD_AURUM"
"4090011000006119","Unsteady","","103361006","168","CPRD_AURUM"
"5687311000006116","Unable to balance when reaching","","284416001","5","CPRD_AURUM"
"5279211000006110","Poor balance","","249985001","142","CPRD_AURUM"
"5687251000006114","Unable to balance when bending","","284411006","8","CPRD_AURUM"
"2734051000000119","Able to balance when standing with feet apart","","1091511000000100","2","CPRD_AURUM"
"5851091000006115","Finding of balance","","298304004","201","CPRD_AURUM"
"5663101000006111","Ability to balance when sitting","","282303001","88","CPRD_AURUM"
"6474321000006110","Impairment of balance","","387603000","259","CPRD_AURUM"
"6844381000006118","Sitting balance","","413631000","1","CPRD_AURUM"
"11928061000006110","Berg balance test","","404933001","2","CPRD_AURUM"
"5663111000006114","Able to balance when sitting","","282304007","153","CPRD_AURUM"
