"MEDICAL_CODE_ID","DESCRIPTION","READ_CODE","SNOMED_CT_CODE","FREQUENCY","DATABASE"
"2774","Dry mouth","1927.00",,"112126","CPRD_GOLD"
"11325","Dry mouth","J077012",,"2536","CPRD_GOLD"
"12456","O/E - cracked lips","2522.11",,"6380","CPRD_GOLD"
"15172","Xerostomia","J077011",,"2464","CPRD_GOLD"
"23909","O/E - dry/cracked lips","2522.00",,"1121","CPRD_GOLD"
"24928","O/E - dry tongue","2562.00",,"1057","CPRD_GOLD"
"52955","[X]Dry mouth, unspecified","Ryu7800",,"114","CPRD_GOLD"
"103791","Mucous membrane dryness","16S..00",,"249","CPRD_GOLD"
