"MEDICAL_CODE_ID","DESCRIPTION","READ_CODE","SNOMED_CT_CODE","FREQUENCY","DATABASE"
"16S..00","Mucous membrane dryness","16S..00",,"254","IMRD"
"1927.00","Dry mouth","1927.00",,"98708","IMRD"
"2522.00","O/E - dry/cracked lips","2522.00",,"1194","IMRD"
"2522.11","O/E - cracked lips","2522.11",,"5697","IMRD"
"2562.00","O/E - dry tongue","2562.00",,"1108","IMRD"
"J077011","Xerostomia","J077011",,"2275","IMRD"
"J077012","Dry mouth","J077012",,"2278","IMRD"
"Ryu7800","[X]Dry mouth, unspecified","Ryu7800",,"68","IMRD"
