"MEDICAL_CODE_ID","DESCRIPTION","READ_CODE","SNOMED_CT_CODE","FREQUENCY","DATABASE"
"145430018","Xerostomia","J077011","87715008","15590","CPRD_AURUM"
"865531000033119","Biotene Dry Mouth","","865531000033103","0","CPRD_AURUM"
"960371000006110","Cracked lips/dry mouth","","960371000006106","1832","CPRD_AURUM"
"1233831000033117","Boots Expert Dry Mouth","","1233831000033101","0","CPRD_AURUM"
"1994551000006118","Adverse reaction to Bioxtra Dry Mouth","","1994551000006102","0","CPRD_AURUM"
"11933171000006114","IPOS staff score : degree pt affected by sore/dry mouth past week","","11933171000006105","0","CPRD_AURUM"
"11933531000006119","IPOS patient score : degree pt affected by sore/dry mouth past week","","11933531000006103","0","CPRD_AURUM"
"11933221000006115","IPOS staff score : cannot assess degree pt affected by sore/dry mouth past week","","11933221000006104","0","CPRD_AURUM"
"11933941000006116","IPOS staff score: cannot assess degree pt affected by sore/dry mouth past 3 days","","11933941000006100","0","CPRD_AURUM"
"4559011000006118","On examination - dry tongue","","163168003","0","CPRD_AURUM"
"3925641000006118","Absent salivary secretion","","87715008","0","CPRD_AURUM"
"5508421000006111","On examination - dry/cracked lips","","268938009","0","CPRD_AURUM"
"411932018","O/E - cracked lips","2522.11","275956006","12309","CPRD_AURUM"
"254285018","O/E - dry tongue","2562.00","163168003","6756","CPRD_AURUM"
"145434010","Dry mouth","J077012","87715008","15318","CPRD_AURUM"
"11933931000006114","IPOS staff score: degree pt affected by sore/dry mouth past 3 days","","11933931000006105","135","CPRD_AURUM"
"3925661000006119","Asialia","","87715008","0","CPRD_AURUM"
"3925631000006111","Aptyalism","","87715008","0","CPRD_AURUM"
"2262731000033114","Bioxtra Dry Mouth","","2262731000033105","0","CPRD_AURUM"
"1774981000006116","Mucous membrane dryness","","1774981000006100","3","CPRD_AURUM"
"192129014","Mucous membrane dryness","16S..00","123640000","2770","CPRD_AURUM"
"3925651000006116","Aptyalia","","87715008","0","CPRD_AURUM"
"3349151000006115","Cracked tongue","","52368004","0","CPRD_AURUM"
"5579231000006111","On examination - cracked lips","","275956006","0","CPRD_AURUM"
"1727891000006118","Adverse reaction to Boots Expert Dry Mouth","","1727891000006102","0","CPRD_AURUM"
"1033091000006118","Adverse reaction to Biotene Dry Mouth","","1033091000006102","4","CPRD_AURUM"
"402474011","O/E - dry/cracked lips","2522.00","268938009","22532","CPRD_AURUM"
"318049018","[X]Dry mouth, unspecified","Ryu7800","87715008","3911","CPRD_AURUM"
"631541000006113","Dry mouth","1927.00","87715008","186996","CPRD_AURUM"
"11932901000006110","IPOS patient score : degree pt affected by sore/dry mouth past 3 days","","11932901000006106","2","CPRD_AURUM"
"5527531000006118","Dry tongue","","271669001","3","CPRD_AURUM"
"5253921000006114","Cracked lips","","248182008","26","CPRD_AURUM"
