"MEDICAL_CODE_ID","DESCRIPTION","READ_CODE","SNOMED_CT_CODE","FREQUENCY","DATABASE"
"525691000006114","Breathless - lying flat","1735.00","62744007","18916","CPRD_AURUM"
"317383018","[D]Orthopnoea","R060200","62744007","14142","CPRD_AURUM"
"4554091000006110","On examination - orthopnea","","162891007","0","CPRD_AURUM"
"41791000006118","Orthopnoea symptom","1735.11","62744007","11887","CPRD_AURUM"
"11905591000006110","Orthopnea","","62744007","1","CPRD_AURUM"
"253890017","O/E - orthopnoea","2323.00","162891007","3674","CPRD_AURUM"
"4554081000006112","O/E - orthopnea","","162891007","1","CPRD_AURUM"
