"MEDICAL_CODE_ID","DESCRIPTION","READ_CODE","SNOMED_CT_CODE","FREQUENCY","DATABASE"
"1B72.00","Diplopia/double vision","1B72.00",,"23415","IMRD"
"1B72.11","Diplopia","1B72.11",,"28760","IMRD"
"1B72.12","Double vision","1B72.12",,"16743","IMRD"
"F481E00","Refractive diplopia","F481E00",,"82","IMRD"
"F482.00","Diplopia (double vision)","F482.00",,"5118","IMRD"
"F48y000","Blurred vision NOS","F48y000",,"96598","IMRD"
"F48y011","Cloudy vision NOS","F48y011",,"877","IMRD"
"F48y012","Dull vision NOS","F48y012",,"96","IMRD"
