"MEDICAL_CODE_ID","DESCRIPTION","READ_CODE","SNOMED_CT_CODE","FREQUENCY","DATABASE"
"41870012","Diplopia","1B72.11","24982008","69649","CPRD_AURUM"
"41871011","Double vision","1B72.12","24982008","26713","CPRD_AURUM"
"125167014","Refractive diplopia","F481E00","75364009","373","CPRD_AURUM"
"883331000006114","Diplopia - double vision","F482.99","24982008","2814","CPRD_AURUM"
"959541000006110","Squinting/blinking/tearing/blurring","","959541000006106","368","CPRD_AURUM"
"399453011","Blurred vision NOS","F48y000","240091000000105","245467","CPRD_AURUM"
"631921000006112","Dull vision NOS","F48y012","246635007","535","CPRD_AURUM"
"622021000006116","Diplopia/double vision","1B72.00","24982008","46812","CPRD_AURUM"
"907781000006114","[RFC] Sudden onset squints/double vision","","907781000006105","65","CPRD_AURUM"
"622011000006112","Diplopia (double vision)","F482.00","24982008","65532","CPRD_AURUM"
"570481000006117","Cloudy vision NOS","F48y011","246636008","3697","CPRD_AURUM"
"3316891000006117","Monocular diplopia","","50446000","18","CPRD_AURUM"
"5233321000006114","Binocular diplopia","","246655008","16","CPRD_AURUM"
"5305081000006111","Homonymous diplopia","","251755005","1","CPRD_AURUM"
"3316921000006111","Double vision in one eye","","50446000","1","CPRD_AURUM"
