"MEDICAL_CODE_ID","DESCRIPTION","READ_CODE","SNOMED_CT_CODE","FREQUENCY","DATABASE"
"746","Blurred vision NOS","F48y000",,"127086","CPRD_GOLD"
"1617","Diplopia","1B72.11",,"40774","CPRD_GOLD"
"3553","Double vision","1B72.12",,"22346","CPRD_GOLD"
"5991","Diplopia/double vision","1B72.00",,"27980","CPRD_GOLD"
"18462","Diplopia (double vision)","F482.00",,"5771","CPRD_GOLD"
"21748","Cloudy vision NOS","F48y011",,"1464","CPRD_GOLD"
"34686","Refractive diplopia","F481E00",,"102","CPRD_GOLD"
"40955","Dull vision NOS","F48y012",,"155","CPRD_GOLD"
