"MEDICAL_CODE_ID","DESCRIPTION","READ_CODE","SNOMED_CT_CODE","FREQUENCY","DATABASE"
"137089018","Premenstrual tension syndrome","K584.00","82639001","574447","CPRD_AURUM"
"907721000006110","[RFC] PMT","","907721000006106","386","CPRD_AURUM"
"112331000006112","Symptom occurs pre-menstrually","1DA2.00","162494006","4896","CPRD_AURUM"
"3844301000006118","PMT - Premenstrual tension","","82639001","2","CPRD_AURUM"
"3844271000006115","Premenstrual tension","","82639001","0","CPRD_AURUM"
"3844311000006115","Premenstrual syndrome","","82639001","2","CPRD_AURUM"
"3844281000006117","PMS","","82639001","1","CPRD_AURUM"
"3844291000006119","PMS - Premenstrual syndrome","","82639001","3","CPRD_AURUM"
"1712801000006117","Premenstrual dysphoric disorder","","1712801000006101","11","CPRD_AURUM"
"2007611000006119","SRH care activity - premenstrual syndrome (PMS) treatment","","2007611000006103","19","CPRD_AURUM"
"1742851000006112","[X]Premenstrual dysphoric disorder","Eu3y200","596004","4774","CPRD_AURUM"
"5901601000006116","Premenstrual breast tenderness","","302003005","7","CPRD_AURUM"
"5469311000006111","Premenstrual","","263845008","3","CPRD_AURUM"
