"MEDICAL_CODE_ID","DESCRIPTION","READ_CODE","SNOMED_CT_CODE","FREQUENCY","DATABASE"
"1N02.00","C/O: hair loss","1N02.00",,"20724","IMRD"
"22D4.00","O/E - loss of hair","22D4.00",,"1926","IMRD"
"22D7.00","O/E - patches of alopecia","22D7.00",,"1291","IMRD"
"22D7.11","O/E - alopecia","22D7.11",,"2716","IMRD"
"22DA.00","O/E - balding","22DA.00",,"1120","IMRD"
"38V8.00","Severity of Alopecia Tool","38V8.00",,"0","IMRD"
"M240.00","Alopecia","M240.00",,"128859","IMRD"
"M240.11","Thinning of hair","M240.11",,"20694","IMRD"
"M240000","Alopecia unspecified","M240000",,"7540","IMRD"
"M240011","Baldness","M240011",,"5634","IMRD"
"M240012","Hair loss","M240012",,"170094","IMRD"
"M240100","Alopecia areata","M240100",,"50517","IMRD"
"M240111","Ophiasis","M240111",,"14","IMRD"
"M240200","Male pattern alopecia","M240200",,"3630","IMRD"
"M240300","Frontal alopecia of women","M240300",,"474","IMRD"
"M240400","Premature alopecia","M240400",,"213","IMRD"
"M240600","Alopecia senilis","M240600",,"26","IMRD"
"M240700","Alopecia febrilis","M240700",,"2","IMRD"
"M240800","Alopecia localis","M240800",,"94","IMRD"
"M240900","Alopecia disseminata","M240900",,"28","IMRD"
"M240A00","Cachectic alopecia","M240A00",,"16","IMRD"
"M240B00","Alopecia totalis","M240B00",,"1759","IMRD"
"M240C00","Alopecia follicularis","M240C00",,"60","IMRD"
"M240D00","Marginal alopecia","M240D00",,"10","IMRD"
"M240E00","Alopecia neurotica","M240E00",,"12","IMRD"
"M240F00","Peroneal alopecia","M240F00",,"0","IMRD"
"M240H00","Alopecia seborrhoeica","M240H00",,"43","IMRD"
"M240K00","Alopecia universalis","M240K00",,"526","IMRD"
"M240L00","Drug-induced androgenic alopecia","M240L00",,"172","IMRD"
"M240M00","Telogen effluvium","M240M00",,"6078","IMRD"
"M240N00","Anagen effluvium","M240N00",,"24","IMRD"
"M240P00","Alopecia mucinosa","M240P00",,"7","IMRD"
"M240U00","Ophiasis","M240U00",,"6","IMRD"
"M240V00","Traction alopecia","M240V00",,"456","IMRD"
"M240z00","Alopecia NOS","M240z00",,"2061","IMRD"
"M24X.00","Cicatricial alopecia, unspecified","M24X.00",,"325","IMRD"
"Myu6200","[X]Other alopecia areata","Myu6200",,"449","IMRD"
"Myu6300","[X]Other androgenic alopecia","Myu6300",,"273","IMRD"
"Myu6400","[X]Other specified nonscarring hair loss","Myu6400",,"6","IMRD"
"Myu6500","[X]Other cicatricial alopecia","Myu6500",,"0","IMRD"
"Myu6E00","[X]Cicatricial alopecia, unspecified","Myu6E00",,"2","IMRD"
