"MEDICAL_CODE_ID","DESCRIPTION","READ_CODE","SNOMED_CT_CODE","FREQUENCY","DATABASE"
"10759012","Ophiasis","M240U00","5860009","33","CPRD_AURUM"
"45781013","Alopecia mucinosa","M240P00","27382006","67","CPRD_AURUM"
"93649013","Alopecia","M240.00","56317004","288808","CPRD_AURUM"
"93652017","Baldness","M240011","56317004","12201","CPRD_AURUM"
"145676010","Male pattern alopecia","M240200","87872006","24719","CPRD_AURUM"
"253766014","O/E - balding","22DA.00","162804007","3099","CPRD_AURUM"
"309004019","Frontal alopecia of women","M240300","201132008","3735","CPRD_AURUM"
"309005018","Premature alopecia","M240400","201133003","309","CPRD_AURUM"
"309007014","Alopecia senilis","M240600","201135005","311","CPRD_AURUM"
"309008016","Alopecia febrilis","M240700","201136006","18","CPRD_AURUM"
"309009012","Alopecia localis","M240800","201137002","593","CPRD_AURUM"
"309013017","Alopecia neurotica","M240E00","201141003","49","CPRD_AURUM"
"309015012","Alopecia seborrhoeica","M240H00","201143000","133","CPRD_AURUM"
"309019018","Drug-induced androgenic alopecia","M240L00","201146008","295","CPRD_AURUM"
"402446018","O/E - patches of alopecia","22D7.00","268921005","19826","CPRD_AURUM"
"411926011","O/E - alopecia","22D7.11","275950000","4151","CPRD_AURUM"
"889461000006114","Alopecia - baldness","M240.99","56317004","5050","CPRD_AURUM"
"1776421000006115","Reason for referral: Alopecia","","1776421000006104","4","CPRD_AURUM"
"2404771000000114","Severity of Alopecia Tool","38V8.00","939351000000108","2","CPRD_AURUM"
"1775531012","Hypogonadism, diabetes mellitus, alopecia, mental retardation and electrocardiographic abnormalities","","237616002","0","CPRD_AURUM"
"309031016","Alopecia NOS","M240z00","56317004","5534","CPRD_AURUM"
"309357012","[X]Other cicatricial alopecia","Myu6500","238714008","137","CPRD_AURUM"
"309367019","[X]Cicatricial alopecia, unspecified","Myu6E00","400088006","865","CPRD_AURUM"
"44741000006112","Ophiasis","M240111","5860009","22","CPRD_AURUM"
"105811000006118","Thinning of hair","M240.11","247541001","127671","CPRD_AURUM"
"221371000000118","Hair loss","M240012","278040002","478302","CPRD_AURUM"
"478201000006118","Alopecia disseminata","M240900","201138007","200","CPRD_AURUM"
"557231000006116","Cicatricial alopecia, unspecified","M24X.00","400088006","1183","CPRD_AURUM"
"717951000006113","Marginal alopecia","M240D00","5860009","27","CPRD_AURUM"
"5508061000006114","On examination - patches of alopecia","","268921005","0","CPRD_AURUM"
"3609961000006118","Alopecia circumscripta","","68225006","0","CPRD_AURUM"
"2593021000006114","Ophiasic alopecia areata","","5860009","4","CPRD_AURUM"
"3609971000006113","Patchy loss of hair","","68225006","0","CPRD_AURUM"
"3928101000006117","Androgenetic alopecia","","87872006","59","CPRD_AURUM"
"3900871000006113","Universal alopecia areata","","86166000","0","CPRD_AURUM"
"6634391000006113","Alopecia cicatrisata","","400088006","0","CPRD_AURUM"
"3928051000006117","Common baldness","","87872006","0","CPRD_AURUM"
"4807201000006114","Drug induced androgenic alopecia","","201146008","0","CPRD_AURUM"
"3609981000006111","Circumscribed alopecia","","68225006","0","CPRD_AURUM"
"3609991000006114","AA - Alopecia areata","","68225006","2","CPRD_AURUM"
"3674011000006114","Anti-alopecia factor","","72164009","0","CPRD_AURUM"
"4552561000006116","On examination - loss of hair","","162797000","0","CPRD_AURUM"
"6748841000006110","Complaining of hair loss","","407551001","0","CPRD_AURUM"
"8341091000006113","SALT - Severity of Alopecia Tool","","939351000000108","0","CPRD_AURUM"
"5579111000006111","On examination - alopecia","","275950000","0","CPRD_AURUM"
"4807111000006118","Diffuse alopecia","","201138007","100","CPRD_AURUM"
"309011015","Cachectic alopecia","M240A00","201139004","43","CPRD_AURUM"
"33266015","Alopecia totalis","M240B00","19754005","5365","CPRD_AURUM"
"66219018","Telogen effluvium","M240M00","39479004","21655","CPRD_AURUM"
"112148018","Traction alopecia","M240V00","67488005","2803","CPRD_AURUM"
"309354017","[X]Other alopecia areata","Myu6200","68225006","9193","CPRD_AURUM"
"309355016","[X]Other androgenic alopecia","Myu6300","87872006","9215","CPRD_AURUM"
"309356015","[X]Other specified nonscarring hair loss","Myu6400","238725004","248","CPRD_AURUM"
"3928091000006111","Pattern baldness","","87872006","10","CPRD_AURUM"
"3415101000006119","Bald","","56317004","0","CPRD_AURUM"
"3597991000006112","Traumatic alopecia","","67488005","18","CPRD_AURUM"
"5125591000006116","Non-scarring hair loss","","238725004","7","CPRD_AURUM"
"4807171000006110","Alopecia seborrheica","","201143000","0","CPRD_AURUM"
"113328010","Alopecia areata","M240100","68225006","201367","CPRD_AURUM"
"142881012","Anagen effluvium","M240N00","86160006","46","CPRD_AURUM"
"5607871000006119","Thinning hair","","278040002","6","CPRD_AURUM"
"5607861000006114","Falling hair","","278040002","0","CPRD_AURUM"
"11914151000006111","[X]Cicatricial alopecia, unspecified","","400088006","0","CPRD_AURUM"
"3928071000006110","Male pattern baldness","","87872006","10","CPRD_AURUM"
"2813721000006114","Total alopecia areata","","19754005","0","CPRD_AURUM"
"2159152014","C/O: hair loss","1N02.00","407551001","80381","CPRD_AURUM"
"309012010","Alopecia follicularis","M240C00","201140002","205","CPRD_AURUM"
"309014011","Peroneal alopecia","M240F00","201142005","3","CPRD_AURUM"
"253754015","O/E - loss of hair","22D4.00","162797000","14394","CPRD_AURUM"
"142888018","Alopecia universalis","M240K00","86166000","2740","CPRD_AURUM"
"399934011","Alopecia unspecified","M240000","56317004","42590","CPRD_AURUM"
"3415111000006116","Hair loss disorder","","56317004","27","CPRD_AURUM"
"6634401000006110","Cicatricial alopecia","","400088006","13","CPRD_AURUM"
"4552661000006115","On examination - balding","","162804007","0","CPRD_AURUM"
"2516001000006111","Female pattern alopecia","","1108009","1","CPRD_AURUM"
"5114021000006117","Vitamin D-dependent rickets type II without alopecia","","237895001","1","CPRD_AURUM"
"8034561000006111","Central centrifugal cicatricial alopecia","","109441000119102","1","CPRD_AURUM"
"6679451000006112","Chronic telogen effluvium","","403328001","4","CPRD_AURUM"
"7756141000006118","Frontal fibrosing alopecia","","717055000","9","CPRD_AURUM"
