"MEDICAL_CODE_ID","DESCRIPTION","READ_CODE","SNOMED_CT_CODE","FREQUENCY","DATABASE"
"685","Alopecia areata","M240100",,"59595","CPRD_GOLD"
"976","Alopecia unspecified","M240000",,"8538","CPRD_GOLD"
"1037","Alopecia","M240.00",,"147133","CPRD_GOLD"
"1942","Hair loss","M240012",,"192403","CPRD_GOLD"
"2154","Alopecia universalis","M240K00",,"595","CPRD_GOLD"
"2449","Alopecia totalis","M240B00",,"2136","CPRD_GOLD"
"4305","Premature alopecia","M240400",,"330","CPRD_GOLD"
"4624","Thinning of hair","M240.11",,"23168","CPRD_GOLD"
"5272","Baldness","M240011",,"6567","CPRD_GOLD"
"5898","Telogen effluvium","M240M00",,"6932","CPRD_GOLD"
"8110","O/E - alopecia","22D7.11",,"2885","CPRD_GOLD"
"9157","Alopecia NOS","M240z00",,"2807","CPRD_GOLD"
"9290","Cicatricial alopecia, unspecified","M24X.00",,"370","CPRD_GOLD"
"11217","Male pattern alopecia","M240200",,"3884","CPRD_GOLD"
"15916","O/E - patches of alopecia","22D7.00",,"1187","CPRD_GOLD"
"16768","Cachectic alopecia","M240A00",,"21","CPRD_GOLD"
"21712","O/E - balding","22DA.00",,"1176","CPRD_GOLD"
"21878","Traction alopecia","M240V00",,"519","CPRD_GOLD"
"22576","C/O: hair loss","1N02.00",,"20735","CPRD_GOLD"
"31692","Frontal alopecia of women","M240300",,"542","CPRD_GOLD"
"36837","O/E - loss of hair","22D4.00",,"1855","CPRD_GOLD"
"36911","Drug-induced androgenic alopecia","M240L00",,"210","CPRD_GOLD"
"41612","Alopecia localis","M240800",,"87","CPRD_GOLD"
"43109","Alopecia disseminata","M240900",,"31","CPRD_GOLD"
"48719","Alopecia seborrhoeica","M240H00",,"53","CPRD_GOLD"
"48735","Alopecia follicularis","M240C00",,"66","CPRD_GOLD"
"50780","Alopecia febrilis","M240700",,"4","CPRD_GOLD"
"51945","Anagen effluvium","M240N00",,"21","CPRD_GOLD"
"52294","Alopecia senilis","M240600",,"27","CPRD_GOLD"
"52957","[X]Other androgenic alopecia","Myu6300",,"256","CPRD_GOLD"
"53782","[X]Other alopecia areata","Myu6200",,"507","CPRD_GOLD"
"59108","Alopecia neurotica","M240E00",,"15","CPRD_GOLD"
"60422","Ophiasis","M240111",,"12","CPRD_GOLD"
"60760","Peroneal alopecia","M240F00",,"1","CPRD_GOLD"
"67626","Marginal alopecia","M240D00",,"11","CPRD_GOLD"
"68076","Alopecia mucinosa","M240P00",,"5","CPRD_GOLD"
"99217","Ophiasis","M240U00",,"4","CPRD_GOLD"
"105191","[X]Other specified nonscarring hair loss","Myu6400",,"5","CPRD_GOLD"
"111205","[X]Cicatricial alopecia, unspecified","Myu6E00",,"4","CPRD_GOLD"
