"MEDICAL_CODE_ID","DESCRIPTION","READ_CODE","SNOMED_CT_CODE","FREQUENCY","DATABASE"
"L63","Alopecia areata","L63","","0","ICD10"
"L630","Alopecia (capitis) totalis","L63.0","","0","ICD10"
"L631","Alopecia universalis","L63.1","","0","ICD10"
"L632","Ophiasis","L63.2","","0","ICD10"
"L638","Other alopecia areata","L63.8","","0","ICD10"
"L639","Alopecia areata, unspecified","L63.9","","0","ICD10"
"L64","Androgenic alopecia","L64","","0","ICD10"
"L640","Drug-induced androgenic alopecia","L64.0","","0","ICD10"
"L648","Other androgenic alopecia","L64.8","","0","ICD10"
"L649","Androgenic alopecia, unspecified","L64.9","","0","ICD10"
"L65","Other nonscarring hair loss","L65","","0","ICD10"
"L650","Telogen effluvium","L65.0","","0","ICD10"
"L651","Anagen effluvium","L65.1","","0","ICD10"
"L652","Alopecia mucinosa","L65.2","","0","ICD10"
"L658","Other specified nonscarring hair loss","L65.8","","0","ICD10"
"L659","Nonscarring hair loss, unspecified","L65.9","","0","ICD10"
"L66","Cicatricial alopecia [scarring hair loss]","L66","","0","ICD10"
"L668","Other cicatricial alopecia","L66.8","","0","ICD10"
"L669","Cicatricial alopecia, unspecified","L66.9","","0","ICD10"
