"MEDICAL_CODE_ID","DESCRIPTION","READ_CODE","SNOMED_CT_CODE","FREQUENCY","DATABASE"
"254249018","O/E - mouth ulcer present","2533.00","163145007","29204","CPRD_AURUM"
"302257010","Major aphthous ulceration","J082100","196531008","7811","CPRD_AURUM"
"483164010","Mouth ulcer","J082.11","26284000","617891","CPRD_AURUM"
"1490680010","Oral aphthae","J082.00","426965005","174037","CPRD_AURUM"
"1786583018","Recurrent aphthous ulceration","J082200","398870000","29601","CPRD_AURUM"
"885661000006114","Aphthous ulcers - mouth ulcers","J082.99","426965005","21565","CPRD_AURUM"
"1010891000006113","Adverse reaction to Preparations For Non-Specific Mouth Ulceration","","1010891000006109","9","CPRD_AURUM"
"1014781000006113","Adverse reaction to Adcortyl In Orabase","","1014781000006109","46","CPRD_AURUM"
"1179131000033113","Adcortyl In Orabase For Mouth Ulcer","","1179131000033109","0","CPRD_AURUM"
"1706691000006112","Adverse reaction to Adcortyl In Orabase For Mouth Ulcer","","1706691000006108","0","CPRD_AURUM"
"302268010","Oral aphthae NOS","J082z00","426965005","12475","CPRD_AURUM"
"419862014","Recurrent mouth ulcers","J082211","723177002","62325","CPRD_AURUM"
"701831000006119","Minor aphthous ulceration","J082000","307772002","95055","CPRD_AURUM"
"822411000006114","Herpetic aphthous ulceration","J082300","319297003","1689","CPRD_AURUM"
"6613321000006118","Recurrent aphthous ulcer","","398870000","269","CPRD_AURUM"
"4783881000006111","Sutton's aphthae","","196535004","0","CPRD_AURUM"
"2920681000006113","Mouth ulceration","","26284000","3","CPRD_AURUM"
"7841391000006119","Recurrent ulcer of mouth","","723177002","516","CPRD_AURUM"
"6076401000006112","Herpetiform aphthae","","319297003","0","CPRD_AURUM"
"4783861000006118","MJAU - Major aphthous ulceration","","196531008","0","CPRD_AURUM"
"5972501000006115","Aphthae minor","","307772002","0","CPRD_AURUM"
"4558581000006111","On examination - mouth ulcer present","","163145007","0","CPRD_AURUM"
"2920661000006115","Ulcer of mouth","","26284000","25067","CPRD_AURUM"
"6076411000006110","Oral herpetiform aphthous ulceration","","319297003","18","CPRD_AURUM"
"5972491000006111","Minor oral aphthous ulceration","","307772002","669","CPRD_AURUM"
"7067021000006119","Aphthous stomatitis","","426965005","1","CPRD_AURUM"
"104731000033116","Adcortyl In Orabase","","104731000033100","0","CPRD_AURUM"
"254248014","O/E - mouth ulcer","2533.11","163145007","17988","CPRD_AURUM"
"2673553014","Aphthous stomatitis","J082400","426965005","30938","CPRD_AURUM"
"6076381000006112","Herpetiform aphthous stomatitis","","319297003","166","CPRD_AURUM"
"7076581000006117","Aphthous ulcer","","427617000","539","CPRD_AURUM"
"7836321000006112","Recurrent aphthous stomatitis","","722781002","1","CPRD_AURUM"
"7076561000006110","Aphthous ulceration","","427617000","13","CPRD_AURUM"
