"MEDICAL_CODE_ID","DESCRIPTION","READ_CODE","SNOMED_CT_CODE","FREQUENCY","DATABASE"
"2533.00","O/E - mouth ulcer present","2533.00",,"5219","IMRD"
"2533.11","O/E - mouth ulcer","2533.11",,"15433","IMRD"
"J082.00","Oral aphthae","J082.00",,"53103","IMRD"
"J082.11","Mouth ulcer","J082.11",,"358696","IMRD"
"J082000","Minor aphthous ulceration","J082000",,"9534","IMRD"
"J082100","Major aphthous ulceration","J082100",,"574","IMRD"
"J082200","Recurrent aphthous ulceration","J082200",,"2344","IMRD"
"J082211","Recurrent mouth ulcers","J082211",,"3181","IMRD"
"J082300","Herpetic aphthous ulceration","J082300",,"203","IMRD"
"J082400","Aphthous stomatitis","J082400",,"3071","IMRD"
"J082z00","Oral aphthae NOS","J082z00",,"3672","IMRD"
