"MEDICAL_CODE_ID","DESCRIPTION","READ_CODE","SNOMED_CT_CODE","FREQUENCY","DATABASE"
"1538","Mouth ulcer","J082.11",,"420506","CPRD_GOLD"
"3904","Oral aphthae","J082.00",,"53207","CPRD_GOLD"
"5003","Aphthous stomatitis","J082400",,"3840","CPRD_GOLD"
"9434","O/E - mouth ulcer","2533.11",,"17003","CPRD_GOLD"
"9609","O/E - mouth ulcer present","2533.00",,"5014","CPRD_GOLD"
"16580","Oral aphthae NOS","J082z00",,"4247","CPRD_GOLD"
"17729","Minor aphthous ulceration","J082000",,"11144","CPRD_GOLD"
"25569","Recurrent aphthous ulceration","J082200",,"2536","CPRD_GOLD"
"33831","Recurrent mouth ulcers","J082211",,"3687","CPRD_GOLD"
"37398","Major aphthous ulceration","J082100",,"636","CPRD_GOLD"
"39702","Herpetic aphthous ulceration","J082300",,"203","CPRD_GOLD"
