"MEDICAL_CODE_ID","DESCRIPTION","READ_CODE","SNOMED_CT_CODE","FREQUENCY","DATABASE"
"762051000006113","Floaters seen","1B74.00","162278001","92108","CPRD_AURUM"
"3412681000006112","Flashes","","56170001","4","CPRD_AURUM"
"4547561000006116","Showers of floaters","","162278001","0","CPRD_AURUM"
"981261000006115","Floaters/flashes","","981261000006104","4838","CPRD_AURUM"
"883601000006112","Vitreous floaters/opacities","F4K2999","15013002","6408","CPRD_AURUM"
"253064016","Flashing lights seen","1B73.00","162277006","47603","CPRD_AURUM"
"4547531000006113","Sees flashes","","162277006","1485","CPRD_AURUM"
"25482013","Vitreous floaters","F4K2900","15013002","129513","CPRD_AURUM"
"3412691000006110","Light flashes","","56170001","2","CPRD_AURUM"
"3516399018","Bilateral vitreous flashes","","349071000119101","1","CPRD_AURUM"
"5252981000006116","Flashing","","248103001","1","CPRD_AURUM"
