"MEDICAL_CODE_ID","DESCRIPTION","READ_CODE","SNOMED_CT_CODE","FREQUENCY","DATABASE"
"1713.00","Productive cough -clear sputum","1713.00",,"82897","IMRD"
"1714.00","Productive cough -green sputum","1714.00",,"180784","IMRD"
"1715.00","Productive cough-yellow sputum","1715.00",,"67619","IMRD"
"1716.00","Productive cough NOS","1716.00",,"154153","IMRD"
"1716.11","Coughing up phlegm","1716.11",,"16516","IMRD"
"172..11","Blood in sputum - symptom","172..11",,"3991","IMRD"
"4E...00","Sputum examination","4E...00",,"2281","IMRD"
"4E...12","Phlegm examination","4E...12",,"1007","IMRD"
"4E3Z.00","Sputum microscopy NOS","4E3Z.00",,"1","IMRD"
"4E3Z.11","Sputum evidence of infection","4E3Z.11",,"35","IMRD"
"7459400","Clearance of secretions of respiratory tract","7459400",,"676","IMRD"
