"MEDICAL_CODE_ID","DESCRIPTION","READ_CODE","SNOMED_CT_CODE","FREQUENCY","DATABASE"
"252351017","Productive cough -clear sputum","1713.00","161923004","438732","CPRD_AURUM"
"252352012","Productive cough -green sputum","1714.00","161924005","1084292","CPRD_AURUM"
"260947016","Sputum examination: normal","4E12.00","167985001","16834","CPRD_AURUM"
"260949018","Sputum examination: abnormal","4E13.00","167986000","6575","CPRD_AURUM"
"260952014","Sputum inspection","4E2..00","167989007","4005","CPRD_AURUM"
"260953016","Sputum appears normal","4E21.00","167990003","18866","CPRD_AURUM"
"260954010","Sputum: excessive - mucoid","4E22.00","167991004","3851","CPRD_AURUM"
"260955011","Sputum: frothy/watery","4E25.00","167992006","483","CPRD_AURUM"
"260959017","Sputum microscopy","4E3..00","992441000000101","38334","CPRD_AURUM"
"260960010","Sputum microscopy: NAD","4E31.00","167996009","2543","CPRD_AURUM"
"261391015","Sputum sent for C/S","4JF5.00","168302007","179291","CPRD_AURUM"
"371081018","Sputum - symptom","171..12","248596009","21755","CPRD_AURUM"
"371085010","Profuse sputum","4E2E011","248599002","95","CPRD_AURUM"
"371087019","Moderate sputum","4E2E100","248600004","8149","CPRD_AURUM"
"371091012","Clear sputum","4E27.00","248604008","13544","CPRD_AURUM"
"404559012","Sputum examination","4E...00","269911007","46288","CPRD_AURUM"
"404869014","Sputum: contains blood","4E24.00","270031000","344","CPRD_AURUM"
"411654018","Sputum evidence of infection","4E3Z.11","275719008","461","CPRD_AURUM"
"414638017","Grey sputum","4E2F.00","277900008","770","CPRD_AURUM"
"414639013","Sputum appearance","4E2A.00","277901007","110784","CPRD_AURUM"
"414646016","Yellow sputum","4E28.00","277907006","10738","CPRD_AURUM"
"457227019","Sputum sample obtained","41D4.00","313338004","22494","CPRD_AURUM"
"493627015","Sputum: fetid/offensive","4E26.00","43516009","82","CPRD_AURUM"
"2694247010","White sputum","4E2D.00","427931002","4301","CPRD_AURUM"
"916261000006110","Sputum sample obtained","","916261000006106","27","CPRD_AURUM"
"917921000006110","Sputum sent for examination","","917921000006106","404","CPRD_AURUM"
"1709221000006117","Sputum culture negative","","1709221000006101","797","CPRD_AURUM"
"1709271000006116","Copious sputum","","1709271000006100","90","CPRD_AURUM"
"1709301000006119","Scanty sputum","","1709301000006103","46","CPRD_AURUM"
"1709321000006112","White sputum","","1709321000006108","178","CPRD_AURUM"
"1803501000006112","Test request : Sputum culture","4E4..00","1803501000006108","11045","CPRD_AURUM"
"1803511000006110","Test request : Sputum microscopy","4E3..00","1803511000006106","1282","CPRD_AURUM"
"1834121000006118","Pale green sputum","","1834121000006102","2","CPRD_AURUM"
"1838091000006112","Other sputum isolate identified","","1838091000006108","16","CPRD_AURUM"
"2226161000000119","Dark green sputum","4E29000","860741000000100","806","CPRD_AURUM"
"2226201000000110","Pale green sputum","4E29100","860761000000104","529","CPRD_AURUM"
"2291621000000117","Acid-fast bacillus sputum smear negative","4E3A.00","889721000000102","259","CPRD_AURUM"
"2011201000006111","OH respiratory questionnaire: phlegm first thing in morning in winter - Yes","","2011201000006107","0","CPRD_AURUM"
"2011281000006119","OH respiratory questionnaire: phlegm most days as much as 3 months/year - Yes","","2011281000006103","0","CPRD_AURUM"
"2011301000006115","OH respiratory questionnaire: increased cough/phlegm > 3 weeks in past 3 years - Yes","","2011301000006104","0","CPRD_AURUM"
"2011241000006113","OH respiratory questionnaire: usually bring up phlegm during night - Yes","","2011241000006109","0","CPRD_AURUM"
"2011361000006119","OH respiratory questionnaire: more phlegm than usual when chest illness - Yes","","2011361000006103","0","CPRD_AURUM"
"1717181000006115","Mucus sample","","258483004","44","CPRD_AURUM"
"260945012","Sputum examination - general","4E1..00","269911007","5116","CPRD_AURUM"
"260951019","Sputum gen. exam. NOS","4E1Z.00","269911007","927","CPRD_AURUM"
"260976018","Sputum examination NOS","4EZ..00","269911007","2108","CPRD_AURUM"
"317414017","[D]Abnormal sputum","R064.00","274708000","5214","CPRD_AURUM"
"317415016","[D]Sputum abnormal - amount","R064000","271826006","1538","CPRD_AURUM"
"317417012","[D]Sputum abnormal - colour","R064100","271827002","2111","CPRD_AURUM"
"317420016","[D]Abnormal sputum - tenacious","R064300","274708000","363","CPRD_AURUM"
"317421017","[D]Abnormal sputum NOS","R064z00","274708000","309","CPRD_AURUM"
"317877011","[D]Positive culture findings in sputum","R153100","442773002","8777","CPRD_AURUM"
"397882011","Productive cough NOS","1716.00","28743005","454531","CPRD_AURUM"
"131741000006116","Sputum culture","4E4..00","104173009","67132","CPRD_AURUM"
"231621000006117","Phlegm examination","4E...12","269911007","1273","CPRD_AURUM"
"598431000006113","Coughing up phlegm","1716.11","28743005","127177","CPRD_AURUM"
"646521000006110","Eosinophils: sputum","4E32.11","167997000","3250","CPRD_AURUM"
"371084014","Volume of sputum","4E2E.00","248598005","1496","CPRD_AURUM"
"317418019","[D]Sputum abnormal - odour","R064200","271828007","31","CPRD_AURUM"
"517961000006114","Blood in sputum - haemoptysis","172..00","66857006","114550","CPRD_AURUM"
"3200981000006117","Expectoration of foul smelling sputum","","43516009","0","CPRD_AURUM"
"3201001000006118","Fetid sputum","","43516009","0","CPRD_AURUM"
"5606201000006111","Appearance of sputum","","277901007","0","CPRD_AURUM"
"2961951000006114","Moist cough","","28743005","0","CPRD_AURUM"
"2961941000006112","Loose cough","","28743005","0","CPRD_AURUM"
"5606181000006110","Gray sputum","","277900008","0","CPRD_AURUM"
"3495711000006118","Expectoration of blood tinged sputum","","61281005","0","CPRD_AURUM"
"5530041000006118","Sputum abnormal - odour","","271828007","0","CPRD_AURUM"
"12451331000006110","Sputum: frothy/watery","","167992006","3","CPRD_AURUM"
"2011321000006113","OH respiratory questionnaire: > 1 cough/phlegm episode in past 3 years - Yes","","2011321000006109","0","CPRD_AURUM"
"2011261000006112","OH respiratory questionnaire: usually bring up phlegm in winter - Yes","","2011261000006108","0","CPRD_AURUM"
"1978731000006116","Excessive respiratory secretions","","1978731000006100","686","CPRD_AURUM"
"1709281000006118","Moderate sputum","","1709281000006102","33","CPRD_AURUM"
"411653012","Mucoid sputum - O/E","4E...11","275718000","485","CPRD_AURUM"
"260946013","Sputum sent for examination","4E11.00","167984002","31663","CPRD_AURUM"
"260964018","Sputum: blood cells present","4E35.00","168000008","101","CPRD_AURUM"
"260965017","Sputum: pus cells present","4E36.00","168001007","2440","CPRD_AURUM"
"261629017","Sputum cytology","4KC..00","168476005","7271","CPRD_AURUM"
"131721000006111","Sputum appears infected","4E3Z.12","275719008","7660","CPRD_AURUM"
"4609931000006113","Sputum microscopy: no abnormality detected","","167996009","0","CPRD_AURUM"
"11989411000006117","Sputum abnormal - odor","","271828007","0","CPRD_AURUM"
"5259651000006111","Sputum volume","","248598005","78","CPRD_AURUM"
"3200971000006115","Foul smelling sputum","","43516009","2","CPRD_AURUM"
"260958013","Sputum inspection NOS","4E2Z.00","167989007","500","CPRD_AURUM"
"1717261000006118","Sputum specimen","","119334006","301","CPRD_AURUM"
"1834111000006114","Dark green sputum","","1834111000006105","2","CPRD_AURUM"
"1709291000006115","No sputum","","1709291000006104","1341","CPRD_AURUM"
"1709311000006116","Brown sputum","","1709311000006100","87","CPRD_AURUM"
"1763591000006115","Sputum culture mycobacterium tuberculosis negative","","1763591000006104","118","CPRD_AURUM"
"2676001019","Clearance of secretions of respiratory tract","7459400","427391006","2341","CPRD_AURUM"
"260950018","Sputum - not infected","4E14.00","167987009","2130","CPRD_AURUM"
"132001000006112","Sputum: mucopurulent","4E23.00","8955008","12979","CPRD_AURUM"
"404561015","Sputum microscopy NOS","4E3Z.00","167995008","2792","CPRD_AURUM"
"4316181000006110","Sputum sample","","119334006","4","CPRD_AURUM"
"5530031000006111","Sputum abnormal - color","","271827002","0","CPRD_AURUM"
"4609911000006119","Microscopic examination of sputum specimen","","167995008","0","CPRD_AURUM"
"11905721000006116","Sputum abnormal - odor","","271828007","0","CPRD_AURUM"
"2961961000006111","Producing sputum","","28743005","86","CPRD_AURUM"
"2011221000006118","OH respiratory questionnaire: usually bring up phlegm during day - Yes","","2011221000006102","0","CPRD_AURUM"
"1970541000006118","COPD assessment test score - phlegm (mucus)","","1970541000006102","14205","CPRD_AURUM"
"3200991000006119","Putrid sputum","","43516009","0","CPRD_AURUM"
"1819551000006111","History of productive cough","","1819551000006107","1","CPRD_AURUM"
"961811000006117","Abnormal sputum","","961811000006101","40","CPRD_AURUM"
"917911000006119","Sputum sent for C/S","","917911000006103","1245","CPRD_AURUM"
"371086011","Copious sputum","4E2E000","248599002","1028","CPRD_AURUM"
"371088012","Scanty sputum","4E2E300","248601000","1902","CPRD_AURUM"
"414647013","Green sputum","4E29.00","277908001","18852","CPRD_AURUM"
"414649011","Brown sputum","4E2C.00","277910004","1998","CPRD_AURUM"
"252353019","Productive cough-yellow sputum","1715.00","161925006","585430","CPRD_AURUM"
"260961014","Sputum: eosinophilia","4E32.00","167997000","76","CPRD_AURUM"
"517971000006119","Blood in sputum - symptom","172..11","66857006","5771","CPRD_AURUM"
"2896341000006110","Rusty sputum","","24816000","1","CPRD_AURUM"
"3613291000006118","Frothy sputum","","68423001","7","CPRD_AURUM"
"5259751000006118","Dirty sputum","","248605009","11","CPRD_AURUM"
"5562951000006112","Blood in sputum O/E","","274399004","26","CPRD_AURUM"
"5891531000006117","Frank blood in sputum","","301290008","11","CPRD_AURUM"
"5259591000006116","Sputum finding","","248595008","127","CPRD_AURUM"
"5891521000006115","Pluggy sputum","","301289004","3","CPRD_AURUM"
"5606231000006115","Thin sputum","","277904004","19","CPRD_AURUM"
"5991291000006111","O/E - sputum","","309651002","2","CPRD_AURUM"
"3343381000006110","Phlegm","","52024008","4","CPRD_AURUM"
"2606811000006110","Blood streaked sputum","","6686005","13","CPRD_AURUM"
"3238301000006118","Sputum","","45710003","157","CPRD_AURUM"
"3548901000006110","Mucoid sputum","","64503007","2","CPRD_AURUM"
"5469271000006111","Phlegmonous","","263840003","5","CPRD_AURUM"
"5891541000006110","Watery sputum","","301291007","1","CPRD_AURUM"
"6213641000006118","Chronic mucus hypersecretion","","360470001","61","CPRD_AURUM"
"3180091000006119","Purulent sputum","","42192008","44","CPRD_AURUM"
"4316191000006113","Coughed sputum specimen","","119335007","13","CPRD_AURUM"
"5606221000006118","Thick sputum","","277903005","58","CPRD_AURUM"
"5606211000006114","Stringy sputum","","277902000","1","CPRD_AURUM"
"5606131000006114","Colour of sputum","","277896005","7","CPRD_AURUM"
"5259721000006110","Consistency of sputum","","248603002","24","CPRD_AURUM"
"3107171000006119","Collection of sputum","","37705003","9","CPRD_AURUM"
"5606261000006112","Creamy sputum","","277906002","41","CPRD_AURUM"
"3308021000006113","Mucus","","49909006","2","CPRD_AURUM"
"4943451000006119","Able to cough up sputum","","225576006","16","CPRD_AURUM"
"5890991000006118","Does cough up sputum","","301246003","8","CPRD_AURUM"
