"MEDICAL_CODE_ID","DESCRIPTION","READ_CODE","SNOMED_CT_CODE","FREQUENCY","DATABASE"
"1234","Productive cough NOS","1716.00",,"174189","CPRD_GOLD"
"3645","Coughing up phlegm","1716.11",,"20550","CPRD_GOLD"
"7706","Productive cough -clear sputum","1713.00",,"92789","CPRD_GOLD"
"7708","Productive cough-yellow sputum","1715.00",,"67212","CPRD_GOLD"
"7773","Productive cough -green sputum","1714.00",,"178893","CPRD_GOLD"
"22449","Phlegm examination","4E...12",,"2174","CPRD_GOLD"
"24181","Sputum: mucopurulent","4E23.00",,"14884","CPRD_GOLD"
"86765","Clearance of secretions of respiratory tract","7459400",,"741","CPRD_GOLD"
"104860","Scanty sputum","4E2E300",,"188","CPRD_GOLD"
"107359","Dark green sputum","4E29000",,"2","CPRD_GOLD"
"109879","Pale green sputum","4E29100",,"4","CPRD_GOLD"
