"MEDICAL_CODE_ID","DESCRIPTION","READ_CODE","SNOMED_CT_CODE","FREQUENCY","DATABASE"
"149","[D]Rash and other nonspecific skin eruption NOS","R021z00",,"1379896","CPRD_GOLD"
"472","[D]Rash and other nonspecific skin eruption","R021.00",,"480475","CPRD_GOLD"
"1243","O/E - allergic rash","2227.11",,"228255","CPRD_GOLD"
"1434","Erythematous conditions","M15..00",,"11235","CPRD_GOLD"
"2411","Erythema multiforme","M151.00",,"33020","CPRD_GOLD"
"4083","O/E - a rash","2I14.00",,"159913","CPRD_GOLD"
"4277","O/E - itchy rash","2227.12",,"184358","CPRD_GOLD"
"4703","C/O: a rash","1D14.00",,"3879553","CPRD_GOLD"
"5041","Non specific viral rash","A57z.11",,"198760","CPRD_GOLD"
"5894","Viral diseases with exanthem","A5...00",,"22617","CPRD_GOLD"
"6293","Vesicular rash","M2y4211",,"5627","CPRD_GOLD"
"6337","O/E - rash present","2227.00",,"242429","CPRD_GOLD"
"9104","O/E - erythematous rash","2FU..00",,"13561","CPRD_GOLD"
"10014","O/E - scalp rash","2FW0.00",,"36274","CPRD_GOLD"
"12190","O/E - skin red","2FM0.00",,"5958","CPRD_GOLD"
"14864","Erythematous conditions NOS","M15z.00",,"2641","CPRD_GOLD"
"14932","Other erythematous conditions NOS","M15yz00",,"5568","CPRD_GOLD"
"15153","Other viral exanthemata","A57..00",,"6843","CPRD_GOLD"
"16088","Other viral exanthemata NOS","A57z.00",,"9747","CPRD_GOLD"
"17197","O/E - mouth rash","2536.00",,"1533","CPRD_GOLD"
"18607","Non-blanching rash","2I1C.00",,"2824","CPRD_GOLD"
"18610","Vesicular eruption","M2y4200",,"1941","CPRD_GOLD"
"19289","Generalized skin eruption due to drugs and medicaments","M130000",,"1100","CPRD_GOLD"
"19451","[D]Rash on genitals","R021100",,"984","CPRD_GOLD"
"20967","Viral diseases with exanthemata NOS","A5z..00",,"479","CPRD_GOLD"
"22040","Localized skin eruption due to drugs and medicaments","M130100",,"361","CPRD_GOLD"
"25702","Blanching rash","2I1B.00",,"3318","CPRD_GOLD"
"43147","Other specified erythematous conditions","M15y.00",,"158","CPRD_GOLD"
"43630","Other specified viral exanthemata","A57y.00",,"25","CPRD_GOLD"
"48613","Erythema multiforme NOS","M151z00",,"555","CPRD_GOLD"
"49258","[X]Other specified erythematous conditions","Myu4300",,"24","CPRD_GOLD"
"51002","Enteroviral exanthematous fever","A4y1.00",,"79","CPRD_GOLD"
"53023","Other specified viral diseases with exanthemata","A5y..00",,"147","CPRD_GOLD"
"55393","Other specified viral exanthemata NOS","A57yz00",,"61","CPRD_GOLD"
"62642","[X]Other erythema multiforme","Myu4100",,"10","CPRD_GOLD"
"64124","Nonbullous erythema multiforme","M151900",,"14","CPRD_GOLD"
"70591","Other specified erythema multiforme","M151y00",,"29","CPRD_GOLD"
"95692","[X]Symptoms & signs involving the skin & subcutaneous tiss","Ryu2.00",,"7","CPRD_GOLD"
"107493","Vulval rash","15J..00",,"750","CPRD_GOLD"
