"MEDICAL_CODE_ID","DESCRIPTION","READ_CODE","SNOMED_CT_CODE","FREQUENCY","DATABASE"
"61243016","Erythema multiforme","M151.00","36715001","72401","CPRD_AURUM"
"128598018","Enteroviral exanthematous fever","A4y1.00","77470003","154","CPRD_AURUM"
"402428012","O/E - rash present","2227.00","268911002","910515","CPRD_AURUM"
"411931013","O/E - allergic rash","2227.11","275955005","294833","CPRD_AURUM"
"504248010","Vesicular eruption","M2y4200","79893008","4995","CPRD_AURUM"
"1488821014","O/E - scalp rash","2FW0.00","395122007","33136","CPRD_AURUM"
"1780198019","Non-blanching rash","2I1C.00","400991008","11111","CPRD_AURUM"
"959831000006119","Rash","","959831000006103","25348","CPRD_AURUM"
"256131014","O/E - a rash","2I14.00","271807003","543737","CPRD_AURUM"
"308637011","Generalized skin eruption due to drugs and medicaments","M130000","200892002","1714","CPRD_AURUM"
"308640011","Localized skin eruption due to drugs and medicaments","M130100","200893007","873","CPRD_AURUM"
"308685012","Other specified erythema multiforme","M151y00","36715001","148","CPRD_AURUM"
"308686013","Erythema multiforme NOS","M151z00","36715001","1886","CPRD_AURUM"
"308710015","Other specified erythematous conditions","M15y.00","86735004","616","CPRD_AURUM"
"317166015","[D]Rash and other nonspecific skin eruption","R021.00","271807003","2809276","CPRD_AURUM"
"317170011","[D]Rash on genitals","R021100","442279002","11932","CPRD_AURUM"
"317171010","[D]Rash and other nonspecific skin eruption NOS","R021z00","271807003","1107977","CPRD_AURUM"
"395352011","Other viral exanthemata NOS","A57z.00","49882001","32272","CPRD_AURUM"
"67821000006111","Vesicular rash","M2y4211","79893008","16485","CPRD_AURUM"
"275861000006111","O/E - skin red","2FM0.00","164424003","9760","CPRD_AURUM"
"586511000006118","Nonbullous erythema multiforme","M151900","238818000","104","CPRD_AURUM"
"648431000006110","Erythematous conditions","M15..00","86735004","18290","CPRD_AURUM"
"5244091000006111","Erythema","","247441003","2033","CPRD_AURUM"
"3799341000006111","Vesicular rash","","79893008","45","CPRD_AURUM"
"3543241000006113","Itchy skin eruption","","64144002","5","CPRD_AURUM"
"6551301000006111","On examination - scalp rash","","395122007","0","CPRD_AURUM"
"5126751000006112","Nonbullous erythema multiforme","","238818000","0","CPRD_AURUM"
"5338651000006110","Bullous rash of hand","","254175006","0","CPRD_AURUM"
"11871551000006117","Redness of skin","","247441003","39","CPRD_AURUM"
"7531351000006110","Rash of vulva","","700127007","16","CPRD_AURUM"
"4511261000006116","On examination - erythematous rash","","135888007","1","CPRD_AURUM"
"3766341000006117","Burn erythema of multiple sites","","77830003","1","CPRD_AURUM"
"3091841000006119","EM - Erythema multiforme","","36715001","0","CPRD_AURUM"
"5579211000006117","On examination - allergic rash","","275955005","0","CPRD_AURUM"
"3694201000006111","Erythema multiforme major","","73442001","0","CPRD_AURUM"
"5126741000006110","Non-bullous erythema multiforme","","238818000","10","CPRD_AURUM"
"5529691000006111","Rash","","271807003","44","CPRD_AURUM"
"4558621000006111","On examination - mouth rash","","163148009","0","CPRD_AURUM"
"4805341000006111","Generalized skin eruption caused by drug and medicament","","200892002","0","CPRD_AURUM"
"4805361000006110","Localised skin eruption caused by drug and medicament","","200893007","55","CPRD_AURUM"
"5529671000006110","Skin rash","","271807003","143","CPRD_AURUM"
"3631841000006116","Erythema chronicum migrans skin condition","","69588003","0","CPRD_AURUM"
"4580261000006114","On examination - skin red","","164424003","0","CPRD_AURUM"
"5244101000006117","Erythema - observation","","247441003","0","CPRD_AURUM"
"5529721000006118","Eruption of skin","","271807003","2","CPRD_AURUM"
"3694181000006110","Erythema multiforme exudativum","","73442001","0","CPRD_AURUM"
"286794016","Other specified viral exanthemata NOS","A57yz00","186504007","75","CPRD_AURUM"
"587311000006114","Non specific viral rash","A57z.11","186504007","324362","CPRD_AURUM"
"894701000006118","Morbilliform rash","R021099","496451000000100","163","CPRD_AURUM"
"446685017","O/E - itchy rash","2227.12","304386008","809013","CPRD_AURUM"
"254255011","O/E - mouth rash","2536.00","163148009","2136","CPRD_AURUM"
"61141000006116","Viral diseases with exanthem","A5...00","186504007","50133","CPRD_AURUM"
"286786011","Other viral exanthemata","A57..00","49882001","43607","CPRD_AURUM"
"5529681000006113","Skin eruption","","271807003","25","CPRD_AURUM"
"3307621000006118","Viral rash","","49882001","1322","CPRD_AURUM"
"4805311000006112","Generalised skin eruption caused by drug and medicament","","200892002","38","CPRD_AURUM"
"5507781000006115","On examination - rash present","","268911002","0","CPRD_AURUM"
"1861111000006119","O/E - vulval rash","","1861111000006103","354","CPRD_AURUM"
"905691000006110","[RFC] Rashes","","905691000006106","8021","CPRD_AURUM"
"253265012","C/O: a rash","1D14.00","162415008","6506148","CPRD_AURUM"
"286787019","Other specified viral exanthemata","A57y.00","186504007","134","CPRD_AURUM"
"3301481000006110","Burn erythema of multiple sites of upper limb","","49523001","1","CPRD_AURUM"
"3952911000006118","Burn erythema of multiple sites of lower limb","","89390009","0","CPRD_AURUM"
"5928651000006118","On examination - itchy rash","","304386008","2","CPRD_AURUM"
"286799014","Viral diseases with exanthemata NOS","A5z..00","186504007","2243","CPRD_AURUM"
"308724016","Erythematous conditions NOS","M15z.00","86735004","12271","CPRD_AURUM"
"309339011","[X]Other erythema multiforme","Myu4100","36715001","154","CPRD_AURUM"
"309341012","[X]Other specified erythematous conditions","Myu4300","86735004","318","CPRD_AURUM"
"2279851000000117","Vulval rash","15J..00","700127007","1817","CPRD_AURUM"
"4805401000006117","Localized skin eruption caused by drug and medicament","","200893007","0","CPRD_AURUM"
"4548521000006114","Complaining of a rash","","162415008","0","CPRD_AURUM"
"1780197012","Blanching rash","2I1B.00","400990009","43093","CPRD_AURUM"
"216658016","O/E - erythematous rash","2FU..00","135888007","44056","CPRD_AURUM"
"399921010","Other erythematous conditions NOS","M15yz00","86735004","4871","CPRD_AURUM"
"286798018","Other specified viral diseases with exanthemata","A5y..00","186504007","153","CPRD_AURUM"
"5528981000006110","Bullous rash","","271759003","1","CPRD_AURUM"
"5683631000006113","Purpuric rash","","284078000","42","CPRD_AURUM"
"2932281000006114","Vasculitic rash","","27006004","3","CPRD_AURUM"
"12484311000006110","Nonspecific viral rash","","421512008","2","CPRD_AURUM"
"7819321000006110","Acute blistering skin eruption","","721542002","2","CPRD_AURUM"
"3959031000006118","Macular rash","","89757007","3","CPRD_AURUM"
"7865491000006116","Generalised rash","","725119006","1","CPRD_AURUM"
"2571181000006117","Papulovesicular eruption","","4538007","1","CPRD_AURUM"
"5244341000006117","Blistering rash","","247464001","5","CPRD_AURUM"
"5244451000006110","Maculopapular rash","","247471006","4","CPRD_AURUM"
"5589591000006119","Phototherapy skin rash","","276719000","2","CPRD_AURUM"
"7862581000006111","Localised eruption of skin","","724877007","1","CPRD_AURUM"
"2844041000006114","Allergic skin rash","","21626009","5","CPRD_AURUM"
"5123841000006114","Papular, squamous and granulomatous eruptions of skin","","238599004","8","CPRD_AURUM"
"3277541000006110","Pustular rash","","48055004","1","CPRD_AURUM"
"4212171000006119","Rash","","112625008","3228","CPRD_AURUM"
"7012601000006118","Petechial rash","","423716004","3","CPRD_AURUM"
"3652061000006115","Papular rash","","70831001","1","CPRD_AURUM"
