"MEDICAL_CODE_ID","DESCRIPTION","READ_CODE","SNOMED_CT_CODE","FREQUENCY","DATABASE"
"15J..00","Vulval rash","15J..00",,"738","IMRD"
"1D14.00","C/O: a rash","1D14.00",,"3659736","IMRD"
"2227.00","O/E - rash present","2227.00",,"228010","IMRD"
"2227.11","O/E - allergic rash","2227.11",,"172475","IMRD"
"2227.12","O/E - itchy rash","2227.12",,"162237","IMRD"
"2536.00","O/E - mouth rash","2536.00",,"1250","IMRD"
"2FM0.00","O/E - skin red","2FM0.00",,"5386","IMRD"
"2FU..00","O/E - erythematous rash","2FU..00",,"11920","IMRD"
"2FW0.00","O/E - scalp rash","2FW0.00",,"35694","IMRD"
"2I14.00","O/E - a rash","2I14.00",,"121319","IMRD"
"2I1B.00","Blanching rash","2I1B.00",,"2777","IMRD"
"2I1C.00","Non-blanching rash","2I1C.00",,"2490","IMRD"
"A4y1.00","Enteroviral exanthematous fever","A4y1.00",,"71","IMRD"
"A5...00","Viral diseases with exanthem","A5...00",,"19603","IMRD"
"A57..00","Other viral exanthemata","A57..00",,"6732","IMRD"
"A57y.00","Other specified viral exanthemata","A57y.00",,"24","IMRD"
"A57yz00","Other specified viral exanthemata NOS","A57yz00",,"53","IMRD"
"A57z.00","Other viral exanthemata NOS","A57z.00",,"9188","IMRD"
"A57z.11","Non specific viral rash","A57z.11",,"173216","IMRD"
"A5y..00","Other specified viral diseases with exanthemata","A5y..00",,"140","IMRD"
"A5z..00","Viral diseases with exanthemata NOS","A5z..00",,"489","IMRD"
"M130000","Generalized skin eruption due to drugs and medicaments","M130000",,"908","IMRD"
"M130100","Localized skin eruption due to drugs and medicaments","M130100",,"305","IMRD"
"M15..00","Erythematous conditions","M15..00",,"9034","IMRD"
"M151.00","Erythema multiforme","M151.00",,"28475","IMRD"
"M151900","Nonbullous erythema multiforme","M151900",,"7","IMRD"
"M151y00","Other specified erythema multiforme","M151y00",,"27","IMRD"
"M151z00","Erythema multiforme NOS","M151z00",,"510","IMRD"
"M15y.00","Other specified erythematous conditions","M15y.00",,"136","IMRD"
"M15yz00","Other erythematous conditions NOS","M15yz00",,"4187","IMRD"
"M15z.00","Erythematous conditions NOS","M15z.00",,"2457","IMRD"
"M2y4200","Vesicular eruption","M2y4200",,"1805","IMRD"
"M2y4211","Vesicular rash","M2y4211",,"4813","IMRD"
"Myu4100","[X]Other erythema multiforme","Myu4100",,"16","IMRD"
"Myu4300","[X]Other specified erythematous conditions","Myu4300",,"15","IMRD"
"R021.00","[D]Rash and other nonspecific skin eruption","R021.00",,"436729","IMRD"
"R021100","[D]Rash on genitals","R021100",,"836","IMRD"
"R021z00","[D]Rash and other nonspecific skin eruption NOS","R021z00",,"1043483","IMRD"
"Ryu2.00","[X]Symptoms & signs involving the skin & subcutaneous tiss","Ryu2.00",,"3","IMRD"
