"MEDICAL_CODE_ID","DESCRIPTION","READ_CODE","SNOMED_CT_CODE","FREQUENCY","DATABASE"
"A880","Enteroviral exanthematous fever [Boston exanthem]","A88.0","","0","ICD10"
"L270","Generalized skin eruption due to drugs and medicaments","L27.0","","0","ICD10"
"L271","Localized skin eruption due to drugs and medicaments","L27.1","","0","ICD10"
"L51","Erythema multiforme","L51","","0","ICD10"
"L510","Nonbullous erythema multiforme","L51.0","","0","ICD10"
"L511","Bullous erythema multiforme","L51.1","","0","ICD10"
"L518","Other erythema multiforme","L51.8","","0","ICD10"
"L519","Erythema multiforme, unspecified","L51.9","","0","ICD10"
"L53","Other erythematous conditions","L53","","0","ICD10"
"L538","Other specified erythematous conditions","L53.8","","0","ICD10"
"L539","Erythematous condition, unspecified","L53.9","","0","ICD10"
"R21X","Rash and other nonspecific skin eruption","R21","","0","ICD10"
