"MEDICAL_CODE_ID","DESCRIPTION","READ_CODE","SNOMED_CT_CODE","FREQUENCY","DATABASE"
"16J0.00","Swollen calf","16J0.00",,"11777","IMRD"
"16J7.00","Swollen foot","16J7.00",,"36407","IMRD"
"1832.00","Ankle swelling","1832.00",,"152881","IMRD"
"1832.11","Ankle swelling symptom","1832.11",,"232767","IMRD"
"1833.00","Leg swelling","1833.00",,"20410","IMRD"
"1833.11","Leg swelling symptom","1833.11",,"166911","IMRD"
"1839.00","Oedema of calf","1839.00",,"179","IMRD"
"183A.00","Worsening peripheral oedema","183A.00",,"65","IMRD"
"22C2.00","O/E - oedema of ankles","22C2.00",,"23336","IMRD"
"22C2.11","O/E - ankle oedema","22C2.11",,"187922","IMRD"
"22C3.00","O/E - oedema of feet","22C3.00",,"8242","IMRD"
"22C3.11","O/E - foot oedema","22C3.11",,"2071","IMRD"
"22C4.00","O/E - oedema of legs","22C4.00",,"16433","IMRD"
"22C4.11","O/E - leg oedema","22C4.11",,"32825","IMRD"
"22C4000","Unilateral leg oedema","22C4000",,"2873","IMRD"
"N247000","Swelling of limb","N247000",,"55087","IMRD"
"N247011","Swelling of calf","N247011",,"24671","IMRD"
"N247012","Swollen lower leg","N247012",,"62918","IMRD"
"N247013","Swollen legs","N247013",,"43746","IMRD"
"R023400","[D]Peripheral oedema","R023400",,"464265","IMRD"
"ZR3R.11","CLASP ankle swelling score","ZR3R.11",,"971","IMRD"
