"MEDICAL_CODE_ID","DESCRIPTION","READ_CODE","SNOMED_CT_CODE","FREQUENCY","DATABASE"
"132837018","Swelling of limb","N247000","80068009","61745","CPRD_AURUM"
"253710014","O/E - ankle oedema","22C2.11","162781005","226637","CPRD_AURUM"
"253715016","O/E - oedema of feet","22C3.00","162782003","54103","CPRD_AURUM"
"253718019","O/E - leg oedema","22C4.11","162783008","50239","CPRD_AURUM"
"253722012","Unilateral leg oedema","22C4000","162784002","15432","CPRD_AURUM"
"437603016","Swollen foot","16J7.00","297142003","94941","CPRD_AURUM"
"1830561000006112","Right ankle swelling figure of eight measurement","","1830561000006108","6","CPRD_AURUM"
"1830571000006117","Left ankle swelling circumference","","1830571000006101","2","CPRD_AURUM"
"2003801000006114","Limb oedema extending to limb root","","445126005","8","CPRD_AURUM"
"111791000006117","Swollen lower leg","N247012","281792000","155212","CPRD_AURUM"
"483871000006113","Ankle swelling symptom","1832.11","267039000","329720","CPRD_AURUM"
"411285016","Swollen legs","N247013","762898005","270789","CPRD_AURUM"
"317208010","[D]Peripheral oedema","R023400","271809000","448724","CPRD_AURUM"
"7372911000006119","Swelling of lower leg","","449615005","6507","CPRD_AURUM"
"4552131000006116","O/E - edema of feet","","162782003","0","CPRD_AURUM"
"11905641000006117","Peripheral edema","","271809000","1","CPRD_AURUM"
"4552221000006112","Unilateral leg edema","","162784002","0","CPRD_AURUM"
"4552081000006116","O/E - ankle edema","","162781005","0","CPRD_AURUM"
"4552151000006111","On examination - edema of feet","","162782003","0","CPRD_AURUM"
"11881081000006110","Swollen leg","","449614009","4","CPRD_AURUM"
"5836761000006118","Foot swelling","","297142003","15181","CPRD_AURUM"
"7303201000006111","Oedema of entire limb","","445126005","5","CPRD_AURUM"
"4552121000006119","O/E - foot edema","","162782003","0","CPRD_AURUM"
"7272191000006118","Edema of calf","","443111006","0","CPRD_AURUM"
"7687611000006110","Reduction of peripheral edema","","711384005","0","CPRD_AURUM"
"4552091000006118","On examination - edema of ankles","","162781005","0","CPRD_AURUM"
"1830551000006110","Left ankle swelling figure of eight measurement","","1830551000006106","12","CPRD_AURUM"
"1830581000006119","Right ankle swelling circumference","","1830581000006103","2","CPRD_AURUM"
"397897014","Ankle swelling","1832.00","267039000","1053175","CPRD_AURUM"
"253712018","O/E - oedema of ankles","22C2.00","162781005","378499","CPRD_AURUM"
"397899012","Leg swelling","1833.00","248480008","547936","CPRD_AURUM"
"3637275019","Swelling of bilateral lower limbs","","762898005","0","CPRD_AURUM"
"4552101000006112","On examination - oedema of ankles","","162781005","1","CPRD_AURUM"
"7303211000006114","Edema of entire limb","","445126005","0","CPRD_AURUM"
"4552071000006119","O/E - edema of ankles","","162781005","0","CPRD_AURUM"
"4552181000006115","O/E - edema of legs","","162783008","0","CPRD_AURUM"
"1121191000000115","Oedema of calf","1839.00","443111006","1379","CPRD_AURUM"
"419882013","Swollen calf","16J0.00","281792000","52067","CPRD_AURUM"
"419883015","Swelling of calf","N247011","281792000","65254","CPRD_AURUM"
"253720016","O/E - oedema of legs","22C4.00","162783008","211675","CPRD_AURUM"
"5529751000006110","Peripheral oedema","","271809000","0","CPRD_AURUM"
"1693651000000110","Worsening peripheral oedema","183A.00","763511000000102","1207","CPRD_AURUM"
"4552191000006117","O/E - leg edema","","162783008","0","CPRD_AURUM"
"370910016","Leg swelling symptom","1833.11","248480008","258748","CPRD_AURUM"
"253717012","O/E - foot oedema","22C3.11","162782003","5283","CPRD_AURUM"
"7372901000006117","Swelling of lower limb","","449614009","653","CPRD_AURUM"
"4552201000006119","On examination - edema of legs","","162783008","0","CPRD_AURUM"
