"MEDICAL_CODE_ID","DESCRIPTION","READ_CODE","SNOMED_CT_CODE","FREQUENCY","DATABASE"
"387","Swollen legs","N247013",,"54573","CPRD_GOLD"
"1284","O/E - oedema of feet","22C3.00",,"10459","CPRD_GOLD"
"1906","O/E - ankle oedema","22C2.11",,"228739","CPRD_GOLD"
"2033","Swelling of calf","N247011",,"31188","CPRD_GOLD"
"5601","Swelling of limb","N247000",,"72644","CPRD_GOLD"
"5889","Ankle swelling symptom","1832.11",,"258869","CPRD_GOLD"
"5919","Leg swelling symptom","1833.11",,"184799","CPRD_GOLD"
"6199","Swollen lower leg","N247012",,"72709","CPRD_GOLD"
"6585","O/E - leg oedema","22C4.11",,"38846","CPRD_GOLD"
"7106","O/E - foot oedema","22C3.11",,"2653","CPRD_GOLD"
"7122","Ankle swelling","1832.00",,"173704","CPRD_GOLD"
"11396","[D]Peripheral oedema","R023400",,"986786","CPRD_GOLD"
"12248","Swollen calf","16J0.00",,"13879","CPRD_GOLD"
"15047","Leg swelling","1833.00",,"21245","CPRD_GOLD"
"19358","O/E - oedema of legs","22C4.00",,"22299","CPRD_GOLD"
"20553","O/E - oedema of ankles","22C2.00",,"26977","CPRD_GOLD"
"29264","Unilateral leg oedema","22C4000",,"4386","CPRD_GOLD"
"47344","CLASP ankle swelling score","ZR3R.11",,"1229","CPRD_GOLD"
"98612","Oedema of calf","1839.00",,"227","CPRD_GOLD"
"102720","Worsening peripheral oedema","183A.00",,"72","CPRD_GOLD"
