"MEDICAL_CODE_ID","DESCRIPTION","READ_CODE","SNOMED_CT_CODE","FREQUENCY","DATABASE"
"125901014","Postnasal discharge","2D26.00","75803007","69521","CPRD_AURUM"
"136509019","Sinus congestion","H1y1z13","82297005","253666","CPRD_AURUM"
"255577016","O/E - no nasal discharge","2D21.00","164183004","9348","CPRD_AURUM"
"255580015","O/E-nasal discharge-foul smell","2D23.00","164185006","1106","CPRD_AURUM"
"255597014","O/E - nasal mucosa oedematous","2D36.00","164196003","6989","CPRD_AURUM"
"255598016","O/E - nasal mucosa wet/boggy","2D37.00","164197007","1335","CPRD_AURUM"
"255601014","O/E - nasal mucosa hyperaemic","2D39.00","164199005","12497","CPRD_AURUM"
"255867013","O/E - nose crusting","2FH2000","164408004","10701","CPRD_AURUM"
"301038013","Acute catarrhal tonsillitis","H033.00","195669000","1727","CPRD_AURUM"
"396095011","Chronic catarrhal rhinitis","H120100","266342009","118666","CPRD_AURUM"
"397998017","Nasal discharge present","1C83.00","267101005","79431","CPRD_AURUM"
"397999013","Nose running","1C83.11","267101005","69281","CPRD_AURUM"
"398000019","Nose dripping","1C83.12","267101005","1525","CPRD_AURUM"
"2161421018","Rhinorrhoea","1C83.13","64531003","81927","CPRD_AURUM"
"23311000033111","Topical Nasal Decongestants","","23311000033107","0","CPRD_AURUM"
"30511000033114","Systemic Nasal Decongestants","","30511000033105","0","CPRD_AURUM"
"502531000033111","Zonivent Aquanasal","","502531000033107","0","CPRD_AURUM"
"885001000006116","Coryza","H00..99","82272006","44890","CPRD_AURUM"
"961831000006111","Rhinorrhea/nasal congestion","","961831000006107","1090","CPRD_AURUM"
"1018331000033116","Sudafed Blocked Nose","","1018331000033100","0","CPRD_AURUM"
"1102621000006119","Adverse reaction to Sudafed Blocked Nose","","1102621000006103","131","CPRD_AURUM"
"255587017","O/E - nasal discharge NOS","2D2Z.00","164182009","2550","CPRD_AURUM"
"531231000006113","C/O - post nasal drip","1C84.00","162382001","307301","CPRD_AURUM"
"598191000006116","Coryza - acute","H00..12","82272006","327835","CPRD_AURUM"
"681561000006119","Nasal catarrh - acute","H00..14","64531003","116838","CPRD_AURUM"
"3732461000006119","Posterior rhinorrhea","","75803007","0","CPRD_AURUM"
"4576301000006114","On examination - rhinorrhea","","164184005","0","CPRD_AURUM"
"3610111000006110","Congested nose","","68235000","4","CPRD_AURUM"
"3838761000006113","Congestion of nasal sinus","","82297005","1562","CPRD_AURUM"
"3732431000006111","Posterior rhinorrhoea","","75803007","3609","CPRD_AURUM"
"3549421000006117","Discharge from nose","","64531003","0","CPRD_AURUM"
"4576291000006113","O/E - rhinorrhea","","164184005","0","CPRD_AURUM"
"4545531000006116","Complaining of catarrh","","161959005","0","CPRD_AURUM"
"3610101000006112","Stuffed-up nose","","68235000","0","CPRD_AURUM"
"3549381000006110","Nasal discharge","","64531003","1916","CPRD_AURUM"
"11782181000006118","On examination edema of nasal turbinate","","164282003","0","CPRD_AURUM"
"3732491000006110","Postnasal catarrh","","75803007","22","CPRD_AURUM"
"12453561000006114","O/E -nasal disch.-mucopurulent","","164186007","0","CPRD_AURUM"
"4576321000006116","On examination - nasal discharge-foul smell","","164185006","0","CPRD_AURUM"
"1221348018","O/E - nose discharge","2D2..11","164182009","1168","CPRD_AURUM"
"255579018","O/E - rhinorrhoea","2D22.00","164184005","19982","CPRD_AURUM"
"255581016","O/E -nasal disch.-mucopurulent","2D24.00","164186007","6008","CPRD_AURUM"
"6298121000006113","Spasmodic rhinorrhea","","367498001","0","CPRD_AURUM"
"6298131000006111","Spasmodic rhinorrhoea","","367498001","0","CPRD_AURUM"
"903071000006119","Catarrh","176..99","161959005","27264","CPRD_AURUM"
"255576013","O/E - nasal discharge","2D2..00","164182009","26274","CPRD_AURUM"
"136463019","Common cold","H00..11","82272006","624723","CPRD_AURUM"
"252422017","C/O - catarrh","176..00","161959005","209532","CPRD_AURUM"
"517051000006111","Blocked nose","1C86.00","232209000","343351","CPRD_AURUM"
"4576251000006119","On examination - nasal discharge","","164182009","1","CPRD_AURUM"
"3838191000006118","Acute nasal catarrh","","82272006","0","CPRD_AURUM"
"3549411000006113","Nasal catarrh","","64531003","0","CPRD_AURUM"
"407076010","C/O nasal congestion","1C82.11","272034001","105339","CPRD_AURUM"
"113345017","Nasal congestion","H1y1z12","68235000","607910","CPRD_AURUM"
"3549401000006110","Rhinorrhea","","64531003","7","CPRD_AURUM"
"4576331000006118","On examination - nasal discharge - mucopurulent","","164186007","0","CPRD_AURUM"
"5596441000006118","Anterior rhinorrhoea","","277233008","4","CPRD_AURUM"
