"MEDICAL_CODE_ID","DESCRIPTION","READ_CODE","SNOMED_CT_CODE","FREQUENCY","DATABASE"
"368","Common cold","H00..11",,"194200","CPRD_GOLD"
"550","Rhinorrhoea","1C83.13",,"35305","CPRD_GOLD"
"805","Chronic catarrhal rhinitis","H120100",,"139508","CPRD_GOLD"
"896","Nasal catarrh - acute","H00..14",,"162968","CPRD_GOLD"
"1246","Coryza - acute","H00..12",,"296680","CPRD_GOLD"
"3110","Nasal congestion","H1y1z12",,"203377","CPRD_GOLD"
"3492","Nasal discharge present","1C83.00",,"30062","CPRD_GOLD"
"4016","C/O - post nasal drip","1C84.00",,"168214","CPRD_GOLD"
"5765","C/O - catarrh","176..00",,"177140","CPRD_GOLD"
"5935","O/E - nasal discharge","2D2..00",,"18086","CPRD_GOLD"
"6450","C/O nasal congestion","1C82.11",,"85601","CPRD_GOLD"
"8570","O/E - rhinorrhoea","2D22.00",,"5257","CPRD_GOLD"
"9483","Sinus congestion","H1y1z13",,"58203","CPRD_GOLD"
"11139","Blocked nose","1C86.00",,"54420","CPRD_GOLD"
"16660","O/E - nose crusting","2FH2000",,"9646","CPRD_GOLD"
"16986","Nose running","1C83.11",,"28329","CPRD_GOLD"
"20618","O/E - nose discharge","2D2..11",,"1306","CPRD_GOLD"
"21639","Postnasal discharge","2D26.00",,"9947","CPRD_GOLD"
"25179","O/E -nasal disch.-mucopurulent","2D24.00",,"1808","CPRD_GOLD"
"25364","Nose dripping","1C83.12",,"524","CPRD_GOLD"
"25674","O/E - nasal mucosa wet/boggy","2D37.00",,"320","CPRD_GOLD"
"25827","O/E - no nasal discharge","2D21.00",,"393","CPRD_GOLD"
"25929","O/E - nasal mucosa hyperaemic","2D39.00",,"1035","CPRD_GOLD"
"29637","O/E-nasal discharge-foul smell","2D23.00",,"444","CPRD_GOLD"
"35633","O/E - nasal discharge NOS","2D2Z.00",,"244","CPRD_GOLD"
"37409","Acute catarrhal tonsillitis","H033.00",,"454","CPRD_GOLD"
"37413","O/E - nasal mucosa oedematous","2D36.00",,"519","CPRD_GOLD"
