"MEDICAL_CODE_ID","DESCRIPTION","READ_CODE","SNOMED_CT_CODE","FREQUENCY","DATABASE"
"176..00","C/O - catarrh","176..00",,"169756","IMRD"
"1C82.11","C/O nasal congestion","1C82.11",,"81446","IMRD"
"1C83.00","Nasal discharge present","1C83.00",,"21999","IMRD"
"1C83.11","Nose running","1C83.11",,"21926","IMRD"
"1C83.12","Nose dripping","1C83.12",,"383","IMRD"
"1C83.13","Rhinorrhoea","1C83.13",,"29284","IMRD"
"1C84.00","C/O - post nasal drip","1C84.00",,"148651","IMRD"
"1C86.00","Blocked nose","1C86.00",,"49950","IMRD"
"2D2..00","O/E - nasal discharge","2D2..00",,"14260","IMRD"
"2D2..11","O/E - nose discharge","2D2..11",,"1133","IMRD"
"2D21.00","O/E - no nasal discharge","2D21.00",,"290","IMRD"
"2D22.00","O/E - rhinorrhoea","2D22.00",,"4247","IMRD"
"2D23.00","O/E-nasal discharge-foul smell","2D23.00",,"381","IMRD"
"2D24.00","O/E -nasal disch.-mucopurulent","2D24.00",,"1888","IMRD"
"2D26.00","Postnasal discharge","2D26.00",,"8805","IMRD"
"2D2Z.00","O/E - nasal discharge NOS","2D2Z.00",,"321","IMRD"
"2D36.00","O/E - nasal mucosa oedematous","2D36.00",,"729","IMRD"
"2D37.00","O/E - nasal mucosa wet/boggy","2D37.00",,"434","IMRD"
"2FH2000","O/E - nose crusting","2FH2000",,"8155","IMRD"
"H00..11","Common cold","H00..11",,"179697","IMRD"
"H00..12","Coryza - acute","H00..12",,"241819","IMRD"
"H00..14","Nasal catarrh - acute","H00..14",,"127092","IMRD"
"H033.00","Acute catarrhal tonsillitis","H033.00",,"431","IMRD"
"H120100","Chronic catarrhal rhinitis","H120100",,"103873","IMRD"
"H1y1z12","Nasal congestion","H1y1z12",,"163056","IMRD"
"H1y1z13","Sinus congestion","H1y1z13",,"51875","IMRD"
