"MEDICAL_CODE_ID","DESCRIPTION","READ_CODE","SNOMED_CT_CODE","FREQUENCY","DATABASE"
"43698017","Shaking","1B22.12","26079004","87256","CPRD_AURUM"
"254929018","O/E - coarse tremor - flapping","2976.00","163668002","1547","CPRD_AURUM"
"254930011","O/E - flapping tremor","2976.12","163668002","92","CPRD_AURUM"
"254931010","O/E - coarse tremor","2976.11","163668002","1331","CPRD_AURUM"
"254932015","O/E - intention tremor","2977.00","163669005","10283","CPRD_AURUM"
"2548378016","O/E - tremor outstretched hands","297B.00","417418002","1239","CPRD_AURUM"
"972161000006112","O/E tremor","","972161000006108","1","CPRD_AURUM"
"297050013","Benign essential tremor","F131000","609558009","149839","CPRD_AURUM"
"297051012","Familial tremor","F131100","609559001","5149","CPRD_AURUM"
"297054016","Essential and other specified forms of tremor NOS","F131z00","26079004","1075","CPRD_AURUM"
"299317011","[X]Other specified forms of tremor","Fyu2500","56610005","1387","CPRD_AURUM"
"4567551000006113","On examination - coarse tremor - flapping","","163668002","0","CPRD_AURUM"
"2917281000006116","Shaking all over","","26079004","1","CPRD_AURUM"
"6906551000006114","On examination - tremor outstretched hands","","417418002","0","CPRD_AURUM"
"2917241000006110","Shakes","","26079004","2","CPRD_AURUM"
"4567571000006115","On examination - intention tremor","","163669005","0","CPRD_AURUM"
"2917261000006114","Quivering","","26079004","0","CPRD_AURUM"
"2917251000006112","Trembling","","26079004","0","CPRD_AURUM"
"2917211000006111","Involuntary trembling","","26079004","0","CPRD_AURUM"
"2917271000006119","The shakes","","26079004","0","CPRD_AURUM"
"4567511000006112","On examination - fine tremor","","163667007","0","CPRD_AURUM"
"12724071000006117","Essential and other specified forms of tremor","","603731000000107","0","CPRD_AURUM"
"882971000006117","Tremor - familial/benign","F131.99","603731000000107","1797","CPRD_AURUM"
"952701000006112","O/E tremor","","952701000006108","7","CPRD_AURUM"
"961751000006110","Tremors/seizures","","961751000006106","2637","CPRD_AURUM"
"483107017","Has a tremor","1B22.00","26079004","80188","CPRD_AURUM"
"317108017","[D]Tremor NOS","R010300","26079004","115626","CPRD_AURUM"
"1009371000006110","O/E - Tremor","","1009371000006106","2","CPRD_AURUM"
"254928014","O/E - fine tremor","2975.00","163667007","10476","CPRD_AURUM"
"2917221000006115","Involuntary quiver","","26079004","0","CPRD_AURUM"
"297046018","Essential and other specified forms of tremor","F131.00","26079004","16291","CPRD_AURUM"
"87021000006116","Tremor symptom","1B22.11","26079004","288837","CPRD_AURUM"
