"MEDICAL_CODE_ID","DESCRIPTION","READ_CODE","SNOMED_CT_CODE","FREQUENCY","DATABASE"
"2508","[D]Tremor NOS","R010300",,"106910","CPRD_GOLD"
"2512","Familial tremor","F131100",,"1707","CPRD_GOLD"
"2778","Shaking","1B22.12",,"47171","CPRD_GOLD"
"3051","Benign essential tremor","F131000",,"38966","CPRD_GOLD"
"5604","O/E - coarse tremor - flapping","2976.00",,"244","CPRD_GOLD"
"5912","Tremor symptom","1B22.11",,"94921","CPRD_GOLD"
"6948","Essential and other specified forms of tremor","F131.00",,"4242","CPRD_GOLD"
"9411","O/E - coarse tremor","2976.11",,"883","CPRD_GOLD"
"10653","O/E - fine tremor","2975.00",,"3296","CPRD_GOLD"
"20102","O/E - intention tremor","2977.00",,"3673","CPRD_GOLD"
"25488","O/E - flapping tremor","2976.12",,"45","CPRD_GOLD"
"31695","Has a tremor","1B22.00",,"9246","CPRD_GOLD"
"34349","Essential and other specified forms of tremor NOS","F131z00",,"606","CPRD_GOLD"
"53212","O/E - tremor outstretched hands","297B.00",,"367","CPRD_GOLD"
"59082","[X]Other specified forms of tremor","Fyu2500",,"70","CPRD_GOLD"
