"MEDICAL_CODE_ID","DESCRIPTION","READ_CODE","SNOMED_CT_CODE","FREQUENCY","DATABASE"
"1B22.00","Has a tremor","1B22.00",,"9216","IMRD"
"1B22.11","Tremor symptom","1B22.11",,"86652","IMRD"
"1B22.12","Shaking","1B22.12",,"40137","IMRD"
"2975.00","O/E - fine tremor","2975.00",,"3039","IMRD"
"2976.00","O/E - coarse tremor - flapping","2976.00",,"328","IMRD"
"2976.11","O/E - coarse tremor","2976.11",,"847","IMRD"
"2976.12","O/E - flapping tremor","2976.12",,"40","IMRD"
"2977.00","O/E - intention tremor","2977.00",,"3164","IMRD"
"297B.00","O/E - tremor outstretched hands","297B.00",,"358","IMRD"
"F131.00","Essential and other specified forms of tremor","F131.00",,"3961","IMRD"
"F131000","Benign essential tremor","F131000",,"34246","IMRD"
"F131100","Familial tremor","F131100",,"1434","IMRD"
"F131z00","Essential and other specified forms of tremor NOS","F131z00",,"596","IMRD"
"Fyu2500","[X]Other specified forms of tremor","Fyu2500",,"61","IMRD"
"R010300","[D]Tremor NOS","R010300",,"82955","IMRD"
