"MEDICAL_CODE_ID","DESCRIPTION","READ_CODE","SNOMED_CT_CODE","FREQUENCY","DATABASE"
"132","[D]Dizziness","R004000",,"610402","CPRD_GOLD"
"392","[D]Giddiness","R004100",,"88056","CPRD_GOLD"
"4291","[D]Light-headedness","R004200",,"172459","CPRD_GOLD"
"5800","Dizziness symptom","1B5..11",,"1151509","CPRD_GOLD"
"5816","Giddiness symptom","1B5..12",,"91543","CPRD_GOLD"
"6262","Dizziness present","1B53.00",,"32361","CPRD_GOLD"
"15493","[D]Dizziness and giddiness NOS","R004z00",,"2611","CPRD_GOLD"
"15909","[D]Dizziness and giddiness","R004.00",,"10370","CPRD_GOLD"
"18564","Dizziness on standing up","1B55.00",,"3259","CPRD_GOLD"
"23332","Giddiness present","1B54.00",,"6537","CPRD_GOLD"
"109360","Dizziness on lying still","1B57.00",,"9","CPRD_GOLD"
"112859","Dizziness Handicap Inventory","38VD.00",,"7","CPRD_GOLD"
