"MEDICAL_CODE_ID","DESCRIPTION","READ_CODE","SNOMED_CT_CODE","FREQUENCY","DATABASE"
"1B5..11","Dizziness symptom","1B5..11",,"1066337","IMRD"
"1B5..12","Giddiness symptom","1B5..12",,"77423","IMRD"
"1B53.00","Dizziness present","1B53.00",,"23718","IMRD"
"1B54.00","Giddiness present","1B54.00",,"6839","IMRD"
"1B55.00","Dizziness on standing up","1B55.00",,"3297","IMRD"
"1B57.00","Dizziness on lying still","1B57.00",,"9","IMRD"
"38VD.00","Dizziness Handicap Inventory","38VD.00",,"6","IMRD"
"R004.00","[D]Dizziness and giddiness","R004.00",,"10905","IMRD"
"R004000","[D]Dizziness","R004000",,"472963","IMRD"
"R004100","[D]Giddiness","R004100",,"63823","IMRD"
"R004200","[D]Light-headedness","R004200",,"156835","IMRD"
"R004z00","[D]Dizziness and giddiness NOS","R004z00",,"2301","IMRD"
"F566.00","Persistent postural perceptual dizziness","F566.00",,"25","IMRD"
