"MEDICAL_CODE_ID","DESCRIPTION","READ_CODE","SNOMED_CT_CODE","FREQUENCY","DATABASE"
"253031016","Dizziness present","1B53.00","162260006","174984","CPRD_AURUM"
"961911000006112","Syncopal episodes (fainting)/dizziness","","961911000006108","10371","CPRD_AURUM"
"317024019","[D]Dizziness and giddiness","R004.00","271789005","110694","CPRD_AURUM"
"317025018","[D]Dizziness","R004000","404640003","1001881","CPRD_AURUM"
"317026017","[D]Giddiness","R004100","404641004","101152","CPRD_AURUM"
"317030019","[D]Dizziness and giddiness NOS","R004z00","271789005","20684","CPRD_AURUM"
"8264531000006116","H/O dizziness","","816651000000109","2076","CPRD_AURUM"
"6459891000006115","Feels light headed","","386705008","2","CPRD_AURUM"
"6459901000006116","Lightheaded","","386705008","14","CPRD_AURUM"
"6459881000006118","Light-headedness","","386705008","31","CPRD_AURUM"
"5529421000006111","Dizziness - giddy","","271789005","6","CPRD_AURUM"
"5529431000006114","Dizzy","","271789005","100","CPRD_AURUM"
"7785351000006115","Dizziness Handicap Inventory score","","719339005","0","CPRD_AURUM"
"6459911000006118","Dizziness - light-headed","","386705008","2","CPRD_AURUM"
"2360901000000116","Dizziness on lying still","1B57.00","919621000000103","232","CPRD_AURUM"
"2159245017","Dizziness on standing up","1B55.00","407645004","31583","CPRD_AURUM"
"253032011","Giddiness present","1B54.00","162261005","25723","CPRD_AURUM"
"627241000006116","Dizziness symptom","1B5..11","404640003","2524382","CPRD_AURUM"
"1892951000006114","Dizziness on lying still","","1892951000006105","0","CPRD_AURUM"
"1776601000006110","Reason for referral: Dizziness/Balance Problems","","1776601000006106","289","CPRD_AURUM"
"2431121000000117","Dizziness Handicap Inventory","38VD.00","719339005","48","CPRD_AURUM"
"317027014","[D]Light-headedness","R004200","386705008","386386","CPRD_AURUM"
"802161000006111","Giddiness symptom","1B5..12","404641004","128866","CPRD_AURUM"
"2626741000006111","Functional dizziness","","7956006","1","CPRD_AURUM"
"7482441000006112","No H/O dizziness","","473074004","89","CPRD_AURUM"
"4088721000006113","PPPD - persistent postural perceptual dizziness","","103293001","2","CPRD_AURUM"
"4088731000006111","Chronic subjective dizziness","","103293001","1","CPRD_AURUM"
"4084331000006119","Postural dizziness","","103017008","5","CPRD_AURUM"
"7104831000006114","Dizziness of unknown cause","","429530004","1","CPRD_AURUM"
"6052941000006118","Dizzy spells","","315018008","12196","CPRD_AURUM"
"4084351000006114","Exertional dizziness","","103018003","1","CPRD_AURUM"
"7484131000006116","Dizziness due to drug","","473188002","1","CPRD_AURUM"
