"MEDICAL_CODE_ID","DESCRIPTION","READ_CODE","SNOMED_CT_CODE","FREQUENCY","DATABASE"
"1B1b.00","Transient hallucinations","1B1b.00",,"483","IMRD"
"1B1d.00","Hypnagogic hallucination","1B1d.00",,"286","IMRD"
"1B1e.00","Hypnopompic hallucination","1B1e.00",,"124","IMRD"
"1B1E.00","Hallucinations","1B1E.00",,"50508","IMRD"
"1S04.00","C/O - illusions seen","1S04.00",,"62","IMRD"
"E104.11","Oneirophrenia","E104.11",,"1","IMRD"
"Eu23213","[X]Oneirophrenia","Eu23213",,"0","IMRD"
"F481K00","Visual hallucinations","F481K00",,"4505","IMRD"
"R001.00","[D]Hallucinations","R001.00",,"3395","IMRD"
"R001000","[D]Hallucinations, auditory","R001000",,"11684","IMRD"
"R001100","[D]Hallucinations, gustatory","R001100",,"17","IMRD"
"R001200","[D]Hallucinations, olfactory","R001200",,"343","IMRD"
"R001300","[D]Hallucinations, tactile","R001300",,"32","IMRD"
"R001400","[D]Visual hallucinations","R001400",,"5026","IMRD"
"R001z00","[D]Hallucinations NOS","R001z00",,"751","IMRD"
"Ryu5300","[X]Other hallucinations","Ryu5300",,"18","IMRD"
"Z4K3.00","Interpretation of hallucinations","Z4K3.00",,"0","IMRD"
"Z4K4.00","Clarification of hallucinations","Z4K4.00",,"0","IMRD"
"Z4K4.11","Analysing hallucinations","Z4K4.11",,"0","IMRD"
"Z4K5.00","Avoiding positive reinforcement of hallucinations","Z4K5.00",,"0","IMRD"
"Z4K6.00","Allowing patient to talk about hallucinations","Z4K6.00",,"0","IMRD"
"Z4K7.00","Allowing patient to explore hallucinations","Z4K7.00",,"0","IMRD"
