"MEDICAL_CODE_ID","DESCRIPTION","READ_CODE","SNOMED_CT_CODE","FREQUENCY","DATABASE"
"115767017","Hypnopompic hallucination","1B1e.00","69690008","453","CPRD_AURUM"
"450785011","Oneirophrenia","E104.11","307504004","0","CPRD_AURUM"
"499799011","Visual hallucinations","F481K00","64269007","36338","CPRD_AURUM"
"501492014","Hallucinations","1B1E.00","7011001","107315","CPRD_AURUM"
"2549087014","Transient hallucinations","1B1b.00","416571005","564","CPRD_AURUM"
"2549483015","C/O - illusions seen","1S04.00","416943009","142","CPRD_AURUM"
"317003012","[D]Hallucinations","R001.00","7011001","7388","CPRD_AURUM"
"317007013","[D]Hallucinations, tactile","R001300","66609003","583","CPRD_AURUM"
"317008015","[D]Visual hallucinations","R001400","64269007","7645","CPRD_AURUM"
"317009011","[D]Hallucinations NOS","R001z00","7011001","2396","CPRD_AURUM"
"318027012","[X]Other hallucinations","Ryu5300","7011001","336","CPRD_AURUM"
"6899691000006116","Complaining of illusions seen","","416943009","0","CPRD_AURUM"
"3222261000006114","Hypnagogic hallucinations","","44780000","118","CPRD_AURUM"
"3583281000006113","Hallucinations of tactile sensation","","66609003","0","CPRD_AURUM"
"3633271000006110","Hypnapompic hallucinations","","69690008","21","CPRD_AURUM"
"3583261000006115","Haptic hallucination","","66609003","0","CPRD_AURUM"
"2968461000006112","Hallucinations of taste","","29139005","0","CPRD_AURUM"
"74710016","Hypnagogic hallucination","1B1d.00","44780000","1031","CPRD_AURUM"
"317004018","[D]Hallucinations, auditory","R001000","45150006","79606","CPRD_AURUM"
"317005017","[D]Hallucinations, gustatory","R001100","29139005","65","CPRD_AURUM"
"317006016","[D]Hallucinations, olfactory","R001200","39672001","1908","CPRD_AURUM"
"403611000006116","[X]Oneirophrenia","Eu23213","278853003","0","CPRD_AURUM"
"3545241000006114","Seeing things","","64269007","7","CPRD_AURUM"
"981151000006113","Hallucinations/illusions","","981151000006109","58","CPRD_AURUM"
"3583271000006110","Haptic hallucinations","","66609003","0","CPRD_AURUM"
"5247991000006118","Non-verbal auditory hallucinations","","247731002","2","CPRD_AURUM"
"5247981000006116","Hearing voices","","247730001","23","CPRD_AURUM"
"8361601000006119","HoNOS (Health of the Nation Outcome Scales) for working age adults rating scale 6 score - problems associated with hallucinations and delusions","","979691000000108","1091","CPRD_AURUM"
"5600611000006114","Second person verbal auditory hallucinations","","277529000","4","CPRD_AURUM"
"5705761000006119","Formed hallucinations of people","","285744009","2","CPRD_AURUM"
"8367821000006117","HoNOS-LD (Health of the Nation Outcome Scales for People with Learning Disabilities) rating scale 8 score - problems associated with hallucinations and delusions","","987871000000106","9","CPRD_AURUM"
"8362551000006110","HoNOS 65+ (Health of the Nation Outcome Scales 65+) rating scale 6 score - problems associated with hallucinations and/or delusions (or false beliefs)","","980811000000100","6","CPRD_AURUM"
"2581951000006116","Illusions","","5152006","1","CPRD_AURUM"
"3427911000006118","Pseudohallucinations","","57095008","2","CPRD_AURUM"
"5247971000006119","Verbal auditory hallucinations","","247730001","128","CPRD_AURUM"
"5248001000006111","Hallucinations of music","","247732009","2","CPRD_AURUM"
