"MEDICAL_CODE_ID","DESCRIPTION","READ_CODE","SNOMED_CT_CODE","FREQUENCY","DATABASE"
"1914","Hallucinations","1B1E.00",,"60799","CPRD_GOLD"
"2455","[D]Hallucinations","R001.00",,"4031","CPRD_GOLD"
"12064","[D]Visual hallucinations","R001400",,"6075","CPRD_GOLD"
"12120","[D]Hallucinations, auditory","R001000",,"15410","CPRD_GOLD"
"15066","Visual hallucinations","F481K00",,"5826","CPRD_GOLD"
"19518","Transient hallucinations","1B1b.00",,"597","CPRD_GOLD"
"19916","[D]Hallucinations NOS","R001z00",,"1099","CPRD_GOLD"
"25283","[D]Hallucinations, olfactory","R001200",,"425","CPRD_GOLD"
"42292","C/O - illusions seen","1S04.00",,"74","CPRD_GOLD"
"53761","[X]Other hallucinations","Ryu5300",,"26","CPRD_GOLD"
"53990","[D]Hallucinations, gustatory","R001100",,"25","CPRD_GOLD"
"64131","[D]Hallucinations, tactile","R001300",,"31","CPRD_GOLD"
"85836","Hypnopompic hallucination","1B1e.00",,"144","CPRD_GOLD"
"86762","Hypnagogic hallucination","1B1d.00",,"323","CPRD_GOLD"
"93167","Oneirophrenia","E104.11",,"1","CPRD_GOLD"
"113709","Clarification of hallucinations","Z4K4.00",,"1","CPRD_GOLD"
