"MEDICAL_CODE_ID","DESCRIPTION","READ_CODE","SNOMED_CT_CODE","FREQUENCY","DATABASE"
"24483","[X]Anhedonia sexual","Eu52111",,"212","CPRD_GOLD"
"25435","Loss of capacity for enjoyment","1BQ..00",,"6473","CPRD_GOLD"
"28283","[X]Lack or loss of sexual desire","Eu52000",,"1979","CPRD_GOLD"
"30740","Loss of interest","1BP..00",,"25005","CPRD_GOLD"
"42056","[X]Sexual aversion and lack of sexual enjoyment","Eu52100",,"39","CPRD_GOLD"
"59869","Loss of interest in previously enjoyable activity","1BP0.00",,"2556","CPRD_GOLD"
