"MEDICAL_CODE_ID","DESCRIPTION","READ_CODE","SNOMED_CT_CODE","FREQUENCY","DATABASE"
"369915018","Loss of interest","1BP..00","247753000","102031","CPRD_AURUM"
"369972011","Loss of capacity for enjoyment","1BQ..00","247796005","17822","CPRD_AURUM"
"2548573012","Loss of interest in previously enjoyable activity","1BP0.00","417523004","13757","CPRD_AURUM"
"954151000006118","Psych monitoring: anhedonia present","","954151000006102","8","CPRD_AURUM"
"954161000006116","Psych monitoring: anhedonia absent","","954161000006100","1","CPRD_AURUM"
"1008831000006110","PHQ9 score - little interest or pleasure in doing things","","1008831000006106","414268","CPRD_AURUM"
"1820781000006111","PCL-C - Loss of interest in activities you used to enjoy: Moderately","","1820781000006107","1","CPRD_AURUM"
"1820791000006114","PCL-C - Loss of interest in activities you used to enjoy: Quite a bit","","1820791000006105","1","CPRD_AURUM"
"1820801000006110","PCL-C - Loss of interest in activities you used to enjoy: Extremely","","1820801000006106","1","CPRD_AURUM"
"296403017","[X]Sexual aversion and lack of sexual enjoyment","Eu52100","55728007","317","CPRD_AURUM"
"363271000006115","[X]Anhedonia sexual","Eu52111","55728007","665","CPRD_AURUM"
"5248791000006119","Loss of pleasure","","247796005","0","CPRD_AURUM"
"5248781000006117","Diminished pleasure","","247796005","0","CPRD_AURUM"
"3920661000006112","Does not enjoy having sex","","87388001","3","CPRD_AURUM"
"3920671000006117","Inability to enjoy sexual relations","","87388001","0","CPRD_AURUM"
"734561000006117","Loss of interest","","734561000006101","110","CPRD_AURUM"
"1976781000006119","Lack of sexual enjoyment","","87388001","8","CPRD_AURUM"
"1820771000006113","PCL-C - Loss of interest in activities you used to enjoy: A little bit","","1820771000006109","1","CPRD_AURUM"
"394971000006112","[X]Lack or loss of sexual desire","Eu52000","270903007","9262","CPRD_AURUM"
"3920691000006116","Does not enjoy lovemaking","","87388001","0","CPRD_AURUM"
"7705981000006113","Lack of interest","","713566001","64","CPRD_AURUM"
