"MEDICAL_CODE_ID","DESCRIPTION","READ_CODE","SNOMED_CT_CODE","FREQUENCY","DATABASE"
"1BP..00","Loss of interest","1BP..00",,"11535","IMRD"
"1BP0.00","Loss of interest in previously enjoyable activity","1BP0.00",,"1474","IMRD"
"1BQ..00","Loss of capacity for enjoyment","1BQ..00",,"3578","IMRD"
"Eu52000","[X]Lack or loss of sexual desire","Eu52000",,"1696","IMRD"
"Eu52100","[X]Sexual aversion and lack of sexual enjoyment","Eu52100",,"35","IMRD"
"Eu52111","[X]Anhedonia sexual","Eu52111",,"189","IMRD"
