"MEDICAL_CODE_ID","DESCRIPTION","READ_CODE","SNOMED_CT_CODE","FREQUENCY","DATABASE"
"176","Vomiting","1992.00",,"1569636","CPRD_GOLD"
"1188","Haematemesis","J680.00",,"147542","CPRD_GOLD"
"2712","Vomiting of blood","J680.11",,"6167","CPRD_GOLD"
"2871","Cyclical vomiting - psychogenic","E264200",,"2691","CPRD_GOLD"
"3380","Projectile vomiting","1993.00",,"4520","CPRD_GOLD"
"3416","[D]Nausea and vomiting","R070.00",,"11884","CPRD_GOLD"
"3422","Psychogenic vomiting NOS","E275400",,"645","CPRD_GOLD"
"3847","Pneumonitis due to inhalation of food or vomitus","H470.00",,"1086","CPRD_GOLD"
"3992","Vomiting symptoms","199..14",,"181459","CPRD_GOLD"
"5164","[D]Vomiting","R070100",,"51160","CPRD_GOLD"
"5409","H/O: haematemesis","14C8.00",,"5113","CPRD_GOLD"
"5881","Vomiting","199..00",,"118441","CPRD_GOLD"
"6101","[D]Projectile vomiting","R070400",,"322","CPRD_GOLD"
"6752","Persistent vomiting","J162.00",,"3928","CPRD_GOLD"
"6796","[X]Psychogenic vomiting","Eu50511",,"530","CPRD_GOLD"
"7566","Retching","1997.00",,"8589","CPRD_GOLD"
"8344","Coffee ground vomit","4A24.11",,"6708","CPRD_GOLD"
"12383","Cyclical vomiting NOS","J162000",,"2509","CPRD_GOLD"
"12772","C/O - vomiting","199..11",,"7739","CPRD_GOLD"
"15018","[D]Nausea and vomiting NOS","R070z00",,"2849","CPRD_GOLD"
"15825","[D]Emesis","R070200",,"752","CPRD_GOLD"
"15951","Vomit appearance","4A2..00",,"163","CPRD_GOLD"
"15964","Vomit appearance - abnormal","4A22.00",,"31","CPRD_GOLD"
"16604","Vomit - O/E, general","4A1..11",,"402","CPRD_GOLD"
"16617","Blood in vomit - symptom","1994.11",,"1288","CPRD_GOLD"
"16621","Vomit examination","4A...00",,"357","CPRD_GOLD"
"17600","Bilious vomit O/E","4A25.11",,"412","CPRD_GOLD"
"20434","[D]Retching","R070z12",,"242","CPRD_GOLD"
"22161","Emesis","199..12",,"1203","CPRD_GOLD"
"24284","Vomiting - bile stained","1996.00",,"935","CPRD_GOLD"
"24368","Vomiting - infective","A0...13",,"1251","CPRD_GOLD"
"25054","Aspiration pneumonia due to vomit","H470312",,"785","CPRD_GOLD"
"25834","Functional vomiting","J16y500",,"513","CPRD_GOLD"
"28305","Vomit: faeculant","4A26.00",,"22","CPRD_GOLD"
"30862","Faeculant vomit O/E","4A26.11",,"111","CPRD_GOLD"
"33809","Throwing up","1992.11",,"37","CPRD_GOLD"
"33837","Pneumonitis due to inhalation of food or vomitus NOS","H470z00",,"41","CPRD_GOLD"
"35626","Vomit pH NOS","4A4Z.00",,"2","CPRD_GOLD"
"35707","Persistent vomiting NOS","J162z00",,"166","CPRD_GOLD"
"37436","Vomit: excessive acidity","4A42.00",,"13","CPRD_GOLD"
"37602","Vomiting NOS","199Z.00",,"5403","CPRD_GOLD"
"40165","Occult blood in vomit","4A5..11",,"224","CPRD_GOLD"
"40410","Vomit: bilious","4A25.00",,"167","CPRD_GOLD"
"43288","Vomit: coffee ground","4A24.00",,"533","CPRD_GOLD"
"43534","Blood in vomit O/E","4A23.11",,"46","CPRD_GOLD"
"44489","Vomiting blood - fresh","1994.00",,"506","CPRD_GOLD"
"44691","Vomiting blood - coffee ground","1995.00",,"438","CPRD_GOLD"
"45948","Pneumonitis due to inhalation of vomitus","H470300",,"122","CPRD_GOLD"
"48509","pH of vomit","4A4..11",,"7","CPRD_GOLD"
"49061","Habit vomiting","J162100",,"130","CPRD_GOLD"
"49507","Vomit toxicology","4A6..00",,"3","CPRD_GOLD"
"52239","Emesis - persistent","J162.11",,"30","CPRD_GOLD"
"53643","Vomit: frank blood present","4A23.00",,"28","CPRD_GOLD"
"55756","Vomit examination normal","4A12.00",,"13","CPRD_GOLD"
"56385","Vomit inhalation pneumonitis","H470311",,"7","CPRD_GOLD"
"57038","Vomit examination - general","4A1..00",,"83","CPRD_GOLD"
"57728","Vomit pH","4A4..00",,"6","CPRD_GOLD"
"58104","Vomit appearance - normal","4A21.00",,"10","CPRD_GOLD"
"58105","Vomit odour","4A3..00",,"7","CPRD_GOLD"
"60151","Vomit occult blood","4A5..00",,"25","CPRD_GOLD"
"63244","Vomit occult blood positive","4A51.00",,"7","CPRD_GOLD"
"71101","Vomit occult blood NOS","4A5Z.00",,"5","CPRD_GOLD"
"71275","Teeth erosion due to vomiting","J013100",,"11","CPRD_GOLD"
"71930","Vomit examination NOS","4AZ..00",,"9","CPRD_GOLD"
"72676","Vomit exam. general NOS","4A1Z.00",,"5","CPRD_GOLD"
"72861","Vomit: appearance NOS","4A2Z.00",,"8","CPRD_GOLD"
"92271","Vomit sent for examination","4A11.00",,"9","CPRD_GOLD"
"98827","Vomit: mucous present","4A27.00",,"8","CPRD_GOLD"
"100905","Vomit examination abnormal","4A13.00",,"1","CPRD_GOLD"
"101965","Vomit occult blood negative","4A52.00",,"29","CPRD_GOLD"
"107255","Frequency of vomiting","1999.00",,"6","CPRD_GOLD"
"109451","Vomit: undigested food present","4A29.00",,"1","CPRD_GOLD"
"110268","Time since last episode of vomiting","199A.00",,"4","CPRD_GOLD"
"112938","Vomit pH normal","4A41.00",,"1","CPRD_GOLD"
