"MEDICAL_CODE_ID","DESCRIPTION","READ_CODE","SNOMED_CT_CODE","FREQUENCY","DATABASE"
"15155012","Projectile vomiting","1993.00","8579004","11286","CPRD_AURUM"
"81964018","Habit vomiting","J162100","49206006","820","CPRD_AURUM"
"140077016","Retching","1997.00","84480002","13854","CPRD_AURUM"
"251739019","H/O: haematemesis","14C8.00","161538007","10687","CPRD_AURUM"
"260725013","Vomit examination","4A...00","167820005","479","CPRD_AURUM"
"260728010","Vomit sent for examination","4A11.00","167822002","28","CPRD_AURUM"
"260729019","Vomit examination normal","4A12.00","167823007","52","CPRD_AURUM"
"260730012","Vomit examination abnormal","4A13.00","167824001","14","CPRD_AURUM"
"260732016","Vomit appearance","4A2..00","167826004","306","CPRD_AURUM"
"260734015","Vomit appearance - abnormal","4A22.00","167828003","99","CPRD_AURUM"
"260748015","Vomit: mucous present","4A27.00","167833004","156","CPRD_AURUM"
"260760019","Vomit odour","4A3..00","167839000","14","CPRD_AURUM"
"260764011","Vomit odour normal","4A31.00","167840003","2","CPRD_AURUM"
"260771018","Vomit pH","4A4..00","992361000000108","27","CPRD_AURUM"
"260777019","Vomit occult blood","4A5..00","167849002","119","CPRD_AURUM"
"260779016","Vomit occult blood negative","4A52.00","167851003","18","CPRD_AURUM"
"260782014","Vomit sent for toxicology","4A61.00","167854006","3","CPRD_AURUM"
"260783016","Vomit toxicology: nil found","4A62.00","167855007","4","CPRD_AURUM"
"301579018","Pneumonitis due to inhalation of food or vomitus","H470.00","196032009","1489","CPRD_AURUM"
"301583018","Pneumonitis due to inhalation of vomitus","H470300","196035006","230","CPRD_AURUM"
"301584012","Vomit inhalation pneumonitis","H470311","196035006","22","CPRD_AURUM"
"301585013","Aspiration pneumonia due to vomit","H470312","196035006","1678","CPRD_AURUM"
"302636011","Persistent vomiting","J162.00","196746003","10008","CPRD_AURUM"
"302637019","Emesis - persistent","J162.11","196746003","139","CPRD_AURUM"
"406095014","Vomit: pus present","4A28.00","271354006","4","CPRD_AURUM"
"407086011","C/O - vomiting","199..11","272044004","16506","CPRD_AURUM"
"411688012","Pus in vomit O/E","4A28.11","275746003","1","CPRD_AURUM"
"492804019","Vomiting blood - coffee ground","1995.00","40835002","3735","CPRD_AURUM"
"1229148011","Functional vomiting","J16y500","37224001","1213","CPRD_AURUM"
"960221000006119","Nausea/vomiting","","960221000006103","990","CPRD_AURUM"
"1851581000006112","Frequency of vomiting","","1851581000006108","0","CPRD_AURUM"
"2647992016","Emesis","199..12","422400008","1590","CPRD_AURUM"
"15459010","Vomiting of blood","J680.11","8765009","12672","CPRD_AURUM"
"252622013","Vomiting NOS","199Z.00","300359004","83252","CPRD_AURUM"
"260727017","Vomit - O/E, general","4A1..11","167820005","590","CPRD_AURUM"
"260731011","Vomit exam. general NOS","4A1Z.00","167820005","31","CPRD_AURUM"
"260780018","Vomit occult blood NOS","4A5Z.00","167849002","15","CPRD_AURUM"
"260786012","Vomit examination NOS","4AZ..00","167820005","31","CPRD_AURUM"
"301586014","Pneumonitis due to inhalation of food or vomitus NOS","H470z00","196032009","106","CPRD_AURUM"
"302638012","Cyclical vomiting NOS","J162000","18773000","14722","CPRD_AURUM"
"302640019","Persistent vomiting NOS","J162z00","196746003","1085","CPRD_AURUM"
"317456018","[D]Nausea and vomiting","R070.00","16932000","128423","CPRD_AURUM"
"317458017","[D]Vomiting","R070100","422400008","340534","CPRD_AURUM"
"317459013","[D]Emesis","R070200","422400008","832","CPRD_AURUM"
"317462011","[D]Nausea and vomiting NOS","R070z00","16932000","12382","CPRD_AURUM"
"2643931013","Vomiting","1992.00","300359004","1228373","CPRD_AURUM"
"63551000006113","Vomit: excessive alkaninity","4A43.00","167847000","3","CPRD_AURUM"
"63561000006110","Vomit: faeculant","4A26.00","300366003","301","CPRD_AURUM"
"63631000006119","Vomiting","199..00","300359004","1521434","CPRD_AURUM"
"230511000006119","pH of vomit","4A4..11","992361000000108","8","CPRD_AURUM"
"260768014","Vomit odour faeculant","4A33.00","167842006","28","CPRD_AURUM"
"353844012","Vomiting - infective","A0...13","765480005","4671","CPRD_AURUM"
"441410014","Vomit: coffee ground","4A24.00","300364000","5511","CPRD_AURUM"
"662641000006112","Faeculant vomit O/E","4A26.11","275745004","147","CPRD_AURUM"
"4350031000006119","Vomit sample","","122572000","0","CPRD_AURUM"
"12223051000006118","Bilious vomit","","271352005","150","CPRD_AURUM"
"4781961000006110","Aspiration pneumonia caused by vomit","","196035006","0","CPRD_AURUM"
"3157631000006118","Coffee ground vomiting","","40835002","56","CPRD_AURUM"
"4608421000006110","Vomit odor","","167839000","0","CPRD_AURUM"
"12482951000006117","Bilious vomit O/E","","275744000","0","CPRD_AURUM"
"2768801000006119","N+V - Nausea and vomiting","","16932000","2","CPRD_AURUM"
"4608391000006119","Odour of vomit","","167839000","0","CPRD_AURUM"
"5533061000006110","Complaining of vomiting","","272044004","0","CPRD_AURUM"
"3343431000006119","Erosion of teeth due to persistent vomiting","","52031007","0","CPRD_AURUM"
"5576691000006118","Blood in vomit on examination","","275786006","0","CPRD_AURUM"
"5878641000006113","Vomit contains old blood","","300364000","39","CPRD_AURUM"
"2798021000006116","Periodic vomiting","","18773000","0","CPRD_AURUM"
"4608411000006119","Odor of vomit","","167839000","0","CPRD_AURUM"
"4781971000006115","Pneumonitis caused by inhalation of vomitus","","196035006","0","CPRD_AURUM"
"5576051000006117","Feculent vomit on examination","","275745004","0","CPRD_AURUM"
"12224161000006119","Vomitus with coffee ground appearance","","300364000","1","CPRD_AURUM"
"3157641000006111","Coffee ground emesis","","40835002","1","CPRD_AURUM"
"5878591000006115","Vomit contains blood","","300361008","34","CPRD_AURUM"
"5272531000006110","Vomiting symptom","","249497008","0","CPRD_AURUM"
"2768791000006115","N&V - Nausea and vomiting","","16932000","1","CPRD_AURUM"
"2986661000006112","Aspiration of vomitus","","30227006","0","CPRD_AURUM"
"4608511000006118","Vomit pH","","167844007","0","CPRD_AURUM"
"4608441000006115","Vomit odor normal","","167840003","0","CPRD_AURUM"
"4608501000006116","Measurement of vomit pH","","167844007","0","CPRD_AURUM"
"12483001000006112","Blood in vomit O/E","","275786006","0","CPRD_AURUM"
"2639821000006115","Hematemesis","","8765009","10","CPRD_AURUM"
"4504611000006115","Induction of vomiting","","133880003","8","CPRD_AURUM"
"4540891000006111","H/O: hematemesis","","161538007","0","CPRD_AURUM"
"2798011000006112","Cyclical vomiting syndrome","","18773000","181","CPRD_AURUM"
"260785011","Vomit toxicology NOS","4A6Z.00","250618007","1","CPRD_AURUM"
"1717331000006119","Vomitus specimen","","122572000","11","CPRD_AURUM"
"260759012","Vomit: appearance NOS","4A2Z.00","167826004","36","CPRD_AURUM"
"496187013","Teeth erosion due to vomiting","J013100","52031007","17","CPRD_AURUM"
"419024010","Blood in vomit - symptom","1994.11","281102003","3899","CPRD_AURUM"
"260773015","Vomit pH normal","4A41.00","167845008","12","CPRD_AURUM"
"260774014","Vomit: excessive acidity","4A42.00","167846009","207","CPRD_AURUM"
"100841000006111","Throwing up","1992.11","300359004","176","CPRD_AURUM"
"1222515017","[D]Retching","R070z12","84480002","2343","CPRD_AURUM"
"372248013","Vomiting symptoms","199..14","249497008","325606","CPRD_AURUM"
"5878581000006118","Observation of vomiting","","300359004","0","CPRD_AURUM"
"4608461000006116","Vomit odor offensive","","167841004","0","CPRD_AURUM"
"3661831000006119","Bilious emesis","","71419002","0","CPRD_AURUM"
"5576021000006114","Faeculent vomit O/E","","275745004","19","CPRD_AURUM"
"3661821000006117","Vomiting bile","","71419002","8","CPRD_AURUM"
"4540901000006110","History of hematemesis","","161538007","0","CPRD_AURUM"
"12485371000006119","Faeculant vomit O/E","","275745004","0","CPRD_AURUM"
"260726014","Vomit examination - general","4A1..00","167820005","195","CPRD_AURUM"
"2238801000000114","Time since last episode of vomiting","199A.00","866231000000104","1133","CPRD_AURUM"
"1959511000006111","24 hour vomitus output","","1959511000006107","1","CPRD_AURUM"
"1959531000006117","Time of last vomitus output","","1959531000006101","21","CPRD_AURUM"
"1851591000006110","Time since last episode of vomiting","","1851591000006106","2","CPRD_AURUM"
"1777091000006111","Reason for referral: Vomiting/Nausea","","1777091000006107","4","CPRD_AURUM"
"507679012","Haematemesis","J680.00","8765009","280150","CPRD_AURUM"
"295374018","Cyclical vomiting - psychogenic","E264200","191970005","2688","CPRD_AURUM"
"260765012","Vomit odour offensive","4A32.00","167841004","12","CPRD_AURUM"
"260781019","Vomit toxicology","4A6..00","167853000","11","CPRD_AURUM"
"260784010","Vomit toxicology: positive","4A63.00","167856008","2","CPRD_AURUM"
"267331000006112","Occult blood in vomit","4A5..11","167849002","99","CPRD_AURUM"
"451469011","[D]Projectile vomiting","R070400","8579004","1010","CPRD_AURUM"
"424151000006115","[X]Psychogenic vomiting","Eu50511","192450008","907","CPRD_AURUM"
"404554019","Vomit: frank blood present","4A23.00","300361008","211","CPRD_AURUM"
"406092012","Vomit: bilious","4A25.00","271352005","1629","CPRD_AURUM"
"571701000006112","Coffee ground vomit","4A24.11","300364000","16965","CPRD_AURUM"
"3099611000006115","Hysterical vomiting","","37224001","0","CPRD_AURUM"
"5878671000006117","Vomit contains feces","","300366003","0","CPRD_AURUM"
"12450111000006113","Vomit: bilious","","271352005","0","CPRD_AURUM"
"4608541000006119","Vomit: excessive alkalinity","","167847000","0","CPRD_AURUM"
"5576041000006119","Feculent vomit O/E","","275745004","0","CPRD_AURUM"
"4608491000006112","Vomit odor feculent","","167842006","0","CPRD_AURUM"
"5576001000006116","Bilious vomit on examination","","275744000","0","CPRD_AURUM"
"12450151000006114","Vomiting symptoms","","249497008","0","CPRD_AURUM"
"4608471000006111","Vomit odour feculent","","167842006","0","CPRD_AURUM"
"3874311000006116","Dry heaves","","84480002","0","CPRD_AURUM"
"252620017","Vomiting - bile stained","1996.00","71419002","2438","CPRD_AURUM"
"295442014","Psychogenic vomiting NOS","E275400","37224001","1918","CPRD_AURUM"
"2238541000000114","Frequency of vomiting","1999.00","866121000000105","67","CPRD_AURUM"
"397912015","Vomiting blood - fresh","1994.00","267051003","3152","CPRD_AURUM"
"260733014","Vomit appearance - normal","4A21.00","167827008","82","CPRD_AURUM"
"260752015","Vomit: undigested food present","4A29.00","167835006","36","CPRD_AURUM"
"260778012","Vomit occult blood positive","4A51.00","167850002","21","CPRD_AURUM"
"512051000006113","Bilious vomit O/E","4A25.11","275744000","661","CPRD_AURUM"
"411741017","Blood in vomit O/E","4A23.11","275786006","277","CPRD_AURUM"
"2639831000006117","Vomiting of blood","","8765009","4","CPRD_AURUM"
"12450101000006110","Vomit odour faeculant","","167842006","0","CPRD_AURUM"
"3874321000006112","Heaving","","84480002","0","CPRD_AURUM"
"12181691000006110","Vomiting old blood","","40835002","0","CPRD_AURUM"
"260769018","Vomit odour NOS","4A3Z.00","167839000","2","CPRD_AURUM"
"260776011","Vomit pH NOS","4A4Z.00","167844007","11","CPRD_AURUM"
"2882461000006115","Acute vomiting","","23971007","1","CPRD_AURUM"
"5878601000006111","Vomit contains fresh blood","","300362001","4","CPRD_AURUM"
"5898791000006118","Vomited meal","","301790009","38","CPRD_AURUM"
"5272561000006118","Effortless vomiting","","249500002","1","CPRD_AURUM"
"5983251000006115","Haematemesis - cause unknown","","308904008","13","CPRD_AURUM"
"4943641000006119","Vomiting food","","225586007","8","CPRD_AURUM"
"2530381000006112","Vomit","","1985008","13","CPRD_AURUM"
"5089501000006112","Intermittent vomiting","","236083006","4","CPRD_AURUM"
"7514011000006116","Intractable nausea and vomiting","","698861005","1","CPRD_AURUM"
"5572671000006115","Black vomit","","275371002","6","CPRD_AURUM"
"3692541000006117","Increased nausea and vomiting","","73335002","1","CPRD_AURUM"
"2530371000006114","Vomitus","","1985008","22","CPRD_AURUM"
