"MEDICAL_CODE_ID","DESCRIPTION","READ_CODE","SNOMED_CT_CODE","FREQUENCY","DATABASE"
"14C8.00","H/O: haematemesis","14C8.00",,"4785","IMRD"
"199..00","Vomiting","199..00",,"106119","IMRD"
"199..11","C/O - vomiting","199..11",,"7189","IMRD"
"199..12","Emesis","199..12",,"897","IMRD"
"199..14","Vomiting symptoms","199..14",,"171312","IMRD"
"1992.00","Vomiting","1992.00",,"1307892","IMRD"
"1992.11","Throwing up","1992.11",,"23","IMRD"
"1993.00","Projectile vomiting","1993.00",,"3434","IMRD"
"1994.00","Vomiting blood - fresh","1994.00",,"469","IMRD"
"1994.11","Blood in vomit - symptom","1994.11",,"984","IMRD"
"1995.00","Vomiting blood - coffee ground","1995.00",,"365","IMRD"
"1996.00","Vomiting - bile stained","1996.00",,"739","IMRD"
"1997.00","Retching","1997.00",,"6880","IMRD"
"1999.00","Frequency of vomiting","1999.00",,"7","IMRD"
"199A.00","Time since last episode of vomiting","199A.00",,"4","IMRD"
"199Z.00","Vomiting NOS","199Z.00",,"5043","IMRD"
"4A...00","Vomit examination","4A...00",,"148","IMRD"
"4A1..00","Vomit examination - general","4A1..00",,"70","IMRD"
"4A1..11","Vomit - O/E, general","4A1..11",,"184","IMRD"
"4A11.00","Vomit sent for examination","4A11.00",,"4","IMRD"
"4A12.00","Vomit examination normal","4A12.00",,"1","IMRD"
"4A13.00","Vomit examination abnormal","4A13.00",,"2","IMRD"
"4A1Z.00","Vomit exam. general NOS","4A1Z.00",,"9","IMRD"
"4A2..00","Vomit appearance","4A2..00",,"52","IMRD"
"4A21.00","Vomit appearance - normal","4A21.00",,"2","IMRD"
"4A22.00","Vomit appearance - abnormal","4A22.00",,"6","IMRD"
"4A23.00","Vomit: frank blood present","4A23.00",,"3","IMRD"
"4A23.11","Blood in vomit O/E","4A23.11",,"9","IMRD"
"4A24.00","Vomit: coffee ground","4A24.00",,"32","IMRD"
"4A24.11","Coffee ground vomit","4A24.11",,"2833","IMRD"
"4A25.00","Vomit: bilious","4A25.00",,"26","IMRD"
"4A25.11","Bilious vomit O/E","4A25.11",,"175","IMRD"
"4A26.00","Vomit: faeculant","4A26.00",,"1","IMRD"
"4A26.11","Faeculant vomit O/E","4A26.11",,"50","IMRD"
"4A27.00","Vomit: mucous present","4A27.00",,"9","IMRD"
"4A28.00","Vomit: pus present","4A28.00",,"0","IMRD"
"4A28.11","Pus in vomit O/E","4A28.11",,"0","IMRD"
"4A29.00","Vomit: undigested food present","4A29.00",,"4","IMRD"
"4A2Z.00","Vomit: appearance NOS","4A2Z.00",,"1","IMRD"
"4A3..00","Vomit odour","4A3..00",,"1","IMRD"
"4A31.00","Vomit odour normal","4A31.00",,"0","IMRD"
"4A32.00","Vomit odour offensive","4A32.00",,"0","IMRD"
"4A33.00","Vomit odour faeculant","4A33.00",,"1","IMRD"
"4A3Z.00","Vomit odour NOS","4A3Z.00",,"0","IMRD"
"4A4..00","Vomit pH","4A4..00",,"3","IMRD"
"4A4..11","pH of vomit","4A4..11",,"3","IMRD"
"4A41.00","Vomit pH normal","4A41.00",,"1","IMRD"
"4A42.00","Vomit: excessive acidity","4A42.00",,"1","IMRD"
"4A43.00","Vomit: excessive alkaninity","4A43.00",,"0","IMRD"
"4A4Z.00","Vomit pH NOS","4A4Z.00",,"1","IMRD"
"4A5..00","Vomit occult blood","4A5..00",,"2","IMRD"
"4A5..11","Occult blood in vomit","4A5..11",,"68","IMRD"
"4A51.00","Vomit occult blood positive","4A51.00",,"1","IMRD"
"4A52.00","Vomit occult blood negative","4A52.00",,"8","IMRD"
"4A5Z.00","Vomit occult blood NOS","4A5Z.00",,"5","IMRD"
"4A6..00","Vomit toxicology","4A6..00",,"2","IMRD"
"4A61.00","Vomit sent for toxicology","4A61.00",,"0","IMRD"
"4A62.00","Vomit toxicology: nil found","4A62.00",,"0","IMRD"
"4A63.00","Vomit toxicology: positive","4A63.00",,"0","IMRD"
"4A6Z.00","Vomit toxicology NOS","4A6Z.00",,"1","IMRD"
"4AZ..00","Vomit examination NOS","4AZ..00",,"7","IMRD"
"A0...13","Vomiting - infective","A0...13",,"1326","IMRD"
"E264200","Cyclical vomiting - psychogenic","E264200",,"2004","IMRD"
"E275400","Psychogenic vomiting NOS","E275400",,"494","IMRD"
"Eu50511","[X]Psychogenic vomiting","Eu50511",,"412","IMRD"
"H470.00","Pneumonitis due to inhalation of food or vomitus","H470.00",,"797","IMRD"
"H470300","Pneumonitis due to inhalation of vomitus","H470300",,"95","IMRD"
"H470311","Vomit inhalation pneumonitis","H470311",,"5","IMRD"
"H470312","Aspiration pneumonia due to vomit","H470312",,"638","IMRD"
"H470z00","Pneumonitis due to inhalation of food or vomitus NOS","H470z00",,"33","IMRD"
"J013100","Teeth erosion due to vomiting","J013100",,"9","IMRD"
"J162.00","Persistent vomiting","J162.00",,"3617","IMRD"
"J162.11","Emesis - persistent","J162.11",,"35","IMRD"
"J162000","Cyclical vomiting NOS","J162000",,"2259","IMRD"
"J162100","Habit vomiting","J162100",,"111","IMRD"
"J162z00","Persistent vomiting NOS","J162z00",,"150","IMRD"
"J16y500","Functional vomiting","J16y500",,"414","IMRD"
"J680.00","Haematemesis","J680.00",,"114196","IMRD"
"J680.11","Vomiting of blood","J680.11",,"4427","IMRD"
"R070.00","[D]Nausea and vomiting","R070.00",,"10500","IMRD"
"R070100","[D]Vomiting","R070100",,"45025","IMRD"
"R070200","[D]Emesis","R070200",,"477","IMRD"
"R070400","[D]Projectile vomiting","R070400",,"280","IMRD"
"R070z00","[D]Nausea and vomiting NOS","R070z00",,"2190","IMRD"
"R070z12","[D]Retching","R070z12",,"215","IMRD"
