"MEDICAL_CODE_ID","DESCRIPTION","READ_CODE","SNOMED_CT_CODE","FREQUENCY","DATABASE"
"800781000006116","Generalised pain [symptom]","1DC8.00","82991003","34590","CPRD_AURUM"
"1222482014","[D]General aches and pains","R00z211","82991003","699574","CPRD_AURUM"
"3850301000006112","Generalized body aches","","82991003","6","CPRD_AURUM"
"11905441000006119","Generalized aches and pains","","82991003","0","CPRD_AURUM"
"3850311000006110","Generalized pain","","82991003","7","CPRD_AURUM"
"317086019","[D]Pain, generalized","R00z200","82991003","249959","CPRD_AURUM"
"3850321000006119","Generalised pain","","82991003","65","CPRD_AURUM"
"3850341000006114","Generalised body aches","","82991003","5","CPRD_AURUM"
"5620221000006111","Pain of body region","","279001004","1","CPRD_AURUM"
"4075691000006116","Generalised acute body pains","","102480002","2","CPRD_AURUM"
"5620801000006119","Total body pain syndrome","","279044000","13","CPRD_AURUM"
