"MEDICAL_CODE_ID","DESCRIPTION","READ_CODE","SNOMED_CT_CODE","FREQUENCY","DATABASE"
"177","Abdominal pain","1969.00",,"3690904","CPRD_GOLD"
"290","Epigastric pain","1972.00",,"942600","CPRD_GOLD"
"542","[D]Epigastric pain","R090500",,"57666","CPRD_GOLD"
"716","[D]Abdominal cramps","R090400",,"60750","CPRD_GOLD"
"1763","[D]Abdominal pain","R090.00",,"1918545","CPRD_GOLD"
"1976","Abdominal pain type","196..11",,"512790","CPRD_GOLD"
"2056","[D]Abdominal colic","R090100",,"115675","CPRD_GOLD"
"2234","[D]Recurrent acute abdominal pain","R090E00",,"12639","CPRD_GOLD"
"2383","Abdominal discomfort","1968.00",,"381257","CPRD_GOLD"
"3338","[D]Abdominal pain NOS","R090z00",,"84295","CPRD_GOLD"
"3978","Upper abdominal pain","197B.00",,"15190","CPRD_GOLD"
"4617","Central abdominal pain","1971.00",,"42009","CPRD_GOLD"
"5691","Non-colicky abdominal pain","1963.00",,"5439","CPRD_GOLD"
"5960","Site of abdominal pain","197..13",,"53490","CPRD_GOLD"
"6357","Subcostal pain","197..14",,"3298","CPRD_GOLD"
"7812","Colicky abdominal pain","1962.00",,"78055","CPRD_GOLD"
"8436","[D]Upper abdominal pain","R090H00",,"11411","CPRD_GOLD"
"11070","General abdominal pain-symptom","197A.11",,"885","CPRD_GOLD"
"11647","O/E - abd. pain - R.iliac","25C8.00",,"3572","CPRD_GOLD"
"12639","O/E - abd.pain-R.hypochondrium","25C2.00",,"3546","CPRD_GOLD"
"14916","O/E -abd.pain on palpation NOS","25CZ.00",,"5599","CPRD_GOLD"
"15180","O/E - abdo. pain on palpation","25C..00",,"16331","CPRD_GOLD"
"19223","O/E - abd. pain - epigastrium","25C3.00",,"6160","CPRD_GOLD"
"19283","[D]Nonspecific abdominal pain","R090N00",,"33195","CPRD_GOLD"
"20640","O/E - epigastric pain on palp.","25C..11",,"2215","CPRD_GOLD"
"21583","O/E - abd. pain - L.iliac","25CA.00",,"3776","CPRD_GOLD"
"22608","Lower abdominal pain","197C.00",,"73488","CPRD_GOLD"
"23872","Left subcostal pain","1973.00",,"2830","CPRD_GOLD"
"24627","O/E - abd. pain - umbilical","25C6.00",,"431","CPRD_GOLD"
"24661","Generalised abdominal pain","197A.00",,"13389","CPRD_GOLD"
"24821","Right subcostal pain","1974.00",,"9836","CPRD_GOLD"
"25630","O/E - abd. pain - L.lumbar","25C7.00",,"416","CPRD_GOLD"
"29352","Abdominal wall pain","1969000",,"2640","CPRD_GOLD"
"31062","[D]Other specified abdominal pain","R090y00",,"1031","CPRD_GOLD"
"36558","O/E - abd. pain - R.lumbar","25C5.00",,"418","CPRD_GOLD"
"37101","O/E - abd.pain-L.hypochondrium","25C4.00",,"533","CPRD_GOLD"
"42211","O/E - abd. pain - hypogastrium","25C9.00",,"1472","CPRD_GOLD"
"50662","[X]Pain localized to other parts of lower abdomen","Ryu1000",,"57","CPRD_GOLD"
"52402","[X]Other and unspecified abdominal pain","Ryu1100",,"174","CPRD_GOLD"
"103540","[D]Functional abdominal pain syndrome","R090P00",,"583","CPRD_GOLD"
