"MEDICAL_CODE_ID","DESCRIPTION","READ_CODE","SNOMED_CT_CODE","FREQUENCY","DATABASE"
"72350017","Abdominal discomfort","1968.00","43364001","828462","CPRD_AURUM"
"90723010","Lower abdominal pain","197C.00","54586004","1362414","CPRD_AURUM"
"132601013","Epigastric pain","1972.00","79922009","1743557","CPRD_AURUM"
"137890011","Upper abdominal pain","197B.00","83132003","360205","CPRD_AURUM"
"252305018","Generalised abdominal pain","197A.00","102614006","95852","CPRD_AURUM"
"252575016","Abdominal wall pain","1969000","162042000","32833","CPRD_AURUM"
"252586019","Right subcostal pain","1974.00","162048001","35849","CPRD_AURUM"
"369368016","Abdominal pain type","196..11","247358007","463735","CPRD_AURUM"
"402479018","O/E - abdo. pain on palpation","25C..00","268941000","38673","CPRD_AURUM"
"958291000006112","Colicky abdominal pain present","","958291000006108","1253","CPRD_AURUM"
"961961000006110","Cramping/abdominal discomfort","","961961000006106","2639","CPRD_AURUM"
"1983911000006113","Manchester triage - Abdominal pain in adult","","1983911000006109","161","CPRD_AURUM"
"1983921000006117","Manchester triage - Abdominal pain in child","","1983921000006101","19","CPRD_AURUM"
"254362016","O/E -abd.pain on palpation NOS","25CZ.00","268941000","6967","CPRD_AURUM"
"317567019","[D]Abdominal cramps","R090400","51197009","117916","CPRD_AURUM"
"317568012","[D]Epigastric pain","R090500","79922009","219715","CPRD_AURUM"
"317578010","[D]Acute abdomen","R096.00","9209005","7179","CPRD_AURUM"
"317586010","[D]Other specified abdominal pain","R090y00","21522001","1247","CPRD_AURUM"
"317587018","[D]Abdominal pain NOS","R090z00","21522001","175866","CPRD_AURUM"
"455443010","[D]Nonspecific abdominal pain","R090N00","304542004","106538","CPRD_AURUM"
"293121000006115","[D]Acute abdomen","R090F00","9209005","16202","CPRD_AURUM"
"254353018","O/E - abd. pain - epigastrium","25C3.00","163215003","22965","CPRD_AURUM"
"254355013","O/E - abd. pain - R.lumbar","25C5.00","163217006","1558","CPRD_AURUM"
"254356014","O/E - abd. pain - umbilical","25C6.00","163218001","2621","CPRD_AURUM"
"254358010","O/E - abd. pain - L.lumbar","25C7.00","163219009","1645","CPRD_AURUM"
"254359019","O/E - abd. pain - R.iliac","25C8.00","163220003","17643","CPRD_AURUM"
"254360012","O/E - abd. pain - hypogastrium","25C9.00","163221004","3960","CPRD_AURUM"
"254361011","O/E - abd. pain - L.iliac","25CA.00","163222006","13661","CPRD_AURUM"
"2659131000006111","Colicky abdominal pain","","9991008","6","CPRD_AURUM"
"5243121000006113","Type of abdominal pain","","247358007","1909","CPRD_AURUM"
"12454931000006114","O/E - abd. pain - umbilical","","163218001","0","CPRD_AURUM"
"4559871000006115","On examination - abdominal pain - umbilical","","163218001","0","CPRD_AURUM"
"12454901000006118","O/E - abd. pain - L.lumbar","","163219009","0","CPRD_AURUM"
"4559901000006115","On examination - abdominal pain - left lumbar","","163219009","0","CPRD_AURUM"
"2842251000006112","AP - Abdominal pain","","21522001","2","CPRD_AURUM"
"2646781000006115","Acute abdominal pain syndrome","","9209005","0","CPRD_AURUM"
"12454911000006115","O/E - abd. pain - R.iliac","","163220003","0","CPRD_AURUM"
"4077761000006110","Generalized abdominal pain","","102614006","2","CPRD_AURUM"
"4559941000006118","On examination - abdominal pain - hypogastrium","","163221004","0","CPRD_AURUM"
"2659121000006113","Spasmodic abdominal pain","","9991008","2","CPRD_AURUM"
"12454991000006113","O/E - abd.pain-L.hypochondrium","","163216002","0","CPRD_AURUM"
"12454891000006117","O/E - abd. pain - L.iliac","","163222006","0","CPRD_AURUM"
"12454871000006118","O/E - abd. pain - epigastrium","","163215003","0","CPRD_AURUM"
"12454921000006111","O/E - abd. pain - R.lumbar","","163217006","0","CPRD_AURUM"
"12455001000006118","O/E - abd.pain-R.hypochondrium","","163214004","0","CPRD_AURUM"
"4559961000006119","On examination - abdominal pain - left iliac","","163222006","0","CPRD_AURUM"
"12454471000006115","O/E - epigastric pain on palp.","","308903002","0","CPRD_AURUM"
"1858471000006119","Abdominal pain score","","1858471000006103","1","CPRD_AURUM"
"958281000006114","Colicky abdominal pain control","","958281000006105","73","CPRD_AURUM"
"252571013","Non-colicky abdominal pain","1963.00","162038003","20883","CPRD_AURUM"
"317562013","[D]Abdominal pain","R090.00","21522001","3122076","CPRD_AURUM"
"317564014","[D]Abdominal colic","R090100","9991008","130272","CPRD_AURUM"
"452290019","O/E - epigastric pain on palp.","25C..11","308903002","13642","CPRD_AURUM"
"4559811000006112","On examination - abdominal pain - epigastrium","","163215003","0","CPRD_AURUM"
"4559791000006113","On examination - abdominal pain - right hypochondrium","","163214004","0","CPRD_AURUM"
"1218836019","General abdominal pain-symptom","197A.11","102614006","8784","CPRD_AURUM"
"369360011","Subcostal pain","197..14","247352008","4932","CPRD_AURUM"
"369361010","Site of abdominal pain","197..13","247353003","28207","CPRD_AURUM"
"1786591000006112","[D]Functional abdominal pain syndrome","R090P00","449890002","3198","CPRD_AURUM"
"254352011","O/E - abd.pain-R.hypochondrium","25C2.00","163214004","16464","CPRD_AURUM"
"254354012","O/E - abd.pain-L.hypochondrium","25C4.00","163216002","3990","CPRD_AURUM"
"12454881000006115","O/E - abd. pain - hypogastrium","","163221004","0","CPRD_AURUM"
"4559831000006118","On examination - abdominal pain - left hypochondrium","","163216002","0","CPRD_AURUM"
"5983231000006110","On examination - epigastric pain on palpation","","308903002","0","CPRD_AURUM"
"252584016","Central abdominal pain","1971.00","162046002","117874","CPRD_AURUM"
"252585015","Left subcostal pain","1973.00","162047006","12858","CPRD_AURUM"
"36112013","Abdominal pain","1969.00","21522001","8304547","CPRD_AURUM"
"317577017","[D]Recurrent acute abdominal pain","R090E00","271858001","25655","CPRD_AURUM"
"318001012","[X]Pain localized to other parts of lower abdomen","Ryu1000","54586004","2386","CPRD_AURUM"
"318003010","[X]Other and unspecified abdominal pain","Ryu1100","21522001","1361","CPRD_AURUM"
"1236016018","Colicky abdominal pain","1962.00","9991008","401056","CPRD_AURUM"
"4559921000006113","On examination - abdominal pain - right iliac","","163220003","0","CPRD_AURUM"
"303651000006110","[D]Upper abdominal pain","R090H00","83132003","40118","CPRD_AURUM"
"4559851000006113","On examination - abdominal pain - right lumbar","","163217006","0","CPRD_AURUM"
