"MEDICAL_CODE_ID","DESCRIPTION","READ_CODE","SNOMED_CT_CODE","FREQUENCY","DATABASE"
"196..11","Abdominal pain type","196..11",,"477027","IMRD"
"1962.00","Colicky abdominal pain","1962.00",,"81019","IMRD"
"1963.00","Non-colicky abdominal pain","1963.00",,"4379","IMRD"
"1968.00","Abdominal discomfort","1968.00",,"299472","IMRD"
"1969.00","Abdominal pain","1969.00",,"3094393","IMRD"
"1969000","Abdominal wall pain","1969000",,"1742","IMRD"
"197..13","Site of abdominal pain","197..13",,"44034","IMRD"
"197..14","Subcostal pain","197..14",,"2666","IMRD"
"1971.00","Central abdominal pain","1971.00",,"44826","IMRD"
"1972.00","Epigastric pain","1972.00",,"789232","IMRD"
"1973.00","Left subcostal pain","1973.00",,"2999","IMRD"
"1974.00","Right subcostal pain","1974.00",,"10540","IMRD"
"197A.00","Generalised abdominal pain","197A.00",,"13587","IMRD"
"197A.11","General abdominal pain-symptom","197A.11",,"754","IMRD"
"197B.00","Upper abdominal pain","197B.00",,"13202","IMRD"
"197C.00","Lower abdominal pain","197C.00",,"66758","IMRD"
"25C..00","O/E - abdo. pain on palpation","25C..00",,"21333","IMRD"
"25C..11","O/E - epigastric pain on palp.","25C..11",,"2908","IMRD"
"25C2.00","O/E - abd.pain-R.hypochondrium","25C2.00",,"3594","IMRD"
"25C3.00","O/E - abd. pain - epigastrium","25C3.00",,"6489","IMRD"
"25C4.00","O/E - abd.pain-L.hypochondrium","25C4.00",,"606","IMRD"
"25C5.00","O/E - abd. pain - R.lumbar","25C5.00",,"536","IMRD"
"25C6.00","O/E - abd. pain - umbilical","25C6.00",,"466","IMRD"
"25C7.00","O/E - abd. pain - L.lumbar","25C7.00",,"568","IMRD"
"25C8.00","O/E - abd. pain - R.iliac","25C8.00",,"4130","IMRD"
"25C9.00","O/E - abd. pain - hypogastrium","25C9.00",,"1247","IMRD"
"25CA.00","O/E - abd. pain - L.iliac","25CA.00",,"4265","IMRD"
"25CZ.00","O/E -abd.pain on palpation NOS","25CZ.00",,"4601","IMRD"
"R090.00","[D]Abdominal pain","R090.00",,"1560332","IMRD"
"R090400","[D]Abdominal cramps","R090400",,"53140","IMRD"
"R090500","[D]Epigastric pain","R090500",,"43940","IMRD"
"R090E00","[D]Recurrent acute abdominal pain","R090E00",,"10238","IMRD"
"R090H00","[D]Upper abdominal pain","R090H00",,"10401","IMRD"
"R090N00","[D]Nonspecific abdominal pain","R090N00",,"31043","IMRD"
"R090P00","[D]Functional abdominal pain syndrome","R090P00",,"525","IMRD"
"R090y00","[D]Other specified abdominal pain","R090y00",,"637","IMRD"
"R090z00","[D]Abdominal pain NOS","R090z00",,"74852","IMRD"
"Ryu1000","[X]Pain localized to other parts of lower abdomen","Ryu1000",,"60","IMRD"
"Ryu1100","[X]Other and unspecified abdominal pain","Ryu1100",,"127","IMRD"
