"MEDICAL_CODE_ID","DESCRIPTION","READ_CODE","SNOMED_CT_CODE","FREQUENCY","DATABASE"
"1825.00","Pleuritic pain","1825.00",,"104399","IMRD"
"1827.00","Painful breathing -pleurodynia","1827.00",,"1132","IMRD"
"1827.11","Pleurodynia","1827.11",,"3090","IMRD"
"A741.00","Epidemic pleurodynia","A741.00",,"951","IMRD"
"H501400","Purulent pleurisy","H501400",,"93","IMRD"
"H51..00","Pleurisy","H51..00",,"95949","IMRD"
"H510300","Acute dry pleurisy","H510300",,"122","IMRD"
"H510400","Diaphragmatic pleurisy","H510400",,"62","IMRD"
"H510500","Basal pleurisy","H510500",,"284","IMRD"
"H510600","Chronic dry pleurisy","H510600",,"2","IMRD"
"H510700","Fibrinous pleurisy","H510700",,"57","IMRD"
"H510800","Sterile pleurisy","H510800",,"8","IMRD"
"H51y000","Encysted pleurisy","H51y000",,"11","IMRD"
"H51z000","Exudative pleurisy NOS","H51z000",,"23","IMRD"
"H51z100","Serofibrinous pleurisy NOS","H51z100",,"7","IMRD"
"H51z200","Serous pleurisy NOS","H51z200",,"14","IMRD"
"R065300","[D]Painful respiration NOS","R065300",,"1645","IMRD"
"R065400","[D]Pleuritic pain","R065400",,"4823","IMRD"
"R065500","[D]Pleurodynia","R065500",,"466","IMRD"
