"MEDICAL_CODE_ID","DESCRIPTION","READ_CODE","SNOMED_CT_CODE","FREQUENCY","DATABASE"
"4871019","Pleurodynia","1827.11","2237002","3484","CPRD_AURUM"
"4874010","Pleuritic pain","1825.00","2237002","281023","CPRD_AURUM"
"128069014","Fibrinous pleurisy","H510700","77138008","256","CPRD_AURUM"
"138087018","Epidemic pleurodynia","A741.00","83264000","3099","CPRD_AURUM"
"301644013","Pleurisy","H51..00","196075003","232483","CPRD_AURUM"
"301647018","Acute dry pleurisy","H510300","196077006","1296","CPRD_AURUM"
"301650015","Basal pleurisy","H510500","196079009","1273","CPRD_AURUM"
"301651016","Chronic dry pleurisy","H510600","196080007","52","CPRD_AURUM"
"481328013","Painful breathing -pleurodynia","1827.00","2237002","6486","CPRD_AURUM"
"1231843013","Purulent pleurisy","H501400","58554001","148","CPRD_AURUM"
"301670014","Serofibrinous pleurisy NOS","H51z100","196075003","20","CPRD_AURUM"
"301671013","Serous pleurisy NOS","H51z200","196075003","19","CPRD_AURUM"
"317428011","[D]Painful respiration NOS","R065300","75483001","5795","CPRD_AURUM"
"3048161000006111","Adhesive pleuritis","","34038005","0","CPRD_AURUM"
"2534641000006115","Pleuralgia","","2237002","0","CPRD_AURUM"
"3854971000006111","Epidemic benign dry pleurisy","","83264000","0","CPRD_AURUM"
"3727481000006113","Breathing painful","","75483001","442","CPRD_AURUM"
"3754521000006119","Fibrinous pleuritis","","77138008","0","CPRD_AURUM"
"301652011","Sterile pleurisy","H510800","196081006","30","CPRD_AURUM"
"317429015","[D]Pleuritic pain","R065400","2237002","27527","CPRD_AURUM"
"2534651000006118","Pleural pain","","2237002","0","CPRD_AURUM"
"3854981000006114","Epidemic pleurisy","","83264000","0","CPRD_AURUM"
"301669013","Exudative pleurisy NOS","H51z000","196075003","91","CPRD_AURUM"
"22395010","Diaphragmatic pleurisy","H510400","13082000","239","CPRD_AURUM"
"46467017","Encysted pleurisy","H51y000","27757009","23","CPRD_AURUM"
"4782151000006119","Pleuritis","","196075003","2","CPRD_AURUM"
"317430013","[D]Pleurodynia","R065500","2237002","1861","CPRD_AURUM"
"6765691000006119","Pleuritic breathing","","408691009","1","CPRD_AURUM"
"7988031000006111","Anterior pleuritic pain","","7921000119104","1","CPRD_AURUM"
"5243651000006110","Painful cough","","247410004","28","CPRD_AURUM"
"5565131000006110","Chest pain on breathing","","274664007","34","CPRD_AURUM"
"5053821000006113","Dry pleurisy","","233638004","1","CPRD_AURUM"
