"MEDICAL_CODE_ID","DESCRIPTION","READ_CODE","SNOMED_CT_CODE","FREQUENCY","DATABASE"
"978","Pleurisy","H51..00",,"115745","CPRD_GOLD"
"1059","Pleuritic pain","1825.00",,"130807","CPRD_GOLD"
"1283","Pleurodynia","1827.11",,"4163","CPRD_GOLD"
"14819","[D]Painful respiration NOS","R065300",,"1962","CPRD_GOLD"
"18183","[D]Pleuritic pain","R065400",,"5465","CPRD_GOLD"
"19207","Acute dry pleurisy","H510300",,"175","CPRD_GOLD"
"20490","Painful breathing -pleurodynia","1827.00",,"1061","CPRD_GOLD"
"23322","Epidemic pleurodynia","A741.00",,"783","CPRD_GOLD"
"24761","[D]Pleurodynia","R065500",,"463","CPRD_GOLD"
"37599","Basal pleurisy","H510500",,"327","CPRD_GOLD"
"40819","Diaphragmatic pleurisy","H510400",,"73","CPRD_GOLD"
"47354","Fibrinous pleurisy","H510700",,"54","CPRD_GOLD"
"49452","Purulent pleurisy","H501400",,"141","CPRD_GOLD"
"55211","Serous pleurisy NOS","H51z200",,"8","CPRD_GOLD"
"57092","Encysted pleurisy","H51y000",,"17","CPRD_GOLD"
"60142","Exudative pleurisy NOS","H51z000",,"34","CPRD_GOLD"
"62895","Chronic dry pleurisy","H510600",,"3","CPRD_GOLD"
"67452","Sterile pleurisy","H510800",,"12","CPRD_GOLD"
"68470","Serofibrinous pleurisy NOS","H51z100",,"6","CPRD_GOLD"
