"MEDICAL_CODE_ID","DESCRIPTION","READ_CODE","SNOMED_CT_CODE","FREQUENCY","DATABASE"
"1B3..12","Weakness symptoms","1B3..12",,"122072","IMRD"
"1B32.00","Weakness present","1B32.00",,"21232","IMRD"
"43G3200","Smooth muscle antibodies weakly positive","43G3200",,"3","IMRD"
"Eu46y14","[X]Psychasthenia","Eu46y14",,"1","IMRD"
"R007200","[D]Asthenia NOS","R007200",,"14140","IMRD"
"R007211","[D]General weakness","R007211",,"5947","IMRD"
"R202.00","[D]Senile asthenia","R202.00",,"73","IMRD"
"R203.00","[D]Senile debility","R203.00",,"1079","IMRD"
