"MEDICAL_CODE_ID","DESCRIPTION","READ_CODE","SNOMED_CT_CODE","FREQUENCY","DATABASE"
"252995016","Weakness present","1B32.00","162236007","50828","CPRD_AURUM"
"2718681000006113","Weakness","","13791008","102","CPRD_AURUM"
"317066018","[D]Asthenia NOS","R007200","13791008","17540","CPRD_AURUM"
"317930017","[D]Senile debility","R203.00","271875007","3997","CPRD_AURUM"
"406378013","[D]Debility, unspecified","R2y3.00","13791008","45139","CPRD_AURUM"
"58981000006110","Weakness symptoms","1B3..12","26544005","190760","CPRD_AURUM"
"423791000006113","[X]Psychasthenia","Eu46y14","191746002","8","CPRD_AURUM"
"2925121000006114","Decreased muscle strength","","26544005","0","CPRD_AURUM"
"7705081000006114","Muscle weakness of limb","","713514005","1453","CPRD_AURUM"
"2718651000006117","General weakness","","13791008","75","CPRD_AURUM"
"2925111000006118","Muscle strength reduced","","26544005","10","CPRD_AURUM"
"1222479016","[D]Lassitude","R007z11","13791008","16247","CPRD_AURUM"
"4764961000006110","Psychasthenia","","191746002","0","CPRD_AURUM"
"2718701000006111","Feeling weak","","13791008","7","CPRD_AURUM"
"4056671000006113","Diaphragm muscle weakness","","95438009","0","CPRD_AURUM"
"317929010","[D]Senile asthenia","R202.00","18726006","96","CPRD_AURUM"
"298141000006116","[D]General weakness","R007211","13791008","37468","CPRD_AURUM"
"5278431000006113","Proximal muscle weakness","","249939004","8","CPRD_AURUM"
"8261291000006117","Severity of asthenia of voice","","811861000000100","9","CPRD_AURUM"
"5278521000006114","Pyramidal type muscle weakness","","249946008","1","CPRD_AURUM"
"5010911000006114","Ocular myasthenia","","230684008","170","CPRD_AURUM"
"5255301000006116","Attacks of weakness","","248278004","3","CPRD_AURUM"
"7705071000006111","Muscle weakness of upper limb","","713512009","2","CPRD_AURUM"
"4380481000006115","Subjective muscle weakness","","126013009","1","CPRD_AURUM"
"5850741000006115","Hand muscle weakness","","298283006","6","CPRD_AURUM"
"5986541000006110","Calf muscle weakness","","309249007","4","CPRD_AURUM"
