"MEDICAL_CODE_ID","DESCRIPTION","READ_CODE","SNOMED_CT_CODE","FREQUENCY","DATABASE"
"485201000006117","Anosmia - loss of smell sense","1B45.00","44169009","96259","CPRD_AURUM"
"460638013","[V]Problem with smell or taste","ZV41500","2611000119103","3102","CPRD_AURUM"
"3211421000006117","No sense of smell","","44169009","5","CPRD_AURUM"
"3211411000006113","Loss of the sense of smell","","44169009","1","CPRD_AURUM"
"5532831000006116","Complaining of anosmia","","272028008","0","CPRD_AURUM"
"4574721000006113","On examination - anosmia","","164086009","0","CPRD_AURUM"
"3211441000006112","Sense of smell absent","","44169009","0","CPRD_AURUM"
"3211431000006119","Sense of smell lost","","44169009","16","CPRD_AURUM"
"255453013","O/E - anosmia","2BP3.00","164086009","552","CPRD_AURUM"
"3211391000006113","Absent smell","","44169009","0","CPRD_AURUM"
"317115013","[D]Anosmia","R011000","44169009","15097","CPRD_AURUM"
"3211451000006114","Anosmia (loss of sense of smell)","","44169009","0","CPRD_AURUM"
"2579255011","C/O - loss of smell sense","1B45.12","272028008","9952","CPRD_AURUM"
"407070016","C/O - anosmia","1B45.11","272028008","13283","CPRD_AURUM"
