"MEDICAL_CODE_ID","DESCRIPTION","READ_CODE","SNOMED_CT_CODE","FREQUENCY","DATABASE"
"1718","[D]Anosmia","R011000",,"10735","CPRD_GOLD"
"7088","C/O - anosmia","1B45.11",,"14805","CPRD_GOLD"
"7450","C/O - loss of smell sense","1B45.12",,"9359","CPRD_GOLD"
"25122","Anosmia - loss of smell sense","1B45.00",,"2055","CPRD_GOLD"
"25678","O/E - anosmia","2BP3.00",,"242","CPRD_GOLD"
"29823","[V]Problem with smell or taste","ZV41500",,"361","CPRD_GOLD"
"56698","Unable to recognise smells","Z7C2411",,"47","CPRD_GOLD"
