"MEDICAL_CODE_ID","DESCRIPTION","READ_CODE","SNOMED_CT_CODE","FREQUENCY","DATABASE"
"252623015","Abdominal distension symptom","19A..00","162068007","125073","CPRD_AURUM"
"370924017","Bloating symptom","19B..12","248490000","558791","CPRD_AURUM"
"2475423012","Abdomen feels bloated","19A2.00","248490000","132110","CPRD_AURUM"
"317475011","[D]Bloating","R073400","248490000","96841","CPRD_AURUM"
"317594015","[D]Swelling, mass or lump within abdomen or pelvis","R093.00","274719002","15159","CPRD_AURUM"
"317610019","[D]Swelling, mass or lump within abdomen or pelvis NOS","R093z00","274719002","1039","CPRD_AURUM"
"436421000006112","Abdomen feels swollen","19A4.00","162068007","3892","CPRD_AURUM"
"3486521000006112","Swelling of abdomen","","60728008","8","CPRD_AURUM"
"3486501000006119","Bloat","","60728008","0","CPRD_AURUM"
"3486481000006112","Swollen abdomen","","60728008","6847","CPRD_AURUM"
"3486561000006118","Abdomen distended","","60728008","139","CPRD_AURUM"
"3486511000006116","Bloating","","60728008","18","CPRD_AURUM"
"2475503014","Abdomen feels distended","19A3.00","162068007","28253","CPRD_AURUM"
"3486531000006110","Bloated abdomen","","60728008","287","CPRD_AURUM"
"252628012","Abd. distension symptom NOS","19AZ.00","162068007","7015","CPRD_AURUM"
"7837471000006115","Functional bloating","","722879009","2","CPRD_AURUM"
"4270371000006111","Abdominal bloating","","116289008","12","CPRD_AURUM"
