"MEDICAL_CODE_ID","DESCRIPTION","READ_CODE","SNOMED_CT_CODE","FREQUENCY","DATABASE"
"2657","Abdomen feels distended","19A3.00",,"11242","CPRD_GOLD"
"5150","[D]Bloating","R073400",,"58422","CPRD_GOLD"
"5821","Bloating symptom","19B..12",,"239866","CPRD_GOLD"
"5838","[D]Swelling, mass or lump within abdomen or pelvis","R093.00",,"15141","CPRD_GOLD"
"6229","Abdominal distension symptom","19A..00",,"74793","CPRD_GOLD"
"16370","[D]Swelling, mass or lump within abdomen or pelvis NOS","R093z00",,"397","CPRD_GOLD"
"29567","Abdomen feels bloated","19A2.00",,"5072","CPRD_GOLD"
"36966","Abdomen feels swollen","19A4.00",,"296","CPRD_GOLD"
"41607","Abd. distension symptom NOS","19AZ.00",,"864","CPRD_GOLD"
