"MEDICAL_CODE_ID","DESCRIPTION","READ_CODE","SNOMED_CT_CODE","FREQUENCY","DATABASE"
"19A..00","Abdominal distension symptom","19A..00",,"66532","IMRD"
"19A2.00","Abdomen feels bloated","19A2.00",,"4987","IMRD"
"19A3.00","Abdomen feels distended","19A3.00",,"7643","IMRD"
"19A4.00","Abdomen feels swollen","19A4.00",,"284","IMRD"
"19AZ.00","Abd. distension symptom NOS","19AZ.00",,"472","IMRD"
"19B..12","Bloating symptom","19B..12",,"222075","IMRD"
"R073400","[D]Bloating","R073400",,"47349","IMRD"
"R093.00","[D]Swelling, mass or lump within abdomen or pelvis","R093.00",,"12682","IMRD"
"R093z00","[D]Swelling, mass or lump within abdomen or pelvis NOS","R093z00",,"282","IMRD"
