"MEDICAL_CODE_ID","DESCRIPTION","READ_CODE","SNOMED_CT_CODE","FREQUENCY","DATABASE"
"136","Episcleritis","F4K0.11",,"51617","CPRD_GOLD"
"174","Conjunctivitis","F4C0.12",,"966742","CPRD_GOLD"
"477","Uveitis NOS","F443.11",,"50587","CPRD_GOLD"
"478","Iritis - acute","F440.11",,"42869","CPRD_GOLD"
"515","Keratitis","F4A..00",,"61294","CPRD_GOLD"
"571","Redness of eye NOS","F4Kz400",,"27841","CPRD_GOLD"
"1080","Red eye NOS","F4Kz411",,"81573","CPRD_GOLD"
"1864","Acute conjunctivitis","F4C0.00",,"2109677","CPRD_GOLD"
"2168","Blepharoconjunctivitis","F4C2.00",,"28936","CPRD_GOLD"
"2245","Anterior uveitis","F443000",,"34618","CPRD_GOLD"
"2398","Chronic conjunctivitis","F4C1.00",,"23459","CPRD_GOLD"
"2703","Iridocyclitis","F44..12",,"3382","CPRD_GOLD"
"3498","Chronic follicular conjunctivitis","F4C1200",,"2315","CPRD_GOLD"
"3581","Unspecified keratoconjunctivitis","F4A4000",,"992","CPRD_GOLD"
"5176","Punctate keratitis","F4A2100",,"2667","CPRD_GOLD"
"5318","Scleritis","F4K0.12",,"10291","CPRD_GOLD"
"5556","Chronic anterior uveitis","F441200",,"7848","CPRD_GOLD"
"6057","Red eye symptom","1B85.11",,"155803","CPRD_GOLD"
"6198","Acute follicular conjunctivitis","F4C0200",,"2744","CPRD_GOLD"
"6749","Thygeson's superficial punctate keratitis","F4A2112",,"540","CPRD_GOLD"
"6783","Nodular episcleritis","F4K0200",,"1205","CPRD_GOLD"
"6849","Acute or subacute iritis NOS","F440z00",,"1215","CPRD_GOLD"
"8299","H/O: iritis","1486.00",,"3114","CPRD_GOLD"
"10202","Other conjunctivitis NOS","F4C3z00",,"2194","CPRD_GOLD"
"10579","Acute and subacute iridocyclitis","F440.00",,"5250","CPRD_GOLD"
"10679","Conjunctivitis","F4C0011",,"29084","CPRD_GOLD"
"10999","Posterior uveitis NOS","F432200",,"1615","CPRD_GOLD"
"12131","Keratoconjunctivitis","F4A..11",,"6985","CPRD_GOLD"
"12595","Acute mucopurulent conjunctivitis","F4C0300",,"20373","CPRD_GOLD"
"14731","Unspecified iridocyclitis","F443.00",,"11842","CPRD_GOLD"
"15083","Unspecified acute conjunctivitis","F4C0000",,"16143","CPRD_GOLD"
"15102","Unspecified chronic conjunctivitis","F4C1000",,"303","CPRD_GOLD"
"15342","Hyperaemia of conjunctiva","F4C7000",,"2720","CPRD_GOLD"
"15645","Acute conjunctivitis NOS","F4C0z00",,"28864","CPRD_GOLD"
"15686","Other keratoconjunctivitis NOS","F4A4z00",,"793","CPRD_GOLD"
"15996","Scleritis and episcleritis","F4K0.00",,"5106","CPRD_GOLD"
"16453","Has a red eye","1B85.00",,"19700","CPRD_GOLD"
"17480","Chronic iritis","F441.11",,"2480","CPRD_GOLD"
"17725","Other and unspecified conjunctivitis","F4C3.00",,"1054","CPRD_GOLD"
"19941","Chronic conjunctivitis NOS","F4C1z00",,"729","CPRD_GOLD"
"20060","Catarrhal conjunctivitis","F4C0400",,"971","CPRD_GOLD"
"20305","Other superficial keratitis without conjunctivitis NOS","F4A2z00",,"69","CPRD_GOLD"
"20491","Sclerosing keratitis","F4A5200",,"39","CPRD_GOLD"
"21163","Recurrent iridocyclitis","F440300",,"253","CPRD_GOLD"
"21685","Panuveitis","F401100",,"1269","CPRD_GOLD"
"24948","Specific keratoconjunctivitis","F4A3.00",,"204","CPRD_GOLD"
"27545","Other superficial keratitis without conjunctivitis","F4A2.00",,"111","CPRD_GOLD"
"27797","Keratitis NOS","F4Az.00",,"2946","CPRD_GOLD"
"28123","Posterior scleritis","F4K0700",,"113","CPRD_GOLD"
"28303","Blepharoconjunctivitis NOS","F4C2z00",,"516","CPRD_GOLD"
"29375","Unspecified conjunctivitis","F4C3000",,"8567","CPRD_GOLD"
"29714","Simple chronic conjunctivitis","F4C1100",,"155","CPRD_GOLD"
"30398","Rosacea conjunctivitis","F4C3100",,"576","CPRD_GOLD"
"35193","Other forms of keratitis","F4Ay.00",,"708","CPRD_GOLD"
"35599","Unspecified scleritis","F4K0000",,"452","CPRD_GOLD"
"37140","Chronic iridocyclitis","F441.00",,"482","CPRD_GOLD"
"38351","Unspecified blepharoconjunctivitis","F4C2000",,"197","CPRD_GOLD"
"38716","Unspecified chronic iridocyclitis","F441000",,"34","CPRD_GOLD"
"40365","Anterior scleritis","F4K0300",,"322","CPRD_GOLD"
"43159","Unspecified acute iridocyclitis","F440000",,"423","CPRD_GOLD"
"44027","Other keratoconjunctivitis","F4A4.00",,"172","CPRD_GOLD"
"44620","Specific keratoconjunctivitis NOS","F4A3z00",,"70","CPRD_GOLD"
"44859","Scleritis or episcleritis NOS","F4K0z00",,"859","CPRD_GOLD"
"47820","Episcleritis periodica fugax","F4K0100",,"50","CPRD_GOLD"
"48128","Panophthalmitis","F400200",,"53","CPRD_GOLD"
"51523","Brawny scleritis","F4K0600",,"8","CPRD_GOLD"
"52111","[X]Other acute conjunctivitis","FyuC000",,"204","CPRD_GOLD"
"53752","[X]Other conjunctivitis","FyuC100",,"587","CPRD_GOLD"
"56042","Unspecified superficial keratitis","F4A2000",,"119","CPRD_GOLD"
"63210","Unspecified subacute iridocyclitis","F440100",,"24","CPRD_GOLD"
"64804","Chronic iridocyclitis NOS","F441z00",,"74","CPRD_GOLD"
"69723","Primary iridocyclitis","F440200",,"32","CPRD_GOLD"
"72393","[X]Other keratitis","FyuD200",,"77","CPRD_GOLD"
"72481","Certain types of iridocyclitis","F442.00",,"7","CPRD_GOLD"
"72913","[X]Other superficial keratitis without conjunctivitis","FyuD100",,"6","CPRD_GOLD"
"91596","Certain types of cyclitis NOS","F442z00",,"20","CPRD_GOLD"
"98094","Iritis","F443100",,"4622","CPRD_GOLD"
"110971","[X]Other iridocyclitis","FyuDC00",,"1","CPRD_GOLD"
