"MEDICAL_CODE_ID","DESCRIPTION","READ_CODE","SNOMED_CT_CODE","FREQUENCY","DATABASE"
"12361010","Recurrent iridocyclitis","F440300","6869001","1330","CPRD_AURUM"
"17160012","Conjunctivitis","F4C0.12","9826008","1514444","CPRD_AURUM"
"21698018","Primary iridocyclitis","F440200","12630008","248","CPRD_AURUM"
"55709016","Panophthalmitis","F400200","33382000","119","CPRD_AURUM"
"66132019","Chronic follicular conjunctivitis","F4C1200","39429002","2733","CPRD_AURUM"
"89308010","Acute conjunctivitis","F4C0.00","53726008","4917000","CPRD_AURUM"
"105477014","Anterior scleritis","F4K0300","63454000","2751","CPRD_AURUM"
"114437019","Catarrhal conjunctivitis","F4C0400","68898005","7106","CPRD_AURUM"
"130057013","Scleritis","F4K0.12","78370002","19559","CPRD_AURUM"
"399468012","Acute mucopurulent conjunctivitis","F4C0300","267642007","73934","CPRD_AURUM"
"399489015","Posterior scleritis","F4K0700","267660007","1111","CPRD_AURUM"
"454062010","H/O: iritis","1486.00","310479003","7998","CPRD_AURUM"
"1786145010","Chronic anterior uveitis","F441200","398155003","14732","CPRD_AURUM"
"883441000006112","Left Conjunctivitis","F4C0.99","53726008","3325","CPRD_AURUM"
"883591000006116","Scleritis/episcleritis","F4K0.99","267659002","3849","CPRD_AURUM"
"907851000006112","[RFC] Conjunctivitis","","907851000006108","18","CPRD_AURUM"
"129405018","Iridocyclitis","F44..12","77971008","3753","CPRD_AURUM"
"297907017","Posterior uveitis NOS","F432200","43363007","4553","CPRD_AURUM"
"297958015","Unspecified acute iridocyclitis","F440000","267618008","1352","CPRD_AURUM"
"297959011","Unspecified subacute iridocyclitis","F440100","267618008","99","CPRD_AURUM"
"297972012","Chronic iridocyclitis NOS","F441z00","77971008","161","CPRD_AURUM"
"297973019","Certain types of iridocyclitis","F442.00","77971008","30","CPRD_AURUM"
"298336010","Specific keratoconjunctivitis","F4A3.00","88151007","1599","CPRD_AURUM"
"298344010","Other keratoconjunctivitis","F4A4.00","88151007","1295","CPRD_AURUM"
"298345011","Unspecified keratoconjunctivitis","F4A4000","88151007","1451","CPRD_AURUM"
"298363011","Other forms of keratitis","F4Ay.00","91514001","3035","CPRD_AURUM"
"298476018","Acute conjunctivitis NOS","F4C0z00","53726008","123939","CPRD_AURUM"
"298477010","Unspecified chronic conjunctivitis","F4C1000","73762008","808","CPRD_AURUM"
"298484019","Unspecified blepharoconjunctivitis","F4C2000","68659002","2380","CPRD_AURUM"
"298487014","Blepharoconjunctivitis NOS","F4C2z00","68659002","2895","CPRD_AURUM"
"298488016","Other and unspecified conjunctivitis","F4C3.00","9826008","1695","CPRD_AURUM"
"298489012","Unspecified conjunctivitis","F4C3000","9826008","199410","CPRD_AURUM"
"298492011","Other conjunctivitis NOS","F4C3z00","9826008","2395","CPRD_AURUM"
"298867016","Scleritis or episcleritis NOS","F4K0z00","267659002","2860","CPRD_AURUM"
"299433013","[X]Other conjunctivitis","FyuC100","9826008","1502","CPRD_AURUM"
"299444017","[X]Other keratitis","FyuD200","5888003","1702","CPRD_AURUM"
"299456016","[X]Other iridocyclitis","FyuDC00","77971008","159","CPRD_AURUM"
"399467019","Unspecified acute conjunctivitis","F4C0000","53726008","75189","CPRD_AURUM"
"2477006014","Chronic iritis","F441.11","314429009","6108","CPRD_AURUM"
"71731000006116","Uveitis NOS","F443.11","128473001","109824","CPRD_AURUM"
"183481000006113","Red eye symptom","1B85.11","703630003","187628","CPRD_AURUM"
"589531000006119","Conjunctivitis","F4C0011","9826008","130660","CPRD_AURUM"
"298926010","Redness of eye NOS","F4Kz400","75705005","43993","CPRD_AURUM"
"70919018","Punctate keratitis","F4A2100","42513006","9829","CPRD_AURUM"
"6000361000006114","History of iritis","","310479003","0","CPRD_AURUM"
"6598751000006111","Chronic iritis","","398155003","0","CPRD_AURUM"
"3988461000006118","Diffuse scleritis","","91612009","1","CPRD_AURUM"
"3185431000006115","PK - Punctate keratitis","","42513006","0","CPRD_AURUM"
"12182641000006110","Punctate epithelial keratitis","","42513006","1","CPRD_AURUM"
"3729601000006113","Diffuse uveitis","","75614007","0","CPRD_AURUM"
"3185391000006114","Punctate keratitis","","42513006","0","CPRD_AURUM"
"12450881000006110","Thygeson's superficial punctate keratitis","","42513006","0","CPRD_AURUM"
"12452231000006114","Punctate epithelial keratoconjunctivitis","","42513006","0","CPRD_AURUM"
"6045891000006110","Peripheral uveitis","","314429009","0","CPRD_AURUM"
"3932461000006112","Superficial keratitis with conjunctivitis","","88151007","0","CPRD_AURUM"
"4773471000006116","Conjunctival injection","","193894004","2","CPRD_AURUM"
"6045871000006114","Intermediate uveitis","","314429009","43","CPRD_AURUM"
"2927061000006113","Necrotizing scleritis without inflammation","","26664005","0","CPRD_AURUM"
"12730081000006114","Unspecified acute iridocyclitis","","619301000000100","0","CPRD_AURUM"
"298335014","Other superficial keratitis without conjunctivitis NOS","F4A2z00","15250008","106","CPRD_AURUM"
"298326019","Other superficial keratitis without conjunctivitis","F4A2.00","15250008","464","CPRD_AURUM"
"989051000006110","Acute iritis (iridocyclitis)","F440099","619301000000100","12","CPRD_AURUM"
"397987018","Has a red eye","1B85.00","267093002","146382","CPRD_AURUM"
"399440013","Acute and subacute iridocyclitis","F440.00","267618008","28693","CPRD_AURUM"
"10808019","Keratitis","F4A..00","5888003","157544","CPRD_AURUM"
"14550017","Simple chronic conjunctivitis","F4C1100","8211008","411","CPRD_AURUM"
"112783010","Phlyctenular keratoconjunctivitis","F4A3000","67895005","2264","CPRD_AURUM"
"114036017","Blepharoconjunctivitis","F4C2.00","68659002","144191","CPRD_AURUM"
"122494014","Chronic conjunctivitis","F4C1.00","73762008","54315","CPRD_AURUM"
"125588013","Panuveitis","F401100","75614007","6892","CPRD_AURUM"
"151783012","Brawny scleritis","F4K0600","91612009","32","CPRD_AURUM"
"297980017","Certain types of cyclitis NOS","F442z00","77971008","149","CPRD_AURUM"
"298343016","Specific keratoconjunctivitis NOS","F4A3z00","88151007","188","CPRD_AURUM"
"298347015","Other keratoconjunctivitis NOS","F4A4z00","88151007","678","CPRD_AURUM"
"298483013","Chronic conjunctivitis NOS","F4C1z00","73762008","1282","CPRD_AURUM"
"183471000006110","Red eye NOS","F4Kz411","75705005","89523","CPRD_AURUM"
"70920012","Thygeson's superficial punctate keratitis","F4A2112","42513006","1904","CPRD_AURUM"
"2526511000006111","Stromal keratitis","","1763009","15","CPRD_AURUM"
"297969017","Unspecified chronic iridocyclitis","F441000","77971008","100","CPRD_AURUM"
"17666017","Rosacea conjunctivitis","F4C3100","371097007","1778","CPRD_AURUM"
"108146018","Iritis","F443100","65074000","16676","CPRD_AURUM"
"883281000006117","Acute iritis (iridocyclitis)","F440.99","267618008","7622","CPRD_AURUM"
"883431000006119","Right Conjunctivitis","F4C0.98","53726008","3192","CPRD_AURUM"
"399488011","Scleritis and episcleritis","F4K0.00","267659002","24036","CPRD_AURUM"
"68902015","Acute follicular conjunctivitis","F4C0200","41308008","8852","CPRD_AURUM"
"129408016","Anterior uveitis","F443000","410692006","138845","CPRD_AURUM"
"146137017","Keratoconjunctivitis","F4A..11","88151007","23742","CPRD_AURUM"
"299443011","[X]Other superficial keratitis without conjunctivitis","FyuD100","15250008","55","CPRD_AURUM"
"399442017","Unspecified iridocyclitis","F443.00","77971008","9197","CPRD_AURUM"
"745731000006116","Iritis - acute","F440.11","29050005","74607","CPRD_AURUM"
"4773461000006111","Conjunctival hyperemia","","193894004","1","CPRD_AURUM"
"46674018","Sclerosing keratitis","F4A5200","417290008","109","CPRD_AURUM"
"3185411000006114","Superficial punctate keratitis","","42513006","3","CPRD_AURUM"
"297965011","Acute or subacute iritis NOS","F440z00","267618008","7392","CPRD_AURUM"
"298327011","Unspecified superficial keratitis","F4A2000","27019000","1241","CPRD_AURUM"
"298364017","Keratitis NOS","F4Az.00","5888003","14132","CPRD_AURUM"
"298859012","Unspecified scleritis","F4K0000","78370002","3187","CPRD_AURUM"
"299432015","[X]Other acute conjunctivitis","FyuC000","53726008","616","CPRD_AURUM"
"6589141000006115","HZV keratitis","","397573005","0","CPRD_AURUM"
"2432010","Episcleritis","F4K0.11","815008","113051","CPRD_AURUM"
"52155016","Episcleritis periodica fugax","F4K0100","31166000","164","CPRD_AURUM"
"117201018","Nodular episcleritis","F4K0200","70558001","3958","CPRD_AURUM"
"1777714015","Chronic iridocyclitis","F441.00","314429009","4081","CPRD_AURUM"
"2927051000006111","Necrotising scleritis without inflammation","","26664005","0","CPRD_AURUM"
"830361000006117","Hyperaemia of conjunctiva","F4C7000","193894004","4994","CPRD_AURUM"
"5233621000006117","Hyperaemia of surface of eye","","246676003","45","CPRD_AURUM"
"8107891000006110","Acute anterior uveitis of right eye","","336541000119107","1","CPRD_AURUM"
"5029731000006118","Anterior uveitis idiopathic","","231947004","1","CPRD_AURUM"
"4062381000006113","Necrotising scleritis","","95797003","1","CPRD_AURUM"
"12049781000006115","Idiopathic panuveitis","","766933000","1","CPRD_AURUM"
"8109751000006116","Acute iritis of left eye","","342141000119102","2","CPRD_AURUM"
"6047241000006112","Diffuse episcleritis","","314549003","1","CPRD_AURUM"
"5236371000006117","Limbal hyperaemia","","246890003","3","CPRD_AURUM"
"4052691000006113","Nodular scleritis","","95195003","5","CPRD_AURUM"
"2577971000006114","AAU - acute anterior uveitis","","4927003","4","CPRD_AURUM"
"4053451000006114","Rosacea keratitis","","95244005","13","CPRD_AURUM"
"9883251000006115","History of uveitis","","16098861000119104","1","CPRD_AURUM"
"7290161000006118","Chronic uveitis","","444248002","4","CPRD_AURUM"
"6892671000006113","Peripheral ulcerative keratitis","","416473005","1","CPRD_AURUM"
"3904921000006112","Follicular conjunctivitis","","86402005","1","CPRD_AURUM"
"8109771000006114","Acute anterior uveitis of left eye","","342151000119100","2","CPRD_AURUM"
"5028671000006115","Simple episcleritis","","231873005","3","CPRD_AURUM"
"2577951000006116","Acute anterior uveitis","","4927003","1119","CPRD_AURUM"
"6041541000006117","Old keratitis","","314024005","2","CPRD_AURUM"
"9478881000006117","Both eyes red","","12241791000119109","2","CPRD_AURUM"
"2984461000006117","Hyperaemia","","30098003","3","CPRD_AURUM"
"5233651000006114","Bloodshot eye","","246676003","2","CPRD_AURUM"
"6886841000006118","Thygeson superficial punctate keratitis","","416069001","4","CPRD_AURUM"
"8107881000006112","Acute iritis of right eye","","336531000119103","3","CPRD_AURUM"
