"MEDICAL_CODE_ID","DESCRIPTION","READ_CODE","SNOMED_CT_CODE","FREQUENCY","DATABASE"
"1486.00","H/O: iritis","1486.00",,"2650","IMRD"
"1B85.00","Has a red eye","1B85.00",,"18995","IMRD"
"1B85.11","Red eye symptom","1B85.11",,"137045","IMRD"
"F400200","Panophthalmitis","F400200",,"37","IMRD"
"F401100","Panuveitis","F401100",,"1200","IMRD"
"F432200","Posterior uveitis NOS","F432200",,"1353","IMRD"
"F44..12","Iridocyclitis","F44..12",,"2611","IMRD"
"F440.00","Acute and subacute iridocyclitis","F440.00",,"5661","IMRD"
"F440.11","Iritis - acute","F440.11",,"33962","IMRD"
"F440000","Unspecified acute iridocyclitis","F440000",,"357","IMRD"
"F440100","Unspecified subacute iridocyclitis","F440100",,"17","IMRD"
"F440200","Primary iridocyclitis","F440200",,"30","IMRD"
"F440300","Recurrent iridocyclitis","F440300",,"160","IMRD"
"F440z00","Acute or subacute iritis NOS","F440z00",,"1168","IMRD"
"F441.00","Chronic iridocyclitis","F441.00",,"417","IMRD"
"F441.11","Chronic iritis","F441.11",,"2134","IMRD"
"F441000","Unspecified chronic iridocyclitis","F441000",,"30","IMRD"
"F441200","Chronic anterior uveitis","F441200",,"6915","IMRD"
"F441z00","Chronic iridocyclitis NOS","F441z00",,"58","IMRD"
"F442.00","Certain types of iridocyclitis","F442.00",,"8","IMRD"
"F442z00","Certain types of cyclitis NOS","F442z00",,"14","IMRD"
"F443.00","Unspecified iridocyclitis","F443.00",,"7692","IMRD"
"F443.11","Uveitis NOS","F443.11",,"40859","IMRD"
"F443000","Anterior uveitis","F443000",,"31506","IMRD"
"F443100","Iritis","F443100",,"4185","IMRD"
"F4A..00","Keratitis","F4A..00",,"52456","IMRD"
"F4A..11","Keratoconjunctivitis","F4A..11",,"6154","IMRD"
"F4A2.00","Other superficial keratitis without conjunctivitis","F4A2.00",,"110","IMRD"
"F4A2000","Unspecified superficial keratitis","F4A2000",,"103","IMRD"
"F4A2100","Punctate keratitis","F4A2100",,"2289","IMRD"
"F4A2112","Thygeson's superficial punctate keratitis","F4A2112",,"477","IMRD"
"F4A2z00","Other superficial keratitis without conjunctivitis NOS","F4A2z00",,"45","IMRD"
"F4A3.00","Specific keratoconjunctivitis","F4A3.00",,"394","IMRD"
"F4A3z00","Specific keratoconjunctivitis NOS","F4A3z00",,"74","IMRD"
"F4A4.00","Other keratoconjunctivitis","F4A4.00",,"141","IMRD"
"F4A4000","Unspecified keratoconjunctivitis","F4A4000",,"673","IMRD"
"F4A4z00","Other keratoconjunctivitis NOS","F4A4z00",,"591","IMRD"
"F4A5200","Sclerosing keratitis","F4A5200",,"26","IMRD"
"F4Ay.00","Other forms of keratitis","F4Ay.00",,"623","IMRD"
"F4Az.00","Keratitis NOS","F4Az.00",,"2521","IMRD"
"F4C0.00","Acute conjunctivitis","F4C0.00",,"1961369","IMRD"
"F4C0.12","Conjunctivitis","F4C0.12",,"747840","IMRD"
"F4C0000","Unspecified acute conjunctivitis","F4C0000",,"9862","IMRD"
"F4C0011","Conjunctivitis","F4C0011",,"18565","IMRD"
"F4C0200","Acute follicular conjunctivitis","F4C0200",,"2354","IMRD"
"F4C0300","Acute mucopurulent conjunctivitis","F4C0300",,"19432","IMRD"
"F4C0400","Catarrhal conjunctivitis","F4C0400",,"727","IMRD"
"F4C0z00","Acute conjunctivitis NOS","F4C0z00",,"25798","IMRD"
"F4C1.00","Chronic conjunctivitis","F4C1.00",,"20827","IMRD"
"F4C1000","Unspecified chronic conjunctivitis","F4C1000",,"223","IMRD"
"F4C1100","Simple chronic conjunctivitis","F4C1100",,"141","IMRD"
"F4C1200","Chronic follicular conjunctivitis","F4C1200",,"1633","IMRD"
"F4C1z00","Chronic conjunctivitis NOS","F4C1z00",,"575","IMRD"
"F4C2.00","Blepharoconjunctivitis","F4C2.00",,"24617","IMRD"
"F4C2000","Unspecified blepharoconjunctivitis","F4C2000",,"135","IMRD"
"F4C2z00","Blepharoconjunctivitis NOS","F4C2z00",,"418","IMRD"
"F4C3.00","Other and unspecified conjunctivitis","F4C3.00",,"750","IMRD"
"F4C3000","Unspecified conjunctivitis","F4C3000",,"7050","IMRD"
"F4C3100","Rosacea conjunctivitis","F4C3100",,"762","IMRD"
"F4C3z00","Other conjunctivitis NOS","F4C3z00",,"1354","IMRD"
"F4C7000","Hyperaemia of conjunctiva","F4C7000",,"1846","IMRD"
"F4K0.00","Scleritis and episcleritis","F4K0.00",,"4671","IMRD"
"F4K0.11","Episcleritis","F4K0.11",,"42883","IMRD"
"F4K0.12","Scleritis","F4K0.12",,"8511","IMRD"
"F4K0000","Unspecified scleritis","F4K0000",,"388","IMRD"
"F4K0100","Episcleritis periodica fugax","F4K0100",,"38","IMRD"
"F4K0200","Nodular episcleritis","F4K0200",,"993","IMRD"
"F4K0300","Anterior scleritis","F4K0300",,"274","IMRD"
"F4K0600","Brawny scleritis","F4K0600",,"5","IMRD"
"F4K0700","Posterior scleritis","F4K0700",,"104","IMRD"
"F4K0z00","Scleritis or episcleritis NOS","F4K0z00",,"721","IMRD"
"F4Kz400","Redness of eye NOS","F4Kz400",,"19837","IMRD"
"F4Kz411","Red eye NOS","F4Kz411",,"55791","IMRD"
"FyuC000","[X]Other acute conjunctivitis","FyuC000",,"99","IMRD"
"FyuC100","[X]Other conjunctivitis","FyuC100",,"300","IMRD"
"FyuD100","[X]Other superficial keratitis without conjunctivitis","FyuD100",,"5","IMRD"
"FyuD200","[X]Other keratitis","FyuD200",,"73","IMRD"
"FyuDC00","[X]Other iridocyclitis","FyuDC00",,"2","IMRD"
