"MEDICAL_CODE_ID","DESCRIPTION","READ_CODE","SNOMED_CT_CODE","FREQUENCY","DATABASE"
"H10","Conjunctivitis","H10","","0","ICD10"
"H100","Mucopurulent conjunctivitis","H10.0","","0","ICD10"
"H102","Other acute conjunctivitis","H10.2","","0","ICD10"
"H103","Acute conjunctivitis, unspecified","H10.3","","0","ICD10"
"H104","Chronic conjunctivitis","H10.4","","0","ICD10"
"H105","Blepharoconjunctivitis","H10.5","","0","ICD10"
"H108","Other conjunctivitis","H10.8","","0","ICD10"
"H109","Conjunctivitis, unspecified","H10.9","","0","ICD10"
"H150","Scleritis","H15.0","","0","ICD10"
"H151","Episcleritis","H15.1","","0","ICD10"
"H16","Keratitis","H16","","0","ICD10"
"H161","Other superficial keratitis without conjunctivitis","H16.1","","0","ICD10"
"H162","Keratoconjunctivitis","H16.2","","0","ICD10"
"H168","Other keratitis","H16.8","","0","ICD10"
"H169","Keratitis, unspecified","H16.9","","0","ICD10"
"H20","Iridocyclitis","H20","","0","ICD10"
"H200","Acute and subacute iridocyclitis","H20.0","","0","ICD10"
"H201","Chronic iridocyclitis","H20.1","","0","ICD10"
"H208","Other iridocyclitis","H20.8","","0","ICD10"
"H209","Iridocyclitis, unspecified","H20.9","","0","ICD10"
