"MEDICAL_CODE_ID","DESCRIPTION","READ_CODE","SNOMED_CT_CODE","FREQUENCY","DATABASE"
"716","[D]Abdominal cramps","R090400",,"60750","CPRD_GOLD"
"2005","Spasmodic torticollis","F138200",,"47692","CPRD_GOLD"
"2043","Leg cramps","N247100",,"331837","CPRD_GOLD"
"2829","Blepharospasm","F138000",,"11876","CPRD_GOLD"
"3144","Spasm of muscle","N23y400",,"114533","CPRD_GOLD"
"3342","Clonic hemifacial spasm","F312.00",,"2750","CPRD_GOLD"
"4680","Spasm of back muscles","N23yE00",,"13302","CPRD_GOLD"
"4766","Night cramps","N247111",,"82119","CPRD_GOLD"
"7735","Cramp","N247200",,"48314","CPRD_GOLD"
"8240","Anal spasm","J526.00",,"2909","CPRD_GOLD"
"12657","Spasms - symptom","1B25.11",,"4256","CPRD_GOLD"
"12885","O/E - spasm","2974.11",,"3258","CPRD_GOLD"
"15281","Anal spasm NOS","J526z00",,"121","CPRD_GOLD"
"16782","[D]Carpopedal spasm","R017000",,"1017","CPRD_GOLD"
"17495","Hand cramps","N247z11",,"1103","CPRD_GOLD"
"18490","Spasmodic dysphonia","ZS26.00",,"216","CPRD_GOLD"
"23967","O/E - carpopedal spasm","22B2.00",,"1123","CPRD_GOLD"
"31314","Spasm of accommodation","F475200",,"106","CPRD_GOLD"
"42434","Has 'spasms'","1B25.00",,"1159","CPRD_GOLD"
"46563","Adductor spasmodic dysphonia","ZS26100",,"52","CPRD_GOLD"
"49867","O/E - spasm/tic","2974.00",,"326","CPRD_GOLD"
"54751","Abductor spasmodic dysphonia","ZS26200",,"15","CPRD_GOLD"
"65404","Convergence spasm","F4Jy500",,"21","CPRD_GOLD"
"108998","Cramping pain","1DCG.00",,"795","CPRD_GOLD"
