"MEDICAL_CODE_ID","DESCRIPTION","READ_CODE","SNOMED_CT_CODE","FREQUENCY","DATABASE"
"1B25.00","Has spasms","1B25.00",,"1186","IMRD"
"1B25.11","Spasms - symptom","1B25.11",,"3818","IMRD"
"1DCG.00","Cramping pain","1DCG.00",,"686","IMRD"
"22B2.00","O/E - carpopedal spasm","22B2.00",,"1032","IMRD"
"2974.00","O/E - spasm/tic","2974.00",,"420","IMRD"
"2974.11","O/E - spasm","2974.11",,"2901","IMRD"
"F138000","Blepharospasm","F138000",,"9836","IMRD"
"F138200","Spasmodic torticollis","F138200",,"43444","IMRD"
"F312.00","Clonic hemifacial spasm","F312.00",,"2434","IMRD"
"F475200","Spasm of accommodation","F475200",,"91","IMRD"
"F4Jy100","Conjugate gaze spasm","F4Jy100",,"0","IMRD"
"F4Jy500","Convergence spasm","F4Jy500",,"22","IMRD"
"J526.00","Anal spasm","J526.00",,"3234","IMRD"
"J526z00","Anal spasm NOS","J526z00",,"106","IMRD"
"N23y400","Spasm of muscle","N23y400",,"99734","IMRD"
"N23yE00","Spasm of back muscles","N23yE00",,"12842","IMRD"
"N247100","Leg cramps","N247100",,"296592","IMRD"
"N247111","Night cramps","N247111",,"67721","IMRD"
"N247200","Cramp","N247200",,"44871","IMRD"
"N247z11","Hand cramps","N247z11",,"981","IMRD"
"R017000","[D]Carpopedal spasm","R017000",,"943","IMRD"
"R090400","[D]Abdominal cramps","R090400",,"53140","IMRD"
"ZS26.00","Spasmodic dysphonia","ZS26.00",,"196","IMRD"
"ZS26100","Adductor spasmodic dysphonia","ZS26100",,"42","IMRD"
"ZS26200","Abductor spasmodic dysphonia","ZS26200",,"13","IMRD"
