"MEDICAL_CODE_ID","DESCRIPTION","READ_CODE","SNOMED_CT_CODE","FREQUENCY","DATABASE"
"29482019","Anal spasm","J526.00","17440005","13292","CPRD_AURUM"
"91936014","Cramp","N247200","55300003","100175","CPRD_AURUM"
"98095017","Blepharospasm","F138000","59026006","31445","CPRD_AURUM"
"165834013","Night cramps","N247111","102549009","237351","CPRD_AURUM"
"254925012","O/E - spasm/tic","2974.00","163666003","6893","CPRD_AURUM"
"254927016","O/E - spasm","2974.11","163666003","2801","CPRD_AURUM"
"298847013","Convergence spasm","F4Jy500","194134005","279","CPRD_AURUM"
"373007012","Hand cramps","N247z11","250082003","17283","CPRD_AURUM"
"416220011","Cramping pain","1DCG.00","279093005","5674","CPRD_AURUM"
"1229923014","Conjugate gaze spasm","F4Jy100","4275001","4","CPRD_AURUM"
"559761000006112","Clonic hemifacial spasm","F312.00","373645005","9765","CPRD_AURUM"
"886381000006116","Proctalgia fugax - anal spasm","J526.99","17440005","1544","CPRD_AURUM"
"961961000006110","Cramping/abdominal discomfort","","961961000006106","2639","CPRD_AURUM"
"303190011","Anal spasm NOS","J526z00","17440005","333","CPRD_AURUM"
"317140018","[D]Carpopedal spasm","R017000","75140002","3059","CPRD_AURUM"
"317567019","[D]Abdominal cramps","R090400","51197009","117916","CPRD_AURUM"
"132561000006115","Spasm of muscle","N23y400","45352006","153603","CPRD_AURUM"
"132631000006111","Spasms - symptom","1B25.11","45352006","11694","CPRD_AURUM"
"6727911000006118","Laryngospasm","","406444002","32","CPRD_AURUM"
"3458921000006114","Blepharospasm (spasm of eyelid)","","59026006","0","CPRD_AURUM"
"4076761000006113","Cramp in lower leg associated with rest","","102549009","689","CPRD_AURUM"
"3343061000006119","Writers' spasm","","52008007","0","CPRD_AURUM"
"3397971000006114","Cramp in muscle","","55300003","0","CPRD_AURUM"
"4551931000006112","On examination - carpopedal spasm","","162773009","0","CPRD_AURUM"
"3518531000006115","Painful spasm of anus","","62647006","146","CPRD_AURUM"
"4076781000006115","Nocturnal lower leg cramp","","102549009","0","CPRD_AURUM"
"2659121000006113","Spasmodic abdominal pain","","9991008","2","CPRD_AURUM"
"4567491000006118","On examination - spasm/tic","","163666003","0","CPRD_AURUM"
"4076791000006117","Sleep related lower leg cramp","","102549009","0","CPRD_AURUM"
"2567051000006111","Spasm of conjugate gaze","","4275001","0","CPRD_AURUM"
"961861000006119","Cramping/pain of extremities","","961861000006103","356","CPRD_AURUM"
"2158096017","Laryngeal spasm","H1y7400","406444002","5776","CPRD_AURUM"
"19011000033115","Compound Antispasmodic Preparations","","19011000033104","0","CPRD_AURUM"
"311681019","Spasm of back muscles","N23yE00","203095000","41687","CPRD_AURUM"
"2984001000006113","Accommodative spasm","","30069002","12","CPRD_AURUM"
"3343011000006117","Graphospasm","","52008007","0","CPRD_AURUM"
"2584861000006113","Vertical spasm of gaze","","5332004","0","CPRD_AURUM"
"165836010","Leg cramps","N247100","449917004","825011","CPRD_AURUM"
"397973018","Has 'spasms'","1B25.00","45352006","7237","CPRD_AURUM"
"3397991000006110","Muscle cramps","","55300003","2","CPRD_AURUM"
"2983981000006119","Ciliary muscle spasm","","30069002","2","CPRD_AURUM"
"3518551000006110","Anorectal spasm","","62647006","0","CPRD_AURUM"
"1772671000006117","Spasmodic dysphonia","","29003001","1248","CPRD_AURUM"
"3458891000006115","Spasm of eyelids","","59026006","3","CPRD_AURUM"
"253691015","O/E - carpopedal spasm","22B2.00","162773009","758","CPRD_AURUM"
"123444018","Spasmodic torticollis","F138200","74333002","46019","CPRD_AURUM"
"3397981000006112","Muscle cramp","","55300003","1","CPRD_AURUM"
"5006331000006116","Blepharospasm - oromandibular dystonia","","230325003","0","CPRD_AURUM"
"2718091000006118","Facial hemispasm","","13753008","4","CPRD_AURUM"
"5035911000006110","Pharyngeal spasm","","232407000","8","CPRD_AURUM"
"3475231000006112","Midabdominal crampy pain","","60043000","1","CPRD_AURUM"
"7965231000006111","Muscle spasm of cervical muscle of neck","","301000119104","3","CPRD_AURUM"
"3352001000006113","Clonic facial spasm","","52548009","1","CPRD_AURUM"
"5006311000006110","Isolated blepharospasm","","230324004","5","CPRD_AURUM"
"5280371000006110","Cramp in calf","","250084002","48","CPRD_AURUM"
"4056331000006117","Muscle spasms of head AND/OR neck","","95418008","3","CPRD_AURUM"
"9916241000006117","Spasm of muscle of lower back","","16410651000119105","3","CPRD_AURUM"
"4914501000006111","Muscle spasm - tone","","221360009","2","CPRD_AURUM"
"5598011000006114","Masseter spasm","","277354004","2","CPRD_AURUM"
"2718081000006116","Hemifacial spasm","","13753008","393","CPRD_AURUM"
"7376791000006114","Cramp in lower leg","","449918009","2","CPRD_AURUM"
"4076801000006116","Cramp in foot","","102551008","9","CPRD_AURUM"
"6801401000006112","Cramping","","410709000","1","CPRD_AURUM"
"2853821000006111","Paravertebral muscle spasm","","22209005","1","CPRD_AURUM"
