"MEDICAL_CODE_ID","DESCRIPTION","READ_CODE","SNOMED_CT_CODE","FREQUENCY","DATABASE"
"397915018","Soiling - encopresis","19E2.00","267054006","48280","CPRD_AURUM"
"419025011","Encopresis symptom","19E2.11","281103008","7104","CPRD_AURUM"
"444613016","Functional encopresis","19E2000","302752001","81","CPRD_AURUM"
"1233452016","Bowels: incontinent","3930.00","72042002","64093","CPRD_AURUM"
"882621000006111","Encopresis","E277.99","302752001","855","CPRD_AURUM"
"906121000006111","[RFC] Encopresis","","906121000006107","40","CPRD_AURUM"
"908621000006115","[RFC] Encopresis","","908621000006104","260","CPRD_AURUM"
"908931000006111","[RFC] Incontinence both urinary & bowel","","908931000006107","7969","CPRD_AURUM"
"909041000006112","[RFC] Bowel incontinence","","909041000006108","12020","CPRD_AURUM"
"917541000006111","Bladder: faecal incontinence","","917541000006107","125","CPRD_AURUM"
"926021000006116","Bowels: incontinent","","926021000006100","0","CPRD_AURUM"
"926031000006118","Bowels: occasional accident","","926031000006102","0","CPRD_AURUM"
"961971000006115","Incontinent of stool","","961971000006104","363","CPRD_AURUM"
"1935671000006119","Follow-up bowel incontinence bothersome rating score","","1935671000006103","2","CPRD_AURUM"
"1935761000006117","Follow-up bowel incontinence quality of life score","","1935761000006101","1","CPRD_AURUM"
"1936411000006118","Bowels: incontinence protection worn","","1936411000006102","365","CPRD_AURUM"
"1936591000006110","Degree of bowel incontinence: severe","","1936591000006106","4","CPRD_AURUM"
"1936601000006119","Total bowel incontinence","","1936601000006103","193","CPRD_AURUM"
"1936821000006111","Functional incontinence of faeces","","1936821000006107","47","CPRD_AURUM"
"2373691000000119","Functional urinary and faecal incontinence","16F0.00","925701000000107","2967","CPRD_AURUM"
"317486013","[D]Incontinence of faeces","R076.00","72042002","45239","CPRD_AURUM"
"317487016","[D]Encopresis NOS","R076000","302690004","14185","CPRD_AURUM"
"781771000006112","Incontinent of faeces symptom","19E3.11","72042002","40614","CPRD_AURUM"
"3672021000006111","Incontinent of faeces","","72042002","27","CPRD_AURUM"
"3671971000006116","Bowel incontinence","","72042002","6","CPRD_AURUM"
"4546581000006112","Overflow incontinence - faeces","","162106006","9","CPRD_AURUM"
"3007481000006116","Overflow incontinence due to constipation","","31499008","2","CPRD_AURUM"
"3672011000006115","Incontinent of feces","","72042002","2","CPRD_AURUM"
"1936571000006114","Degree of bowel incontinence: mild","","1936571000006105","49","CPRD_AURUM"
"1936891000006113","Frequency of faecal incontinence","","1936891000006109","2366","CPRD_AURUM"
"256943014","Bowels: occasional accident","3931.00","165230005","41665","CPRD_AURUM"
"781761000006117","Incontinent of faeces","19E3.00","72042002","108385","CPRD_AURUM"
"317489018","[D]Incontinence of faeces NOS","R076z00","72042002","4425","CPRD_AURUM"
"1935661000006114","Initial bowel incontinence bothersome rating score","","1935661000006105","6","CPRD_AURUM"
"1935741000006116","Initial bowel incontinence quality of life score","","1935741000006100","3","CPRD_AURUM"
"1936561000006119","Degree of bowel incontinence","","1936561000006103","123","CPRD_AURUM"
"1936581000006112","Degree of bowel incontinence: moderate","","1936581000006108","7","CPRD_AURUM"
"1936881000006110","Incontinent of faeces - whole formed stool","","1936881000006106","12","CPRD_AURUM"
"3671981000006118","Incontinence of feces","","72042002","0","CPRD_AURUM"
"1936431000006112","Bowels: incontinence protection not worn","","1936431000006108","33","CPRD_AURUM"
