"MEDICAL_CODE_ID","DESCRIPTION","READ_CODE","SNOMED_CT_CODE","FREQUENCY","DATABASE"
"1437","[D]Incontinence of faeces","R076.00",,"21081","CPRD_GOLD"
"2134","[D]Encopresis NOS","R076000",,"13404","CPRD_GOLD"
"3381","Incontinent of faeces","19E3.00",,"10023","CPRD_GOLD"
"6083","Incontinent of faeces symptom","19E3.11",,"52576","CPRD_GOLD"
"7874","Encopresis symptom","19E2.11",,"6998","CPRD_GOLD"
"13426","Bowels: incontinent","3930.00",,"14877","CPRD_GOLD"
"13429","Bowels: occasional accident","3931.00",,"6766","CPRD_GOLD"
"15555","[D]Incontinence of faeces NOS","R076z00",,"4734","CPRD_GOLD"
"29557","Soiling - encopresis","19E2.00",,"5077","CPRD_GOLD"
"109624","Functional urinary and faecal incontinence","16F0.00",,"65","CPRD_GOLD"
"110231","Functional encopresis","19E2000",,"8","CPRD_GOLD"
