"MEDICAL_CODE_ID","DESCRIPTION","READ_CODE","SNOMED_CT_CODE","FREQUENCY","DATABASE"
"16F0.00","Functional urinary and faecal incontinence","16F0.00",,"46","IMRD"
"19E2.00","Soiling - encopresis","19E2.00",,"4584","IMRD"
"19E2.11","Encopresis symptom","19E2.11",,"6208","IMRD"
"19E2000","Functional encopresis","19E2000",,"9","IMRD"
"19E3.00","Incontinent of faeces","19E3.00",,"8214","IMRD"
"19E3.11","Incontinent of faeces symptom","19E3.11",,"45564","IMRD"
"3930.00","Bowels: incontinent","3930.00",,"12673","IMRD"
"3931.00","Bowels: occasional accident","3931.00",,"6680","IMRD"
"R076.00","[D]Incontinence of faeces","R076.00",,"15867","IMRD"
"R076000","[D]Encopresis NOS","R076000",,"10490","IMRD"
"R076z00","[D]Incontinence of faeces NOS","R076z00",,"3444","IMRD"
