"MEDICAL_CODE_ID","DESCRIPTION","READ_CODE","SNOMED_CT_CODE","FREQUENCY","DATABASE"
"295112018","Inhibited sexual desire","E227100","191793009","11062","CPRD_AURUM"
"882471000006114","Frigidity and impotence","E227.99","268637002","9365","CPRD_AURUM"
"1807371000006117","Reduced libido","","8357008","5882","CPRD_AURUM"
"359001000006110","[X] Lack of libido","Eu52013","248096004","3668","CPRD_AURUM"
"387761000006110","[X]Frigidity","Eu52011","270903007","66","CPRD_AURUM"
"389361000006118","[X]Hypoactive sexual desire disorder","Eu52012","270903007","285","CPRD_AURUM"
"794821000006118","Frigidity","E227200","270903007","800","CPRD_AURUM"
"2633431000006116","Low libido","","8357008","4","CPRD_AURUM"
"5518001000006110","Hypoactive sexual desire disorder","","270903007","0","CPRD_AURUM"
"370382011","Lack of libido","E227.11","248096004","142117","CPRD_AURUM"
"394971000006112","[X]Lack or loss of sexual desire","Eu52000","270903007","9262","CPRD_AURUM"
