"MEDICAL_CODE_ID","DESCRIPTION","READ_CODE","SNOMED_CT_CODE","FREQUENCY","DATABASE"
"809","Frigidity","E227200",,"352","CPRD_GOLD"
"2259","Inhibited sexual desire","E227100",,"14706","CPRD_GOLD"
"6362","Lack of libido","E227.11",,"55158","CPRD_GOLD"
"21122","[X] Lack of libido","Eu52013",,"2354","CPRD_GOLD"
"28283","[X]Lack or loss of sexual desire","Eu52000",,"1979","CPRD_GOLD"
"48175","[X]Frigidity","Eu52011",,"14","CPRD_GOLD"
"56603","[X]Hypoactive sexual desire disorder","Eu52012",,"50","CPRD_GOLD"
