"MEDICAL_CODE_ID","DESCRIPTION","READ_CODE","SNOMED_CT_CODE","FREQUENCY","DATABASE"
"198..00","Nausea","198..00",,"498354","IMRD"
"198..11","C/O - nausea","198..11",,"3904","IMRD"
"198..12","Nausea symptoms","198..12",,"124801","IMRD"
"1982.00","Nausea present","1982.00",,"258252","IMRD"
"1983.00","Morning nausea","1983.00",,"2127","IMRD"
"198Z.00","Nausea NOS","198Z.00",,"3680","IMRD"
"R070.00","[D]Nausea and vomiting","R070.00",,"10500","IMRD"
"R070000","[D]Nausea","R070000",,"40456","IMRD"
"R070z00","[D]Nausea and vomiting NOS","R070z00",,"2190","IMRD"
