"MEDICAL_CODE_ID","DESCRIPTION","READ_CODE","SNOMED_CT_CODE","FREQUENCY","DATABASE"
"252600018","Nausea present","1982.00","162057007","170003","CPRD_AURUM"
"2478737017","Morning nausea","1983.00","51885006","8072","CPRD_AURUM"
"2643930014","Nausea","198..00","422587007","910925","CPRD_AURUM"
"960221000006119","Nausea/vomiting","","960221000006103","990","CPRD_AURUM"
"252604010","Nausea NOS","198Z.00","422587007","20379","CPRD_AURUM"
"317456018","[D]Nausea and vomiting","R070.00","16932000","128423","CPRD_AURUM"
"317462011","[D]Nausea and vomiting NOS","R070z00","16932000","12382","CPRD_AURUM"
"681151000006114","Nausea symptoms","198..12","422587007","417381","CPRD_AURUM"
"2768801000006119","N+V - Nausea and vomiting","","16932000","2","CPRD_AURUM"
"6992351000006116","Nauseous","","422587007","66","CPRD_AURUM"
"2768791000006115","N&V - Nausea and vomiting","","16932000","1","CPRD_AURUM"
"6992341000006118","Observation of nausea","","422587007","0","CPRD_AURUM"
"6992361000006119","Nauseated","","422587007","19","CPRD_AURUM"
"317457010","[D]Nausea","R070000","422587007","142365","CPRD_AURUM"
"1777091000006111","Reason for referral: Vomiting/Nausea","","1777091000006107","4","CPRD_AURUM"
"531181000006118","C/O - nausea","198..11","422587007","27677","CPRD_AURUM"
"7514011000006116","Intractable nausea and vomiting","","698861005","1","CPRD_AURUM"
"3692541000006117","Increased nausea and vomiting","","73335002","1","CPRD_AURUM"
