"MEDICAL_CODE_ID","DESCRIPTION","READ_CODE","SNOMED_CT_CODE","FREQUENCY","DATABASE"
"491","Nausea","198..00",,"625714","CPRD_GOLD"
"1890","[D]Nausea","R070000",,"46433","CPRD_GOLD"
"3416","[D]Nausea and vomiting","R070.00",,"11884","CPRD_GOLD"
"5843","Nausea present","1982.00",,"270314","CPRD_GOLD"
"6402","Nausea symptoms","198..12",,"127571","CPRD_GOLD"
"7616","Morning nausea","1983.00",,"1954","CPRD_GOLD"
"9579","Nausea NOS","198Z.00",,"2349","CPRD_GOLD"
"15018","[D]Nausea and vomiting NOS","R070z00",,"2849","CPRD_GOLD"
"28493","C/O - nausea","198..11",,"3818","CPRD_GOLD"
