"MEDICAL_CODE_ID","DESCRIPTION","READ_CODE","SNOMED_CT_CODE","FREQUENCY","DATABASE"
"128","Menorrhagia","K592000",,"1162676","CPRD_GOLD"
"812","Heavy periods","K592011",,"84751","CPRD_GOLD"
"6238","H/O: heavy periods","1573.11",,"18446","CPRD_GOLD"
"8544","Pubertal bleeding and menorrhagia","K593.11",,"172","CPRD_GOLD"
"10531","H/O: menorrhagia","1573.00",,"38249","CPRD_GOLD"
"15022","Premenopausal menorrhagia","K5A0.00",,"8150","CPRD_GOLD"
"20190","Excessive or frequent menstruation NOS","K592z00",,"913","CPRD_GOLD"
"20795","Climacteric menorrhagia","K5A0.11",,"1696","CPRD_GOLD"
"23935","Excessive or frequent menstruation","K592.00",,"5137","CPRD_GOLD"
"35691","Hypermenorrhoea","K592.12",,"675","CPRD_GOLD"
"93526","Perimenopausal menorrhagia","K5A6.00",,"5185","CPRD_GOLD"
"100998","Heavy menstrual bleeding","K592012",,"6359","CPRD_GOLD"
