"MEDICAL_CODE_ID","DESCRIPTION","READ_CODE","SNOMED_CT_CODE","FREQUENCY","DATABASE"
"1573.00","H/O: menorrhagia","1573.00",,"35622","IMRD"
"1573.11","H/O: heavy periods","1573.11",,"16911","IMRD"
"K592.00","Excessive or frequent menstruation","K592.00",,"4638","IMRD"
"K592.12","Hypermenorrhoea","K592.12",,"431","IMRD"
"K592000","Menorrhagia","K592000",,"972246","IMRD"
"K592011","Heavy periods","K592011",,"66183","IMRD"
"K592012","Heavy menstrual bleeding","K592012",,"6268","IMRD"
"K592z00","Excessive or frequent menstruation NOS","K592z00",,"889","IMRD"
"K593.11","Pubertal bleeding and menorrhagia","K593.11",,"140","IMRD"
"K5A0.00","Premenopausal menorrhagia","K5A0.00",,"7218","IMRD"
"K5A0.11","Climacteric menorrhagia","K5A0.11",,"1462","IMRD"
"K5A6.00","Perimenopausal menorrhagia","K5A6.00",,"4773","IMRD"
