"MEDICAL_CODE_ID","DESCRIPTION","READ_CODE","SNOMED_CT_CODE","FREQUENCY","DATABASE"
"252088011","H/O: heavy periods","1573.11","161782001","21166","CPRD_AURUM"
"355429018","Pubertal bleeding and menorrhagia","K593.11","237126008","1471","CPRD_AURUM"
"1480833015","Menorrhagia","K592000","386692008","2826999","CPRD_AURUM"
"1491707013","Heavy periods","K592011","386692008","237106","CPRD_AURUM"
"906441000006114","[RFC] Menorrhagia","","906441000006105","552","CPRD_AURUM"
"1573461000000112","Heavy menstrual bleeding","K592012","386692008","23395","CPRD_AURUM"
"1490164018","Hypermenorrhoea","K592.12","386692008","697","CPRD_AURUM"
"305050012","Excessive or frequent menstruation NOS","K592z00","266601003","3074","CPRD_AURUM"
"146604018","Premenopausal menorrhagia","K5A0.00","386692008","48537","CPRD_AURUM"
"146606016","Climacteric menorrhagia","K5A0.11","386692008","14202","CPRD_AURUM"
"1629301000006115","Perimenopausal menorrhagia","K5A6.00","386692008","28012","CPRD_AURUM"
"5493591000006111","Frequent heavy periods","","266601003","0","CPRD_AURUM"
"12294631000006111","Heavy menstrual bleeding","","386692008","38","CPRD_AURUM"
"5493581000006113","Polymenorrhagia","","266601003","0","CPRD_AURUM"
"5493601000006115","Epimenorrhagia","","266601003","0","CPRD_AURUM"
"3936981000006111","Menopausal menorrhagia","","88424000","0","CPRD_AURUM"
"12452451000006118","Premenopausal menorrhagia","","88424000","0","CPRD_AURUM"
"3936991000006114","Preclimacteric menorrhagia","","88424000","0","CPRD_AURUM"
"3936971000006113","Climacteric menorrhagia","","88424000","0","CPRD_AURUM"
"6048281000006119","Metromenorrhagia","","314631008","2","CPRD_AURUM"
"4544031000006113","History of menorrhagia","","161782001","0","CPRD_AURUM"
"252089015","H/O: menorrhagia","1573.00","161782001","80353","CPRD_AURUM"
"650761000006113","Excessive or frequent menstruation","K592.00","266601003","22467","CPRD_AURUM"
"6459581000006116","Heavy period","","386692008","1","CPRD_AURUM"
"887531000006113","Perimenopausal menorrhagia","K5A0.99","88424000","6204","CPRD_AURUM"
"5103651000006118","Pubertal menorrhagia","","237125007","112","CPRD_AURUM"
