"MEDICAL_CODE_ID","DESCRIPTION","READ_CODE","SNOMED_CT_CODE","FREQUENCY","DATABASE"
"298341019","Keratoconjunctivitis sicca (excluding Sjogren's syndrome)","F4A3200","193776001","1332","CPRD_AURUM"
"444889012","Keratoconjunctivitis sicca","N002.11","302896008","3545","CPRD_AURUM"
"1851331000033118","Rohto Dry Eye Relief","","1851331000033102","0","CPRD_AURUM"
"5912751000006118","KCS - Keratoconjunctivitis sicca","","302896008","0","CPRD_AURUM"
"4773181000006113","Keratoconjunctivitis sicca (excluding Sjogren syndrome)","","193776001","0","CPRD_AURUM"
"4773161000006115","Keratoconjunctivitis sicca (excluding Sjögren syndrome)","","193776001","17","CPRD_AURUM"
"1823171000006116","Adverse reaction to Rohto Dry Eye Relief","","1823171000006100","4","CPRD_AURUM"
"253092014","Dry eyes","1B88.00","162290004","1001918","CPRD_AURUM"
"76951013","Tear film insufficiency","F4F1411","46152009","9213","CPRD_AURUM"
"76953011","Dry eye syndrome","F4F1400","46152009","269573","CPRD_AURUM"
"8107411000006115","Right dry eye syndrome","","335341000119108","2","CPRD_AURUM"
"8109141000006117","Left dry eye syndrome","","340951000119104","6","CPRD_AURUM"
"8107401000006118","Dry eye syndrome of right eye","","335341000119108","9","CPRD_AURUM"
"8109131000006110","Dry eye syndrome of left eye","","340951000119104","4","CPRD_AURUM"
