"MEDICAL_CODE_ID","DESCRIPTION","READ_CODE","SNOMED_CT_CODE","FREQUENCY","DATABASE"
"21238010","Referred ear pain","F587200","12336008","5267","CPRD_AURUM"
"27089013","Otalgia","F587.00","16001004","1788500","CPRD_AURUM"
"253179013","Unilateral earache","1C32.00","162358006","267617","CPRD_AURUM"
"253180011","Bilateral earache","1C33.00","162359003","39580","CPRD_AURUM"
"477607011","Ear pain","F587.11","16001004","1419518","CPRD_AURUM"
"883851000006112","Otalgia - earache","F587.99","16001004","62551","CPRD_AURUM"
"255629012","O/E - painful ear NOS","2D7Z.00","164219003","5841","CPRD_AURUM"
"299233011","Unspecified otalgia","F587000","16001004","40033","CPRD_AURUM"
"299234017","Otalgia NOS","F587z00","16001004","38808","CPRD_AURUM"
"2753851000006116","Ear ache","","16001004","551","CPRD_AURUM"
"4576911000006111","On examination - painful ear","","164219003","0","CPRD_AURUM"
"2753841000006118","Pain in ear","","16001004","64","CPRD_AURUM"
"2696361000006118","Referred otalgia","","12336008","141","CPRD_AURUM"
"253182015","Earache symptom NOS","1C3Z.00","162356005","62032","CPRD_AURUM"
"633981000006112","Earache symptoms","1C3..00","162356005","1482519","CPRD_AURUM"
"255624019","O/E - painful ear","2D7..00","164219003","151364","CPRD_AURUM"
"255626017","O/E - ear auricle painful","2D72.00","164221008","1375","CPRD_AURUM"
"2696381000006111","Ear pain, referred","","12336008","0","CPRD_AURUM"
"2753831000006111","Earache","","16001004","926","CPRD_AURUM"
"4576951000006112","On examination - ear auricle painful","","164221008","0","CPRD_AURUM"
