"MEDICAL_CODE_ID","DESCRIPTION","READ_CODE","SNOMED_CT_CODE","FREQUENCY","DATABASE"
"1C3..00","Earache symptoms","1C3..00",,"910539","IMRD"
"1C32.00","Unilateral earache","1C32.00",,"60156","IMRD"
"1C33.00","Bilateral earache","1C33.00",,"9659","IMRD"
"1C3Z.00","Earache symptom NOS","1C3Z.00",,"10909","IMRD"
"2D7..00","O/E - painful ear","2D7..00",,"179747","IMRD"
"2D72.00","O/E - ear auricle painful","2D72.00",,"106","IMRD"
"2D7Z.00","O/E - painful ear NOS","2D7Z.00",,"605","IMRD"
"F587.00","Otalgia","F587.00",,"681057","IMRD"
"F587.11","Ear pain","F587.11",,"661738","IMRD"
"F587000","Unspecified otalgia","F587000",,"2093","IMRD"
"F587200","Referred ear pain","F587200",,"1080","IMRD"
"F587z00","Otalgia NOS","F587z00",,"6157","IMRD"
