"MEDICAL_CODE_ID","DESCRIPTION","READ_CODE","SNOMED_CT_CODE","FREQUENCY","DATABASE"
"731","Otalgia","F587.00",,"741600","CPRD_GOLD"
"1135","Ear pain","F587.11",,"812662","CPRD_GOLD"
"5806","O/E - painful ear","2D7..00",,"182779","CPRD_GOLD"
"5813","Earache symptoms","1C3..00",,"976819","CPRD_GOLD"
"5831","Unilateral earache","1C32.00",,"62361","CPRD_GOLD"
"6657","Bilateral earache","1C33.00",,"10087","CPRD_GOLD"
"16508","Earache symptom NOS","1C3Z.00",,"15950","CPRD_GOLD"
"25171","Unspecified otalgia","F587000",,"2064","CPRD_GOLD"
"33549","Referred ear pain","F587200",,"934","CPRD_GOLD"
"37432","O/E - painful ear NOS","2D7Z.00",,"647","CPRD_GOLD"
"44481","Otalgia NOS","F587z00",,"7246","CPRD_GOLD"
"50825","O/E - ear auricle painful","2D72.00",,"185","CPRD_GOLD"
