"MEDICAL_CODE_ID","DESCRIPTION","READ_CODE","SNOMED_CT_CODE","FREQUENCY","DATABASE"
"397867018","Abnormal weight loss","1625.00","267024001","541980","CPRD_AURUM"
"1780210016","Weight loss from baseline weight","22A8.00","401003006","70313","CPRD_AURUM"
"299281000000119","Complaining of weight loss","1D1A.00","198511000000103","102580","CPRD_AURUM"
"903061000006114","Weight Loss","1623.99","161832001","25492","CPRD_AURUM"
"960561000006110","Unexplained/progressive weight loss","","960561000006106","3134","CPRD_AURUM"
"1708211000006118","Percentage weight loss","","1708211000006102","156","CPRD_AURUM"
"1995641000006115","Malnutrition universal screening tool - weight loss score","","1995641000006104","1173","CPRD_AURUM"
"317237014","[D]Abnormal loss of weight","R032.00","267024001","176050","CPRD_AURUM"
"317962019","[D]Cachexia","R2y4.00","238108007","7406","CPRD_AURUM"
"317964018","[D]Cachexia NOS","R2y4z00","238108007","509","CPRD_AURUM"
"5497591000006115","Abnormal decrease in weight","","267024001","0","CPRD_AURUM"
"4544701000006119","Losing weight","","161832001","80","CPRD_AURUM"
"7359841000006118","Involuntary weight loss","","448765001","0","CPRD_AURUM"
"2603621000006111","Decreased BMI (body mass index)","","6497000","0","CPRD_AURUM"
"370746016","Percentage weight loss","22A9.00","248349002","43392","CPRD_AURUM"
"252192019","Weight decreasing","1623.00","161832001","287948","CPRD_AURUM"
"4544711000006116","Progressive weight loss","","161832001","0","CPRD_AURUM"
"1715211000000118","Unintentional weight loss","1627.00","448765001","35145","CPRD_AURUM"
"437661000006118","Abnormal weight loss - symptom","1625.11","267024001","242792","CPRD_AURUM"
"6997371000006111","Unexplained weight loss","","422868009","89","CPRD_AURUM"
"7067191000006116","Recent weight loss","","426977000","5","CPRD_AURUM"
"5256361000006111","Percentage underweight","","248355007","1","CPRD_AURUM"
"5451371000006112","Weight decreased","","262285001","7","CPRD_AURUM"
"5986631000006118","Excessive weight loss","","309257005","20","CPRD_AURUM"
"3952531000006117","Weight loss","","89362005","12316","CPRD_AURUM"
