"MEDICAL_CODE_ID","DESCRIPTION","READ_CODE","SNOMED_CT_CODE","FREQUENCY","DATABASE"
"1623.00","Weight decreasing","1623.00",,"81225","IMRD"
"1625.00","Abnormal weight loss","1625.00",,"28536","IMRD"
"1625.11","Abnormal weight loss - symptom","1625.11",,"172136","IMRD"
"1627.00","Unintentional weight loss","1627.00",,"2651","IMRD"
"1D1A.00","Complaining of weight loss","1D1A.00",,"45771","IMRD"
"22A8.00","Weight loss from baseline weight","22A8.00",,"14694","IMRD"
"22A9.00","Percentage weight loss","22A9.00",,"66","IMRD"
"R032.00","[D]Abnormal loss of weight","R032.00",,"116611","IMRD"
"R2y4.00","[D]Cachexia","R2y4.00",,"2912","IMRD"
"R2y4z00","[D]Cachexia NOS","R2y4z00",,"35","IMRD"
