"MEDICAL_CODE_ID","DESCRIPTION","READ_CODE","SNOMED_CT_CODE","FREQUENCY","DATABASE"
"654","Weight decreasing","1623.00",,"113522","CPRD_GOLD"
"3647","[D]Abnormal loss of weight","R032.00",,"150390","CPRD_GOLD"
"4663","Abnormal weight loss","1625.00",,"33248","CPRD_GOLD"
"5812","Abnormal weight loss - symptom","1625.11",,"193840","CPRD_GOLD"
"12398","Complaining of weight loss","1D1A.00",,"48937","CPRD_GOLD"
"24068","[D]Cachexia","R2y4.00",,"3723","CPRD_GOLD"
"37937","Weight loss from baseline weight","22A8.00",,"32341","CPRD_GOLD"
"53801","[D]Cachexia NOS","R2y4z00",,"40","CPRD_GOLD"
"102563","Unintentional weight loss","1627.00",,"2516","CPRD_GOLD"
"104002","Percentage weight loss","22A9.00",,"3723","CPRD_GOLD"
