"MEDICAL_CODE_ID","DESCRIPTION","READ_CODE","SNOMED_CT_CODE","FREQUENCY","DATABASE"
"1475.00","H/O: trigeminal neuralgia","1475.00",,"9490","IMRD"
"16C..00","Backache symptom","16C..00",,"319608","IMRD"
"16C1.00","No backache","16C1.00",,"434","IMRD"
"16C2.00","Backache","16C2.00",,"946657","IMRD"
"16C3.00","Backache with radiation","16C3.00",,"30693","IMRD"
"16C4.00","Back pain worse on sneezing","16C4.00",,"471","IMRD"
"16C5.00","C/O - low back pain","16C5.00",,"1302163","IMRD"
"16C6.00","Back pain without radiation NOS","16C6.00",,"2010987","IMRD"
"16C7.00","C/O - upper back ache","16C7.00",,"36895","IMRD"
"16C8.00","Exacerbation of backache","16C8.00",,"3517","IMRD"
"16C9.00","Chronic low back pain","16C9.00",,"144842","IMRD"
"16CA.00","Mechanical low back pain","16CA.00",,"136625","IMRD"
"16CZ.00","Backache symptom NOS","16CZ.00",,"6609","IMRD"
"16Z2.00","Growing pains","16Z2.00",,"6115","IMRD"
"16Z2.11","Growing pains symptom","16Z2.11",,"2022","IMRD"
"16ZB000","Pain or discomfort","16ZB000",,"137","IMRD"
"16ZC100","howRthey rt sc - pain &/or dis","16ZC100",,"4","IMRD"
"1823.00","Precordial pain","1823.00",,"6143","IMRD"
"1826.00","Parasternal pain","1826.00",,"916","IMRD"
"1827.00","Painful breathing -pleurodynia","1827.00",,"1132","IMRD"
"1827.11","Pleurodynia","1827.11",,"3090","IMRD"
"1829.00","Retrosternal pain","1829.00",,"36281","IMRD"
"182B.00","Rib pain","182B.00",,"256600","IMRD"
"1912.00","Toothache","1912.00",,"92579","IMRD"
"1922.00","Sore mouth","1922.00",,"124484","IMRD"
"1922.11","Sore mouth - symptom","1922.11",,"18265","IMRD"
"1923.00","Sore gums","1923.00",,"7369","IMRD"
"1923.11","Sore gums - symptom","1923.11",,"20333","IMRD"
"1944.00","Painful swallowing","1944.00",,"7455","IMRD"
"196..00","Type of GIT pain","196..00",,"22960","IMRD"
"196..12","Type of GIT pain - symptom","196..12",,"2348","IMRD"
"1964.00","Shoulder pain from abdomen","1964.00",,"324","IMRD"
"196B.00","Painful rectal bleeding","196B.00",,"48873","IMRD"
"196Z.00","Type of GIT pain NOS","196Z.00",,"1297","IMRD"
"197..00","Site of GIT pain","197..00",,"5439","IMRD"
"197..11","Flank pain","197..11",,"51409","IMRD"
"197..12","Iliac fossa pain","197..12",,"20141","IMRD"
"197..14","Subcostal pain","197..14",,"2666","IMRD"
"1973.00","Left subcostal pain","1973.00",,"2999","IMRD"
"1974.00","Right subcostal pain","1974.00",,"10540","IMRD"
"1975.00","Left flank pain","1975.00",,"6568","IMRD"
"1976.00","Right flank pain","1976.00",,"7332","IMRD"
"1977.00","Right iliac fossa pain","1977.00",,"167932","IMRD"
"1978.00","Left iliac fossa pain","1978.00",,"127634","IMRD"
"1979.00","Suprapubic pain","1979.00",,"79015","IMRD"
"197D.00","Right upper quadrant pain","197D.00",,"12005","IMRD"
"197Z.00","Site of GIT pain NOS","197Z.00",,"704","IMRD"
"19EC.00","Painful defaecation","19EC.00",,"5851","IMRD"
"1A5..00","Genitourinary pain","1A5..00",,"2582","IMRD"
"1A51.00","No genitourinary pain","1A51.00",,"7365","IMRD"
"1A53.00","Lumbar ache - renal","1A53.00",,"31943","IMRD"
"1A53.11","C/O - loin pain","1A53.11",,"360820","IMRD"
"1A53.12","C/O - lumbar pain","1A53.12",,"29955","IMRD"
"1A53.13","C/O - renal pain","1A53.13",,"20188","IMRD"
"1A54.12","C/O - ureteric pain","1A54.12",,"549","IMRD"
"1A57.00","Pain in testicle","1A57.00",,"20608","IMRD"
"1A57.11","Testicular pain","1A57.11",,"10080","IMRD"
"1A58.00","Pain in female genitalia","1A58.00",,"2794","IMRD"
"1A58.11","Female genital pain","1A58.11",,"106","IMRD"
"1A58000","Vaginal pain","1A58000",,"44125","IMRD"
"1A58100","Vulval pain","1A58100",,"18984","IMRD"
"1A58200","Ovarian pain","1A58200",,"1395","IMRD"
"1A59.00","C/O pelvic pain","1A59.00",,"272464","IMRD"
"1A5A.00","C/O perineal pain","1A5A.00",,"2676","IMRD"
"1A5B.00","Pain in penis","1A5B.00",,"38701","IMRD"
"1A5C.00","Pain in scrotum","1A5C.00",,"24114","IMRD"
"1A5D.00","Urethral pain","1A5D.00",,"5074","IMRD"
"1A5E.00","Pain in vulva","1A5E.00",,"3038","IMRD"
"1A5Z.00","Genitourinary pain NOS","1A5Z.00",,"1967","IMRD"
"1ABD.00","Painful erection","1ABD.00",,"316","IMRD"
"1AJ..00","Adnexal tenderness","1AJ..00",,"106","IMRD"
"1AJ0.00","Adnexal tenderness absent","1AJ0.00",,"1","IMRD"
"1B1G.12","Cephalgia","1B1G.12",,"900","IMRD"
"1BA5.11","Pain in sinuses","1BA5.11",,"273076","IMRD"
"1C3..00","Earache symptoms","1C3..00",,"910539","IMRD"
"1C31.00","No earache","1C31.00",,"6116","IMRD"
"1C32.00","Unilateral earache","1C32.00",,"60156","IMRD"
"1C33.00","Bilateral earache","1C33.00",,"9659","IMRD"
"1C3Z.00","Earache symptom NOS","1C3Z.00",,"10909","IMRD"
"1D13.00","C/O: a pain","1D13.00",,"828211","IMRD"
"1D13.11","Pain","1D13.11",,"709570","IMRD"
"1D13.12","C/O - an ache","1D13.12",,"39317","IMRD"
"1D13000","C/O - pain in toes","1D13000",,"11924","IMRD"
"1D13100","C/O - pain in hallux","1D13100",,"4724","IMRD"
"1D13111","C/O - pain in big toe","1D13111",,"49665","IMRD"
"1D18.00","Pain from metastases","1D18.00",,"3165","IMRD"
"1D19.00","Pain in lymph nodes after alcohol consumption","1D19.00",,"12","IMRD"
"1DC..00","Pain character","1DC..00",,"3224","IMRD"
"1DC1.00","Burning pain","1DC1.00",,"28250","IMRD"
"1DC2.00","Aching pain","1DC2.00",,"23241","IMRD"
"1DC3.00","Stabbing pain","1DC3.00",,"1368","IMRD"
"1DC4.00","Cutting pain","1DC4.00",,"62","IMRD"
"1DC5.00","Griping pain","1DC5.00",,"568","IMRD"
"1DC6.00","Tightening pain","1DC6.00",,"1334","IMRD"
"1DC7.00","Pricking pain","1DC7.00",,"128","IMRD"
"1DC8.00","Generalised pain [symptom]","1DC8.00",,"8071","IMRD"
"1DC9.00","Shooting pain","1DC9.00",,"3266","IMRD"
"1DCA.00","Rest pain","1DCA.00",,"2727","IMRD"
"1DCD.00","Splitting pain","1DCD.00",,"4","IMRD"
"1DCE.00","Heavy pain","1DCE.00",,"9","IMRD"
"1DCF.00","Gnawing pain","1DCF.00",,"3","IMRD"
"1DCG.00","Cramping pain","1DCG.00",,"686","IMRD"
"1DCH.00","Throbbing pain","1DCH.00",,"120","IMRD"
"1DCJ.00","Tender pain","1DCJ.00",,"111","IMRD"
"1DCZ.00","Pain character NOS","1DCZ.00",,"5733","IMRD"
"1L1..00","Pain to call time","1L1..00",,"50","IMRD"
"1M...00","Pain","1M...00",,"341466","IMRD"
"1M0..00","Pain in upper limb","1M0..00",,"19927","IMRD"
"1M00.00","Pain in elbow","1M00.00",,"133935","IMRD"
"1M00.11","Elbow pain","1M00.11",,"23254","IMRD"
"1M01.00","Pain in wrist","1M01.00",,"169579","IMRD"
"1M1..00","Pain in lower limb","1M1..00",,"25188","IMRD"
"1M10.00","Knee pain","1M10.00",,"2674990","IMRD"
"1M11.00","Foot pain","1M11.00",,"473715","IMRD"
"1M11000","Ischaemic foot pain at rest","1M11000",,"165","IMRD"
"1M11100","Ischaemic foot pain when walking","1M11100",,"9","IMRD"
"1M12.00","Anterior knee pain","1M12.00",,"21964","IMRD"
"1M13.00","Ankle pain","1M13.00",,"114793","IMRD"
"1M2..00","Pain score","1M2..00",,"3910","IMRD"
"1M3..00","Pain in face","1M3..00",,"11298","IMRD"
"1M4..00","Central post-stroke pain","1M4..00",,"84","IMRD"
"1M5..00","Pattern of pain","1M5..00",,"6","IMRD"
"1M50.00","Constant pain","1M50.00",,"22","IMRD"
"1M51.00","Intermittent pain","1M51.00",,"113","IMRD"
"1M52.00","Chronic pain","1M52.00",,"5230","IMRD"
"1M6..00","Affective dimension of pain","1M6..00",,"1","IMRD"
"1M60.00","Punishing with pain","1M60.00",,"2","IMRD"
"1M61.00","Fearful with pain","1M61.00",,"1","IMRD"
"1M62.00","Sickening with pain","1M62.00",,"1","IMRD"
"1M63.00","Tiring with pain","1M63.00",,"0","IMRD"
"2252.00","O/E - in pain","2252.00",,"8223","IMRD"
"22B6.00","O/E - pain influenced posture","22B6.00",,"132","IMRD"
"25C..00","O/E - abdo. pain on palpation","25C..00",,"21333","IMRD"
"25C..12","O/E - iliac pain on palpation","25C..12",,"159","IMRD"
"25C..13","O/E - lumbar pain on palpation","25C..13",,"344","IMRD"
"25C..14","O/E - umbilical pain on palp.","25C..14",,"1455","IMRD"
"25C..15","O/E - abdomen tender","25C..15",,"44202","IMRD"
"25C1.00","O/E - no abd.pain on palpation","25C1.00",,"16704","IMRD"
"25C2.00","O/E - abd.pain-R.hypochondrium","25C2.00",,"3594","IMRD"
"25C4.00","O/E - abd.pain-L.hypochondrium","25C4.00",,"606","IMRD"
"25C5.00","O/E - abd. pain - R.lumbar","25C5.00",,"536","IMRD"
"25C6.00","O/E - abd. pain - umbilical","25C6.00",,"466","IMRD"
"25C7.00","O/E - abd. pain - L.lumbar","25C7.00",,"568","IMRD"
"25C8.00","O/E - abd. pain - R.iliac","25C8.00",,"4130","IMRD"
"25C9.00","O/E - abd. pain - hypogastrium","25C9.00",,"1247","IMRD"
"25CA.00","O/E - abd. pain - L.iliac","25CA.00",,"4265","IMRD"
"25CZ.00","O/E -abd.pain on palpation NOS","25CZ.00",,"4601","IMRD"
"25E..00","O/E - rebound tenderness","25E..00",,"558","IMRD"
"25E1.00","O/E - no rebound tenderness","25E1.00",,"3062","IMRD"
"25EZ.00","O/E - rebound tenderness NOS","25EZ.00",,"13","IMRD"
"25H9.00","O/E - liver tender","25H9.00",,"20","IMRD"
"25Q8.00","O/E - PR - prostate tender","25Q8.00",,"434","IMRD"
"2624.00","O/E - renal angle tenderness","2624.00",,"4012","IMRD"
"268B.00","O/E - VE - uterine tenderness","268B.00",,"768","IMRD"
"26BD.00","Intractable breast pain","26BD.00",,"2708","IMRD"
"26BF.00","Persistent mastalgia","26BF.00",,"46693","IMRD"
"26BG.00","Unilateral mastalgia","26BG.00",,"30275","IMRD"
"26BH.00","Breast tenderness","26BH.00",,"29189","IMRD"
"26C3.11","Sore nipple","26C3.11",,"55009","IMRD"
"26C3.12","Painful nipple","26C3.12",,"6740","IMRD"
"26L9.00","Uterus non-tender","26L9.00",,"11","IMRD"
"29E..00","O/E - pain sensation","29E..00",,"4822","IMRD"
"29E1.00","O/E - pain sensation normal","29E1.00",,"1290","IMRD"
"29E2.00","O/E - pain sensation reduced","29E2.00",,"110","IMRD"
"29E4.00","On examination allodynia","29E4.00",,"308","IMRD"
"29EZ.00","O/E - pain sensation NOS","29EZ.00",,"160","IMRD"
"2C46.00","O/E - lymph nodes tender","2C46.00",,"1632","IMRD"
"2C55.00","O/E - painful splenomegaly","2C55.00",,"10","IMRD"
"2D7..00","O/E - painful ear","2D7..00",,"179747","IMRD"
"2D73.00","O/E - pain over mastoid","2D73.00",,"313","IMRD"
"2D73.11","O/E - mastoid tender","2D73.11",,"2473","IMRD"
"2DA2.00","O/E-maxillary sinus tenderness","2DA2.00",,"5180","IMRD"
"2DA3.00","O/E - frontal sinus tenderness","2DA3.00",,"3292","IMRD"
"2FN..00","O/E - tenderness of skin","2FN..00",,"1263","IMRD"
"2H23.11","O/E - painful arc","2H23.11",,"19509","IMRD"
"2I18.00","O/E - tenderness/pain","2I18.00",,"13669","IMRD"
"2I18.11","O/E - pain","2I18.11",,"5567","IMRD"
"2I18.12","O/E - tenderness","2I18.12",,"55805","IMRD"
"2I18000","O/E - snuff box tenderness","2I18000",,"345","IMRD"
"2I37.00","O/E - sign attached to organ","2I37.00",,"2","IMRD"
"2IA..00","O/E - sign painful","2IA..00",,"77","IMRD"
"2IA..11","O/E - painful sign","2IA..11",,"188","IMRD"
"2IA2.00","O/E - sign slightly painful","2IA2.00",,"35","IMRD"
"2IA3.00","O/E - sign moderately painful","2IA3.00",,"29","IMRD"
"2IA4.00","O/E - sign very painful","2IA4.00",,"7","IMRD"
"2IAZ.00","O/E - sign painful NOS","2IAZ.00",,"16","IMRD"
"3880000","Visual analogue pain scale","3880000",,"69","IMRD"
"3880011","VAPS - Visual analogue pain scale","3880011",,"3","IMRD"
"389Q.00","Pain assessment tool completed","389Q.00",,"100","IMRD"
"38GJ100","EuroQol five dimension five level pain discomfort score","38GJ100",,"26","IMRD"
"38VG.00","PCS - Pain Catastrophizing Scale","38VG.00",,"6","IMRD"
"38VH.00","PSEQ - Pain Self-Efficacy Questionnaire","38VH.00",,"7","IMRD"
"6252.00","A/N care: poor A/N attender","6252.00",,"65","IMRD"
"66n..00","Chronic pain review","66n..00",,"9217","IMRD"
"7251311","Arruga string operation for detached retina","7251311",,"10","IMRD"
"7P21200","Delivery of rehabilitation for pain syndromes","7P21200",,"41","IMRD"
"8B3g.00","Pain to thrombolysis time","8B3g.00",,"13","IMRD"
"8BAA.00","Pain relief","8BAA.00",,"408800","IMRD"
"8BAO.00","Pain and symptom management","8BAO.00",,"51471","IMRD"
"8CC..00","TLC - tender loving care","8CC..00",,"3920","IMRD"
"8CMW000","Low back pain clinical pathway","8CMW000",,"1443","IMRD"
"8H69.00","Refer to pain clinic","8H69.00",,"109994","IMRD"
"8HH4.00","Arrange care attender","8HH4.00",,"403","IMRD"
"8HTH.00","Referral to back pain clinic","8HTH.00",,"25164","IMRD"
"8HVk.00","Private referral to pain management service","8HVk.00",,"267","IMRD"
"9b8F.00","Pain management (specialty)","9b8F.00",,"819","IMRD"
"9N1k.00","Seen in pain clinic","9N1k.00",,"480556","IMRD"
"9N4B.00","Poor attender","9N4B.00",,"7837","IMRD"
"9NNh.00","Under care of pain management specialist","9NNh.00",,"132","IMRD"
"9OHC.00","Breast screen non-attender","9OHC.00",,"84054","IMRD"
"9Ok5.00","Cancer pain and symptom management","9Ok5.00",,"1155","IMRD"
"A531.11","Post-herpetic neuralgia","A531.11",,"31376","IMRD"
"A531200","Postherpetic trigeminal neuralgia","A531200",,"877","IMRD"
"A531500","Postzoster neuralgia","A531500",,"3396","IMRD"
"A531511","Postherpetic neuralgia","A531511",,"22733","IMRD"
"A741.00","Epidemic pleurodynia","A741.00",,"951","IMRD"
"B18y200","Malignant neoplasm of mesorectum","B18y200",,"6","IMRD"
"B718400","Benign neoplasm of mesorectum","B718400",,"0","IMRD"
"E278.00","Psychalgia","E278.00",,"63","IMRD"
"E278000","Psychogenic pain unspecified","E278000",,"39","IMRD"
"E278200","Psychogenic backache","E278200",,"76","IMRD"
"E278z00","Psychalgia NOS","E278z00",,"601","IMRD"
"Eu45400","[X]Persistent somatoform pain disorder","Eu45400",,"202","IMRD"
"Eu45411","[X]Psychalgia","Eu45411",,"4","IMRD"
"Eu45412","[X]Psychogenic backache","Eu45412",,"59","IMRD"
"Eu45414","[X]Somatoform pain disorder","Eu45414",,"53","IMRD"
"Eu62y11","[X]Chronic pain personality syndrome","Eu62y11",,"594","IMRD"
"F100200","Pelizaeus-Merzbacher disease","F100200",,"34","IMRD"
"F262100","Horton's (histamine) neuralgia","F262100",,"26","IMRD"
"F262C00","Shortlast unilat neuralgifrm pain+conjunc inject+tearng synd","F262C00",,"19","IMRD"
"F262E00","Trigeminal autonomic cephalalgia","F262E00",,"193","IMRD"
"F300.00","Post-herpetic trigeminal neuralgia","F300.00",,"5160","IMRD"
"F301.00","Other specified trigeminal neuralgia","F301.00",,"32632","IMRD"
"F301z00","Trigeminal neuralgia NOS","F301z00",,"56725","IMRD"
"F302.00","Atypical face pain","F302.00",,"28999","IMRD"
"F321.00","Glossopharyngeal neuralgia","F321.00",,"394","IMRD"
"F336000","Phantom limb syndrome with pain","F336000",,"855","IMRD"
"F336100","Phantom limb syndrome without pain","F336100",,"8","IMRD"
"F344.00","Causalgia","F344.00",,"750","IMRD"
"F347.00","Complex regional pain syndrome type II","F347.00",,"1574","IMRD"
"F351.00","Meralgia paraesthetica","F351.00",,"28408","IMRD"
"F356000","Morton's metatarsalgia","F356000",,"10025","IMRD"
"F356100","Morton's neuralgia","F356100",,"9411","IMRD"
"F369.00","Complex regional pain syndrome","F369.00",,"1604","IMRD"
"F369.11","Chronic regional pain syndrome","F369.11",,"2849","IMRD"
"F587100","Otogenic pain","F587100",,"348","IMRD"
"G73y800","Erythromelalgia","G73y800",,"1377","IMRD"
"G73y811","Erythralgia","G73y811",,"24","IMRD"
"H1y1z15","Sore nostril","H1y1z15",,"16191","IMRD"
"J05y.11","Toothache","J05y.11",,"11169","IMRD"
"J085412","Sore lip","J085412",,"13198","IMRD"
"J085500","Cheilodynia","J085500",,"125","IMRD"
"J094200","Moeller's glossodynia exfoliativa","J094200",,"17","IMRD"
"J096.00","Glossodynia","J096.00",,"1026","IMRD"
"J096.12","Painful tongue","J096.12",,"33802","IMRD"
"J526000","Proctalgia fugax","J526000",,"14540","IMRD"
"J574700","Anal pain","J574700",,"85430","IMRD"
"J574800","Rectal pain","J574800",,"31711","IMRD"
"J574F00","Anorectal pain","J574F00",,"5180","IMRD"
"K197100","Painful haematuria","K197100",,"1315","IMRD"
"K273.11","Erection - painful","K273.11",,"576","IMRD"
"K28y800","Pain in testis","K28y800",,"66366","IMRD"
"K28y811","Testicular pain","K28y811",,"103001","IMRD"
"K28z.11","Pain in testis","K28z.11",,"46477","IMRD"
"K317000","Mastodynia - pain in breast","K317000",,"559206","IMRD"
"K317011","Breast soreness","K317011",,"10219","IMRD"
"K317600","Cyclical mastalgia","K317600",,"6760","IMRD"
"K421111","Vulval sores","K421111",,"4142","IMRD"
"K42y600","Vulvodynia","K42y600",,"5483","IMRD"
"K58y000","Other pelvic pain - female","K58y000",,"3975","IMRD"
"L463500","Pain on breast feeding","L463500",,"571","IMRD"
"M180.12","Sore bottom","M180.12",,"15369","IMRD"
"M181.12","Vulva sore","M181.12",,"37189","IMRD"
"M2y1500","Painful operation scar","M2y1500",,"523","IMRD"
"M2y1z11","Painful scar","M2y1z11",,"3894","IMRD"
"M2y1z12","Scar painful","M2y1z12",,"4868","IMRD"
"Mz...11","Sore skin","Mz...11",,"22394","IMRD"
"N094511","Coxalgia","N094511",,"133","IMRD"
"N094F11","Wrist pain","N094F11",,"3666","IMRD"
"N094K11","Coxalgia","N094K11",,"1863","IMRD"
"N094K12","Hip pain","N094K12",,"1062088","IMRD"
"N094W00","Anterior knee pain","N094W00",,"69583","IMRD"
"N12..13","Acute back pain - disc","N12..13",,"7082","IMRD"
"N131.00","Cervicalgia - pain in neck","N131.00",,"2042017","IMRD"
"N131.11","Pain in cervical spine","N131.11",,"1037","IMRD"
"N134.13","Cervical root pain","N134.13",,"11412","IMRD"
"N138.00","Cervicalgia","N138.00",,"3075","IMRD"
"N141.00","Pain in thoracic spine","N141.00",,"87332","IMRD"
"N141.11","Acute back pain - thoracic","N141.11",,"71009","IMRD"
"N142.00","Pain in lumbar spine","N142.00",,"180043","IMRD"
"N142.11","Low back pain","N142.11",,"2316251","IMRD"
"N142.12","Lumbalgia","N142.12",,"1956","IMRD"
"N142.13","Acute back pain - lumbar","N142.13",,"46546","IMRD"
"N143.11","Acute back pain with sciatica","N143.11",,"56503","IMRD"
"N144011","Thoracic nerve root pain","N144011",,"6880","IMRD"
"N145.00","Backache, unspecified","N145.00",,"580894","IMRD"
"N145.11","Acute back pain - unspecified","N145.11",,"63844","IMRD"
"N145.12","Back pain, unspecified","N145.12",,"112516","IMRD"
"N147200","Coccygodynia","N147200",,"101775","IMRD"
"N147211","Pain in coccyx","N147211",,"11850","IMRD"
"N211z11","Painful arc syndrome","N211z11",,"23898","IMRD"
"N217200","Metatarsalgia NOS","N217200",,"93379","IMRD"
"N239.11","Myofascial pain syndrome","N239.11",,"1337","IMRD"
"N240300","Rheumatic pain","N240300",,"8956","IMRD"
"N242.00","Neuralgia, neuritis and radiculitis unspecified","N242.00",,"4056","IMRD"
"N242000","Neuralgia unspecified","N242000",,"138410","IMRD"
"N242300","Neuropathic pain","N242300",,"70110","IMRD"
"N242z00","Neuralgia, neuritis or radiculitis NOS","N242z00",,"2320","IMRD"
"N245.00","Pain in limb","N245.00",,"156447","IMRD"
"N245.11","Ankle pain","N245.11",,"480137","IMRD"
"N245.12","Arm pain","N245.12",,"311886","IMRD"
"N245.13","Foot pain","N245.13",,"675795","IMRD"
"N245.14","Hand pain","N245.14",,"228547","IMRD"
"N245.15","Heel pain","N245.15",,"187970","IMRD"
"N245.16","Leg pain","N245.16",,"564657","IMRD"
"N245.17","Shoulder pain","N245.17",,"2125679","IMRD"
"N245.18","Thigh pain","N245.18",,"85673","IMRD"
"N245.19","Pain in buttock","N245.19",,"19490","IMRD"
"N245000","Hand pain","N245000",,"177055","IMRD"
"N245011","Thumb pain","N245011",,"139198","IMRD"
"N245012","Finger pain","N245012",,"153147","IMRD"
"N245100","Foot pain","N245100",,"49053","IMRD"
"N245111","Toe pain","N245111",,"254452","IMRD"
"N245200","Pain in leg","N245200",,"618317","IMRD"
"N245300","Pain in arm","N245300",,"212269","IMRD"
"N245400","Calf pain","N245400",,"166464","IMRD"
"N245500","Axillary pain","N245500",,"26204","IMRD"
"N245600","Tender heel pad","N245600",,"1491","IMRD"
"N245700","Shoulder pain","N245700",,"294335","IMRD"
"N248000","Myofascial pain syndrome","N248000",,"1796","IMRD"
"N24z.11","Polyalgia","N24z.11",,"139","IMRD"
"N321113","Pseudocoxalgia","N321113",,"19","IMRD"
"N321700","Pseudocoxalgia","N321700",,"2","IMRD"
"N33A.00","Bone pain","N33A.00",,"18832","IMRD"
"N33A000","Bony pelvic pain","N33A000",,"1917","IMRD"
"N33A100","Clavicle pain","N33A100",,"5734","IMRD"
"N33C.00","Complex regional pain syndrome type I","N33C.00",,"1286","IMRD"
"Nyu7A00","[X]Other dorsalgia","Nyu7A00",,"31","IMRD"
"P553.00","Lutembacher's syndrome","P553.00",,"6","IMRD"
"PF21611","Acheiria","PF21611",,"33","IMRD"
"R00z200","[D]Pain, generalized","R00z200",,"41191","IMRD"
"R00z211","[D]General aches and pains","R00z211",,"201076","IMRD"
"R00zB00","[D]Acute pain","R00zB00",,"2125","IMRD"
"R00zC00","[D]Chronic intractable pain","R00zC00",,"5483","IMRD"
"R01z100","[D]Growing pains - limbs","R01z100",,"725","IMRD"
"R01z200","[D]Musculoskeletal pain","R01z200",,"90547","IMRD"
"R020900","[D]Allodynia","R020900",,"496","IMRD"
"R040000","[D]Facial pain","R040000",,"111891","IMRD"
"R040011","[D]Face ache","R040011",,"24993","IMRD"
"R040z11","[D]Jaw pain","R040z11",,"101250","IMRD"
"R065100","[D]Precordial pain","R065100",,"2220","IMRD"
"R065300","[D]Painful respiration NOS","R065300",,"1645","IMRD"
"R065500","[D]Pleurodynia","R065500",,"466","IMRD"
"R073.00","[D]Flatulence, eructation and gas pain","R073.00",,"22412","IMRD"
"R073z00","[D]Flatulence, eructation and gas pain NOS","R073z00",,"333","IMRD"
"R079.00","[D] Defaecation painful","R079.00",,"463","IMRD"
"R07A.00","[D]Pain in oesophagus","R07A.00",,"948","IMRD"
"R081000","[D]Painful urination","R081000",,"4891","IMRD"
"R08z.11","[D]Prostadynia","R08z.11",,"1217","IMRD"
"R08z100","[D]Vesical pain","R08z100",,"1813","IMRD"
"R090600","[D]Umbilical pain","R090600",,"4761","IMRD"
"R090700","[D]Hypochondrial pain","R090700",,"76988","IMRD"
"R090800","[D]Suprapubic pain","R090800",,"4740","IMRD"
"R090900","[D]Pain in right iliac fossa","R090900",,"8345","IMRD"
"R090A00","[D]Pain in left iliac fossa","R090A00",,"6054","IMRD"
"R090B00","[D]Groin pain","R090B00",,"390334","IMRD"
"R090C00","[D]Loin pain","R090C00",,"15047","IMRD"
"R090G00","[D]Pelvic and perineal pain","R090G00",,"7988","IMRD"
"R090G11","[D] Pelvic pain","R090G11",,"23738","IMRD"
"R090G12","[D] Perineal pain","R090G12",,"9801","IMRD"
"R090J00","[D]Right upper quadrant pain","R090J00",,"11640","IMRD"
"R090K00","[D]Left upper quadrant pain","R090K00",,"2347","IMRD"
"R090L00","[D]Left lower quadrant pain","R090L00",,"289","IMRD"
"R090M00","[D]Right lower quadrant pain","R090M00",,"291","IMRD"
"Ryu1000","[X]Pain localized to other parts of lower abdomen","Ryu1000",,"60","IMRD"
"Ryu4200","[X]Painful micturition, unspecified","Ryu4200",,"212","IMRD"
"Ryu7000","[X]Other chronic pain","Ryu7000",,"1762","IMRD"
"SP07300","Internal prosthetic device causing pain","SP07300",,"18","IMRD"
"SP2y211","Post-operative pain","SP2y211",,"7980","IMRD"
"SP3y600","Pain at injection site","SP3y600",,"810","IMRD"
"SyuKE11","[X] Pain due to internal orthopaedic prosthesis","SyuKE11",,"29","IMRD"
"Z1G2111","Managing pain","Z1G2111",,"1","IMRD"
"Z1H..00","Pain management","Z1H..00",,"24057","IMRD"
"Z1H..11","Managing pain","Z1H..11",,"175","IMRD"
"Z1H1.11","Relieving pain","Z1H1.11",,"23","IMRD"
"Z1H1.13","Giving pain relief","Z1H1.13",,"65","IMRD"
"Z1H1100","Preventing pain","Z1H1100",,"21","IMRD"
"Z1H1200","Minimising pain","Z1H1200",,"11","IMRD"
"Z1H2.00","Pain rehabilitation","Z1H2.00",,"68","IMRD"
"Z1H3.00","Pain management programme","Z1H3.00",,"371","IMRD"
"Z1H3.11","PMP - Pain management programme","Z1H3.11",,"1","IMRD"
"Z1H5.00","Natural pain relief","Z1H5.00",,"0","IMRD"
"Z1O6200","Exposing sore skin to the air","Z1O6200",,"182","IMRD"
"Z237100","Non-tender scar of gravid uterus","Z237100",,"0","IMRD"
"Z237200","Tender scar of gravid uterus","Z237200",,"4","IMRD"
"Z237300","Tender scar of upper uterine segment","Z237300",,"0","IMRD"
"Z237400","Tender scar of lower uterine segment","Z237400",,"41","IMRD"
"Z23AN00","Painful uterine contractions","Z23AN00",,"34","IMRD"
"Z246312","Time painful contractions first detected","Z246312",,"0","IMRD"
"Z714200","Back pain prevention training","Z714200",,"158","IMRD"
"Z7CM300","Agnosia for pain","Z7CM300",,"0","IMRD"
"ZL17.00","Under care of pain management specialist","ZL17.00",,"623","IMRD"
"ZL22C00","Under care of pain management nurse","ZL22C00",,"42","IMRD"
"ZL58.00","Referral to pain management specialist","ZL58.00",,"21281","IMRD"
"ZL62C00","Referral to pain management nurse","ZL62C00",,"646","IMRD"
"ZL98.00","Seen by pain management specialist","ZL98.00",,"9753","IMRD"
"ZLA2C00","Seen by pain management nurse","ZLA2C00",,"1961","IMRD"
"ZLD2J00","Discharge by pain management specialist","ZLD2J00",,"406","IMRD"
"ZLD7A00","Discharge by pain management nurse","ZLD7A00",,"23","IMRD"
"ZLEB.00","Discharge from pain management service","ZLEB.00",,"340","IMRD"
"ZP81.12","Regular school attender","ZP81.12",,"4","IMRD"
"ZQ33.00","Pain assessment","ZQ33.00",,"2327","IMRD"
"ZR11.00","Aachen aphasia test","ZR11.00",,"12","IMRD"
"ZR11.11","AAT - Aachen aphasia test","ZR11.11",,"36","IMRD"
"ZR3w.00","Dallas pain questionnaire","ZR3w.00",,"67","IMRD"
"ZRau.00","Oswestry pain questionnaire","ZRau.00",,"18","IMRD"
"ZRb7.00","Pain coping strategies questionnaire","ZRb7.00",,"9","IMRD"
"ZRb7.11","CSQ - Pain coping strategies questionnaire","ZRb7.11",,"3","IMRD"
"ZRqc.00","Varni-Thompson paediatric pain questionnaire","ZRqc.00",,"2","IMRD"
"ZRqc.11","PPQ - Varni-Thompson paediatric pain questionnaire","ZRqc.11",,"1","IMRD"
"ZRqS111","UAB pain behaviour scale","ZRqS111",,"22","IMRD"
"ZRrA100","Visual analogue pain scale","ZRrA100",,"33","IMRD"
"ZRrA111","VAPS - Visual analogue pain scale","ZRrA111",,"60","IMRD"
"ZRVc.00","London hospital pain chart assessment","ZRVc.00",,"38","IMRD"
"ZRVq.00","McGill pain chart questionnaire","ZRVq.00",,"2","IMRD"
"ZRVq.11","MPQ - McGill pain chart questionnaire","ZRVq.11",,"1","IMRD"
"ZRVq.12","McGill pain questionnaire","ZRVq.12",,"4","IMRD"
"ZRVq100","Short form McGill pain questionnaire","ZRVq100",,"3","IMRD"
"ZRVq111","SFMPQ - Short form McGill pain questionnaire","ZRVq111",,"3","IMRD"
"38VI.00","FeverPAIN Score","38VI.00",,"54","IMRD"
