"MEDICAL_CODE_ID","DESCRIPTION","READ_CODE","SNOMED_CT_CODE","FREQUENCY","DATABASE"
"4871019","Pleurodynia","1827.11","2237002","3484","CPRD_AURUM"
"5621013","Heel pain","N245.15","2733002","448066","CPRD_AURUM"
"21633013","Bone pain","N33A.00","12584003","29355","CPRD_AURUM"
"30355011","Post-herpetic trigeminal neuralgia","F300.00","17974002","5737","CPRD_AURUM"
"31828016","Finger pain","N245012","18876004","307474","CPRD_AURUM"
"41994011","Cephalgia","1B1G.12","25064002","2841","CPRD_AURUM"
"45733018","Toothache","J05y.11","27355003","16331","CPRD_AURUM"
"49675018","Throbbing pain","1DCH.00","29695002","2818","CPRD_AURUM"
"51875014","Knee pain","1M10.00","30989003","7709960","CPRD_AURUM"
"58058010","Coccygodynia","N147200","34789001","228007","CPRD_AURUM"
"60340014","Night pain","","36163009","1223","CPRD_AURUM"
"60664018","Burning pain","1DC1.00","36349006","55100","CPRD_AURUM"
"61977017","Erythromelalgia","G73y800","37151006","5082","CPRD_AURUM"
"81981010","Coxalgia","N094K11","49218002","2533","CPRD_AURUM"
"82575011","Shooting pain","1DC9.00","49575005","10873","CPRD_AURUM"
"91677011","Stabbing pain","1DC3.00","55145008","6130","CPRD_AURUM"
"94135011","Pain in wrist","1M01.00","56608008","182161","CPRD_AURUM"
"104115013","Proctalgia fugax","J526000","62647006","31178","CPRD_AURUM"
"106193019","Testicular pain","1A57.11","63901009","238737","CPRD_AURUM"
"114029018","Anal pain","J574700","68653001","194545","CPRD_AURUM"
"118426010","Atypical face pain","F302.00","71303008","65083","CPRD_AURUM"
"119447018","Precordial pain","1823.00","71884009","21504","CPRD_AURUM"
"123425013","Pain in elbow","1M00.00","74323005","142775","CPRD_AURUM"
"129242010","Rectal pain","J574800","77880009","84410","CPRD_AURUM"
"138087018","Epidemic pleurodynia","A741.00","83264000","3099","CPRD_AURUM"
"140945016","Meralgia paraesthetica","F351.00","85007004","96744","CPRD_AURUM"
"165730010","Growing pains","16Z2.00","102482005","18725","CPRD_AURUM"
"165844010","Arm pain","N245.12","102556003","734867","CPRD_AURUM"
"166500011","Thoracic nerve root pain","N144011","103015000","8317","CPRD_AURUM"
"206425010","Complex regional pain syndrome","F369.00","128200000","24946","CPRD_AURUM"
"251425018","Pain in upper limb","1M0..00","102556003","48812","CPRD_AURUM"
"251646016","H/O: trigeminal neuralgia","1475.00","161482000","29359","CPRD_AURUM"
"252310019","No backache","16C1.00","161890006","5081","CPRD_AURUM"
"252311015","Backache","16C2.00","161891005","1874413","CPRD_AURUM"
"252313017","Back pain worse on sneezing","16C4.00","161893008","2723","CPRD_AURUM"
"252316013","C/O - upper back ache","16C7.00","161896000","88294","CPRD_AURUM"
"252586019","Right subcostal pain","1974.00","162048001","35849","CPRD_AURUM"
"252587011","Left flank pain","1975.00","162049009","63677","CPRD_AURUM"
"252588018","Right flank pain","1976.00","162050009","72435","CPRD_AURUM"
"252594014","Left iliac fossa pain","1978.00","162052001","269752","CPRD_AURUM"
"252595010","Suprapubic pain","1979.00","162053006","212594","CPRD_AURUM"
"252821015","No genitourinary pain","1A51.00","162139009","5492","CPRD_AURUM"
"252835018","Pain in female genitalia","1A58.00","162143008","4253","CPRD_AURUM"
"252836017","Female genital pain","1A58.11","162143008","818","CPRD_AURUM"
"252838016","Vulval pain","1A58100","162145001","69909","CPRD_AURUM"
"252841013","C/O pelvic pain","1A59.00","162147009","566673","CPRD_AURUM"
"252842018","C/O perineal pain","1A5A.00","162148004","30647","CPRD_AURUM"
"253178017","No earache","1C31.00","162357001","46068","CPRD_AURUM"
"253179013","Unilateral earache","1C32.00","162358006","267617","CPRD_AURUM"
"253180011","Bilateral earache","1C33.00","162359003","39580","CPRD_AURUM"
"253385014","Griping pain","1DC5.00","162504001","2124","CPRD_AURUM"
"253386010","Tightening pain","1DC6.00","162505000","3945","CPRD_AURUM"
"253700017","O/E - pain influenced posture","22B6.00","162777005","297","CPRD_AURUM"
"254357017","O/E - umbilical pain on palp.","25C..14","163218001","1230","CPRD_AURUM"
"254376015","O/E - rebound tenderness","25E..00","163236001","2073","CPRD_AURUM"
"255545019","O/E - lymph nodes tender","2C46.00","164160002","24366","CPRD_AURUM"
"255627014","O/E - pain over mastoid","2D73.00","164222001","5652","CPRD_AURUM"
"255628016","O/E - mastoid tender","2D73.11","164222001","3186","CPRD_AURUM"
"255662016","O/E-maxillary sinus tenderness","2DA2.00","164246008","49760","CPRD_AURUM"
"256162013","O/E - sign attached to organ","2I37.00","164650007","6","CPRD_AURUM"
"256209012","O/E - sign painful","2IA..00","164688009","437","CPRD_AURUM"
"256212010","O/E - sign slightly painful","2IA2.00","164690005","343","CPRD_AURUM"
"256214011","O/E - sign very painful","2IA4.00","164692002","304","CPRD_AURUM"
"282853018","Pain relief","8BAA.00","182970005","385290","CPRD_AURUM"
"283024010","TLC - tender loving care","8CC..00","183094000","16426","CPRD_AURUM"
"283685013","Refer to pain clinic","8H69.00","183568002","618612","CPRD_AURUM"
"283827016","Arrange care attender","8HH4.00","183682008","152","CPRD_AURUM"
"284074019","Referral to back pain clinic","8HTH.00","183868005","92077","CPRD_AURUM"
"285246011","Seen in pain clinic","9N1k.00","185248009","1304948","CPRD_AURUM"
"285354010","Poor attender","9N4B.00","185336008","35173","CPRD_AURUM"
"288751017","Malignant neoplasm of mesorectum","B18y200","187811009","121","CPRD_AURUM"
"295464017","Psychogenic backache","E278200","192029008","244","CPRD_AURUM"
"297707010","Pain in lower limb","1M1..00","10601006","107301","CPRD_AURUM"
"303328018","Anorectal pain","J574F00","197232005","8462","CPRD_AURUM"
"311744014","Tender heel pad","N245600","203131005","13307","CPRD_AURUM"
"312238013","Clavicle pain","N33A100","203509009","19049","CPRD_AURUM"
"324954019","Internal prosthetic device causing pain","SP07300","213134006","55","CPRD_AURUM"
"339430013","Pain score","1M2..00","225908003","192018","CPRD_AURUM"
"358132014","Vulvodynia","K42y600","238968009","26423","CPRD_AURUM"
"358463015","Persistent wound pain","","239166000","1734","CPRD_AURUM"
"359533017","Polyalgia","N24z.11","239949003","586","CPRD_AURUM"
"360304014","Pseudocoxalgia","N321700","111255008","8","CPRD_AURUM"
"369357016","Sore nipple","26C3.11","247350000","128432","CPRD_AURUM"
"369362015","Iliac fossa pain","197..12","247354009","19445","CPRD_AURUM"
"369363013","Flank pain","197..11","247355005","67443","CPRD_AURUM"
"369379014","Acute back pain with sciatica","N143.11","247366003","424601","CPRD_AURUM"
"369417015","Neuropathic pain","N242300","247398009","218783","CPRD_AURUM"
"397910011","Site of GIT pain","197..00","267050002","12635","CPRD_AURUM"
"397945015","Lumbar ache - renal","1A53.00","267067009","139352","CPRD_AURUM"
"398003017","C/O: a pain","1D13.00","267104002","746254","CPRD_AURUM"
"398004011","C/O - an ache","1D13.12","267104002","42881","CPRD_AURUM"
"400283013","Pain in thoracic spine","N141.00","267981009","212057","CPRD_AURUM"
"402479018","O/E - abdo. pain on palpation","25C..00","268941000","38673","CPRD_AURUM"
"411281013","O/E - iliac pain on palpation","25C..12","275315004","517","CPRD_AURUM"
"411282018","O/E - lumbar pain on palpation","25C..13","275316003","1778","CPRD_AURUM"
"411840011","O/E - painful arc","2H23.11","275875002","27597","CPRD_AURUM"
"411863018","O/E - tenderness","2I18.12","275895008","100859","CPRD_AURUM"
"412649012","C/O - ureteric pain","1A54.12","276498006","867","CPRD_AURUM"
"413750011","Central post-stroke pain","1M4..00","277286006","671","CPRD_AURUM"
"416127019","Ovarian pain","1A58200","279028009","2788","CPRD_AURUM"
"416128012","Pain in cervical spine","N131.11","279029001","33954","CPRD_AURUM"
"416146018","Mechanical low back pain","16CA.00","279040009","431155","CPRD_AURUM"
"416149013","Pain in buttock","N245.19","279043006","114873","CPRD_AURUM"
"416191010","Sore lip","J085412","279072007","48586","CPRD_AURUM"
"416192015","Sore nostril","H1y1z15","279073002","45275","CPRD_AURUM"
"416220011","Cramping pain","1DCG.00","279093005","5674","CPRD_AURUM"
"416223013","Heavy pain","1DCE.00","279095003","176","CPRD_AURUM"
"424342012","Toe pain","N245111","285365001","601679","CPRD_AURUM"
"424357017","Pain in penis","1A5B.00","285375003","89452","CPRD_AURUM"
"442155013","Axillary pain","N245500","300953009","67416","CPRD_AURUM"
"442156014","Calf pain","N245400","300954003","384104","CPRD_AURUM"
"442656013","Gnawing pain","1DCF.00","301371003","244","CPRD_AURUM"
"442663013","Fearful with pain","1M61.00","301376008","7","CPRD_AURUM"
"443112015","Right upper quadrant pain","197D.00","301717006","53866","CPRD_AURUM"
"447902010","Under care of pain management specialist","9NNh.00","305469009","4397","CPRD_AURUM"
"448997012","Referral to pain management service","","306109009","8148","CPRD_AURUM"
"454067016","O/E - snuff box tenderness","2I18000","310482008","1071","CPRD_AURUM"
"454069018","C/O - pain in hallux","1D13100","310484009","17087","CPRD_AURUM"
"454070017","C/O - pain in big toe","1D13111","310484009","70085","CPRD_AURUM"
"459732012","Pain from metastases","1D18.00","315241008","9769","CPRD_AURUM"
"459744010","Persistent mastalgia","26BF.00","315250005","120722","CPRD_AURUM"
"459745011","Unilateral mastalgia","26BG.00","315251009","223240","CPRD_AURUM"
"480723013","Pain in scrotum","1A5C.00","20502007","55948","CPRD_AURUM"
"481328013","Painful breathing -pleurodynia","1827.00","2237002","6486","CPRD_AURUM"
"483607018","Aching pain","1DC2.00","27635008","56587","CPRD_AURUM"
"496539011","Hand pain","N245000","53057004","278702","CPRD_AURUM"
"499700017","Pain in testicle","1A57.00","63901009","294397","CPRD_AURUM"
"503862017","Thigh pain","N245.18","78514002","227371","CPRD_AURUM"
"511651017","Moeller's glossodynia exfoliativa","J094200","9491003","7","CPRD_AURUM"
"512242016","Pain in face","1M3..00","95668009","36549","CPRD_AURUM"
"1219598016","Sore gums - symptom","1923.11","11114002","27665","CPRD_AURUM"
"1484944019","Pain to call time","1L1..00","448878007","64","CPRD_AURUM"
"1488586010","Pain management (specialty)","9b8F.00","394882004","23881","CPRD_AURUM"
"1488786012","Pain and symptom management","8BAO.00","395087001","104818","CPRD_AURUM"
"1783499018","Painful defaecation","19EC.00","225595004","13607","CPRD_AURUM"
"1785082014","Rheumatic pain","N240300","279069000","16049","CPRD_AURUM"
"1786636013","Painful tongue","J096.12","30731004","71171","CPRD_AURUM"
"1786638014","Glossodynia","J096.00","399044006","4968","CPRD_AURUM"
"2477180015","Complex regional pain syndrome type II","F347.00","408751001","4731","CPRD_AURUM"
"2534102018","Cancer pain and symptom management","9Ok5.00","413742003","4842","CPRD_AURUM"
"2579451017","Painful erection","1ABD.00","8034008","964","CPRD_AURUM"
"2676312014","Constant pain","1M50.00","426206001","9620","CPRD_AURUM"
"2692954012","Pain relief by medication","","428346000","5395","CPRD_AURUM"
"2912726016","Wound edges attached","","449748001","434","CPRD_AURUM"
"85031000006113","Type of GIT pain","196..00","270477000","43250","CPRD_AURUM"
"140651000006116","Shoulder girdle aches","","140651000006100","2713","CPRD_AURUM"
"230611000006118","Phantom limb syndrome with pain","F336000","5771000119106","9417","CPRD_AURUM"
"248721000006117","Pain on stressing lateral collateral ligament","","248721000006101","276","CPRD_AURUM"
"248731000006119","Pain on stressing Medial collateral ligament","","248731000006103","525","CPRD_AURUM"
"248831000006110","Painful scar","M2y1z11","449884001","19494","CPRD_AURUM"
"807221000033112","*Lachesis","","807221000033108","0","CPRD_AURUM"
"853551000006115","Sore thumb","","853551000006104","10856","CPRD_AURUM"
"853851000006118","Groin pain","","853851000006102","112558","CPRD_AURUM"
"853891000006112","Sore neck","","853891000006108","21336","CPRD_AURUM"
"873821000006112","Tendon re-attached","7H43.96","178165003","51","CPRD_AURUM"
"886381000006116","Proctalgia fugax - anal spasm","J526.99","17440005","1544","CPRD_AURUM"
"887041000006110","Mastodynia - painful breast","K317099","53430007","20010","CPRD_AURUM"
"891861000006112","Neuralgia/neuritis - NOS","N242z99","16269008","1940","CPRD_AURUM"
"891871000006117","Pain in limb NOS","N245.94","90834002","1781","CPRD_AURUM"
"891901000006117","Pain in right arm","N245.97","90834002","33488","CPRD_AURUM"
"891911000006119","Pain in left arm","N245.98","90834002","7065","CPRD_AURUM"
"905761000006111","[RFC] Neuralgia","","905761000006107","1431","CPRD_AURUM"
"939681000006118","Nerve root pain present","","939681000006102","2564","CPRD_AURUM"
"939691000006115","Nerve root pain absent","","939691000006104","5","CPRD_AURUM"
"939711000006117","Bone pain absent","","939711000006101","4075","CPRD_AURUM"
"939721000006113","Bone pain present","","939721000006109","561","CPRD_AURUM"
"939741000006118","Musculoskeletal pain absent","","939741000006102","141","CPRD_AURUM"
"939751000006116","Musculoskeletal pain present","","939751000006100","8586","CPRD_AURUM"
"939771000006114","Musculoskeletal pain moderate","","939771000006105","6492","CPRD_AURUM"
"939791000006110","Musculoskeletal pain very severe","","939791000006106","86","CPRD_AURUM"
"958431000033111","Nurofen Back Pain Sr","","958431000033107","0","CPRD_AURUM"
"958711000006112","Pain","","958711000006108","12","CPRD_AURUM"
"959701000006119","Sore/swollen/bleeding gums","","959701000006103","947","CPRD_AURUM"
"960411000006111","Painful defecation","","960411000006107","673","CPRD_AURUM"
"962001000006117","Burning/painful urination","","962001000006101","5488","CPRD_AURUM"
"962061000006116","Abn.lumps/swelling/tenderness of male/female reproductive organs","","962061000006100","1","CPRD_AURUM"
"974451000006113","Pain NOS","","974451000006109","4979","CPRD_AURUM"
"981471000006114","Abnormal lumps/swelling/tenderness of genital organs or breasts","","981471000006105","1145","CPRD_AURUM"
"982301000006117","Pain or discomfort during sleep/rest","","982301000006101","128","CPRD_AURUM"
"982561000006111","Pain on mobilising","","982561000006107","161","CPRD_AURUM"
"982861000006113","Cyclical mastalgia","","982861000006109","64","CPRD_AURUM"
"990211000006113","Pain in right arm","N245398","102556003","32","CPRD_AURUM"
"990221000006117","Pain in left leg","N245299","10601006","175","CPRD_AURUM"
"990231000006119","Pain in right leg","N245298","10601006","111","CPRD_AURUM"
"991431000033111","Herbalache","","991431000033107","0","CPRD_AURUM"
"1029731000033115","Cozachew Meltdown 1500","","1029731000033104","0","CPRD_AURUM"
"1079231000033114","Phorpain","","1079231000033105","0","CPRD_AURUM"
"1079331000033115","Phorpain Maximum Strength","","1079331000033104","0","CPRD_AURUM"
"1082731000033117","Cozachew Meltdown Combi","","1082731000033101","0","CPRD_AURUM"
"317569016","[D]Umbilical pain","R090600","88522004","16468","CPRD_AURUM"
"317570015","[D]Hypochondrial pain","R090700","271853005","99593","CPRD_AURUM"
"1222521018","[D]Prostadynia","R08z.11","36729000","2568","CPRD_AURUM"
"1222528012","[D] Pelvic pain","R090G11","162147009","176265","CPRD_AURUM"
"1210731000033113","Betachek Visual","","1210731000033109","0","CPRD_AURUM"
"1251531000033118","Panadol Night Pain","","1251531000033102","0","CPRD_AURUM"
"1294031000033117","Cozachew Fizz","","1294031000033101","0","CPRD_AURUM"
"1321031000033115","Voltarol Pain-Eze Extra Strength","","1321031000033104","0","CPRD_AURUM"
"1550061000000111","[D]Allodynia","R020900","247404004","2585","CPRD_AURUM"
"1564331000006114","Belgian","","1564331000006105","0","CPRD_AURUM"
"1566401000006119","Bone tenderness at base of fifth metatarsal","","1566401000006103","105","CPRD_AURUM"
"1566411000006116","Bone tenderness at posterior edge or tip of lateral malleolus","","1566411000006100","168","CPRD_AURUM"
"1566421000006112","Bone tenderness at posterior edge or tip of medial malleolus","","1566421000006108","59","CPRD_AURUM"
"1566451000006115","Isolated tenderness of patella","","1566451000006104","159","CPRD_AURUM"
"1682431000006119","Wrist pain","N094F11","56608008","126780","CPRD_AURUM"
"1726581000006116","Central post-stroke pain","","1726581000006100","36","CPRD_AURUM"
"1727541000006113","Complex regional pain syndrome NOS","","1727541000006109","2","CPRD_AURUM"
"1745391000006116","Vulvodynia","","1745391000006100","128","CPRD_AURUM"
"1748691000006115","Adnexal tenderness absent","","1748691000006104","0","CPRD_AURUM"
"1748721000006113","Adnexal tenderness","","1748721000006109","0","CPRD_AURUM"
"1763821000006119","Epididymis tender","","300501005","644","CPRD_AURUM"
"1773521000006111","Pain - mild [MOSAIC trial]","","1773521000006107","1026","CPRD_AURUM"
"1773541000006116","Pain - severe [MOSAIC trial]","","1773541000006100","965","CPRD_AURUM"
"1775521000006110","Referred to Pain Management Service","","1775521000006106","4857","CPRD_AURUM"
"1805311000006117","O/E - PR - tenderness","","1805311000006101","104","CPRD_AURUM"
"1807091000006119","Pain provoked by light","","425746004","3","CPRD_AURUM"
"1807391000006116","Tender testes","","300489007","1221","CPRD_AURUM"
"1807411000006116","Suprapubic tenderness","","1807411000006100","65324","CPRD_AURUM"
"1808571000006111","Pain management","","278414003","41517","CPRD_AURUM"
"1824001000006114","Low back pain clinical pathway protocol followed","","1824001000006105","203","CPRD_AURUM"
"1825961000006112","Left single leg squat pain","","1825961000006108","369","CPRD_AURUM"
"1826071000006114","Right single leg squat pain","","1826071000006105","265","CPRD_AURUM"
"1826201000006114","Step test - pain partially reduced","","1826201000006105","1","CPRD_AURUM"
"1826211000006112","Step test - no change in pain","","1826211000006108","1","CPRD_AURUM"
"1832361000006116","Physiotherapy treatment modality: pain management program","","1832361000006100","1","CPRD_AURUM"
"1841501000006118","Chronic pain review","","1841501000006102","29","CPRD_AURUM"
"1841631000006113","Keele SWAP (Study of Work and Pain) study","","1841631000006109","36","CPRD_AURUM"
"1853681000006110","Keele Hi study - pain stops work","","1853681000006106","3","CPRD_AURUM"
"1853701000006113","Keele Hi study - pain stops work little","","1853701000006109","1","CPRD_AURUM"
"1853711000006111","Keele Hi study - pain stops work moderate","","1853711000006107","1","CPRD_AURUM"
"1853731000006117","Keele Hi study - pain stops work extremely","","1853731000006101","2","CPRD_AURUM"
"1859411000006119","Wells DVT score - local tenderness along deep venous system","","1859411000006103","22609","CPRD_AURUM"
"1916371000006112","STarT back score - back pain down leg(s) in last 2 weeks","","1916371000006108","17090","CPRD_AURUM"
"1916381000006110","STarT back score - shoulder or neck pain in last 2 weeks","","1916381000006106","16925","CPRD_AURUM"
"1916401000006110","STarT back score - dressed more slowly due to pain last 2 wks","","1916401000006106","16920","CPRD_AURUM"
"1916461000006111","STarT back score - bothered by back pain last 2wks","","1916461000006107","16926","CPRD_AURUM"
"1935881000006117","Pain provoked by sleeping position","","1935881000006101","9","CPRD_AURUM"
"1935891000006119","Pain improving","","1935891000006103","388","CPRD_AURUM"
"1935901000006115","Worsening pain","","1935901000006104","1063","CPRD_AURUM"
"1935921000006113","Pain level static","","1935921000006109","9","CPRD_AURUM"
"1964591000006114","IPOS-5 staff score: degree pt affected by pain last 3 days","","1964591000006105","1","CPRD_AURUM"
"1983811000006118","Keele CAM-Pain study","","1983811000006102","116","CPRD_AURUM"
"1980781000006114","Keele TAPS (treatment for aches and pains) trial","","1980781000006105","1879","CPRD_AURUM"
"1980911000006116","Keele TAPS trial - pain site - shoulder","","1980911000006100","288","CPRD_AURUM"
"1980921000006112","Keele TAPS trial - pain site - multisite","","1980921000006108","155","CPRD_AURUM"
"1980931000006110","Keele TAPS trial - pain score","","1980931000006106","2247","CPRD_AURUM"
"1981031000006119","Keele TAPS trial - refer to pain management service","","1981031000006103","11","CPRD_AURUM"
"1983821000006114","Keele CAM-Pain study - patient eligible","","1983821000006105","1","CPRD_AURUM"
"1983831000006112","Keele CAM-Pain study - patient ineligible","","1983831000006108","1","CPRD_AURUM"
"1983861000006115","Keele CAM-Pain study - unable to discuss with patient","","1983861000006104","87","CPRD_AURUM"
"1983871000006110","Keele CAM-Pain study - patient to receive mailed invite","","1983871000006106","13","CPRD_AURUM"
"1983881000006113","Keele CAM-Pain study - patient declined invitation","","1983881000006109","1","CPRD_AURUM"
"1983891000006111","Keele CAM-Pain study - patient consented to trial","","1983891000006107","7","CPRD_AURUM"
"1990591000006117","Keele STarT MSK scr-cn only wlk shrt dist due to pain last 2 wks","","1990591000006101","1298","CPRD_AURUM"
"1990631000006117","Keele STarT MSK score-worrying thoughts about pain in last 2 wks","","1990631000006101","405","CPRD_AURUM"
"1990651000006112","Keele STarT MSK score-stopd enjoyng thngs bcse of pain lst 2 wks","","1990651000006108","406","CPRD_AURUM"
"2003651000006112","Responds to pain","","450847001","8","CPRD_AURUM"
"2139301000000114","EuroQol five dimension five level pain discomfort score","38GJ100","821591000000100","11791","CPRD_AURUM"
"2180831000033116","Betachek C50","","2180831000033100","0","CPRD_AURUM"
"2197471000000111","Low back pain clinical pathway","8CMW000","847561000000101","3270","CPRD_AURUM"
"2214301000000116","Chronic regional pain syndrome","F369.11","128200000","14521","CPRD_AURUM"
"2225421000000111","Chronic pain review","66n..00","860381000000107","39327","CPRD_AURUM"
"2272631000033110","Vivachek","","2272631000033106","0","CPRD_AURUM"
"2272831000033114","Vivachek Ino","","2272831000033105","0","CPRD_AURUM"
"2281831000000118","Private referral to pain management service","8HVk.00","885251000000103","5754","CPRD_AURUM"
"2377871000000112","Ischaemic foot pain at rest","1M11000","713412006","597","CPRD_AURUM"
"2394021000000118","Pain assessment tool completed","389Q.00","934571000000105","2124","CPRD_AURUM"
"2619871000000116","howRthey rating score - pain and/or distress","","1038001000000107","13","CPRD_AURUM"
"2329631000033110","Nutricia Flavour Sachets","","2329631000033106","0","CPRD_AURUM"
"2341831000033110","Diacheck","","2341831000033106","0","CPRD_AURUM"
"2015201000006113","Abbey pain scale score","","2015201000006109","63","CPRD_AURUM"
"1566391000006116","Bone tenderness","","278997003","172","CPRD_AURUM"
"1620641000006119","Paediatric pain management","","828441000000100","81","CPRD_AURUM"
"2370431000033117","Salts Flange Extender","","2370431000033101","0","CPRD_AURUM"
"2019001000006116","Keele STarT MSK score - anxious or low mood because of pain","","2019001000006100","1291","CPRD_AURUM"
"50335015","Morton's metatarsalgia","F356000","30085007","34446","CPRD_AURUM"
"123079014","Otogenic pain","F587100","74123003","2656","CPRD_AURUM"
"252315012","Back pain without radiation NOS","16C6.00","161891005","1553255","CPRD_AURUM"
"252577012","Type of GIT pain NOS","196Z.00","270477000","6194","CPRD_AURUM"
"252597019","Site of GIT pain NOS","197Z.00","267050002","2467","CPRD_AURUM"
"254362016","O/E -abd.pain on palpation NOS","25CZ.00","268941000","6967","CPRD_AURUM"
"254387011","O/E - rebound tenderness NOS","25EZ.00","163236001","241","CPRD_AURUM"
"295460014","Psychogenic pain unspecified","E278000","30077003","374","CPRD_AURUM"
"295465016","Psychalgia NOS","E278z00","30077003","1552","CPRD_AURUM"
"297427010","Other specified trigeminal neuralgia","F301.00","31681005","92171","CPRD_AURUM"
"297428017","Trigeminal neuralgia NOS","F301z00","31681005","251534","CPRD_AURUM"
"305025014","Other pelvic pain - female","K58y000","426702003","33261","CPRD_AURUM"
"317098012","[D]Chronic intractable pain","R00zC00","274665008","28266","CPRD_AURUM"
"317144010","[D]Growing pains - limbs","R01z100","102482005","6604","CPRD_AURUM"
"317426010","[D]Precordial pain","R065100","71884009","14450","CPRD_AURUM"
"317428011","[D]Painful respiration NOS","R065300","75483001","5795","CPRD_AURUM"
"317470018","[D]Flatulence, eructation and gas pain","R073.00","271832001","15367","CPRD_AURUM"
"317477015","[D]Flatulence, eructation and gas pain NOS","R073z00","271832001","4203","CPRD_AURUM"
"317557012","[D]Vesical pain","R08z100","15803009","1351","CPRD_AURUM"
"317572011","[D]Pain in right iliac fossa","R090900","162051008","50165","CPRD_AURUM"
"317574012","[D]Groin pain","R090B00","102570003","724002","CPRD_AURUM"
"317575013","[D]Loin pain","R090C00","271857006","349305","CPRD_AURUM"
"369364019","Type of GIT pain - symptom","196..12","270477000","2922","CPRD_AURUM"
"400315011","Neuralgia, neuritis or radiculitis NOS","N242z00","16269008","17113","CPRD_AURUM"
"411434010","Sore bottom","M180.12","307225003","46224","CPRD_AURUM"
"455441012","[D]Left lower quadrant pain","R090L00","301716002","2538","CPRD_AURUM"
"1228951011","Acheiria","PF21611","371199008","43","CPRD_AURUM"
"96551000006116","Toothache","1912.00","27355003","242317","CPRD_AURUM"
"110401000006114","Testicular pain","K28y811","63901009","101963","CPRD_AURUM"
"154791000006110","Scar painful","M2y1z12","449884001","7340","CPRD_AURUM"
"199101000006113","Psychalgia","E278.00","30077003","557","CPRD_AURUM"
"217241000006113","Post-operative pain","SP2y211","213299007","12097","CPRD_AURUM"
"221731000000119","Pain in leg","N245200","10601006","656002","CPRD_AURUM"
"248441000006115","Pain","1D13.11","22253000","485186","CPRD_AURUM"
"248461000006116","Pain character","1DC..00","162502002","6594","CPRD_AURUM"
"248531000006112","Pain in arm","N245300","102556003","267410","CPRD_AURUM"
"248711000006113","Pain on breast feeding","L463500","200430001","7616","CPRD_AURUM"
"295191000006117","[D]Face ache","R040011","95668009","20767","CPRD_AURUM"
"299171000006116","[D]Left upper quadrant pain","R090K00","301715003","16103","CPRD_AURUM"
"301981000006114","[D]Right upper quadrant pain","R090J00","301717006","57668","CPRD_AURUM"
"371011000006114","[X]Chronic pain personality syndrome","Eu62y11","30077003","6808","CPRD_AURUM"
"381741000000112","Delivery of rehabilitation for pain syndromes","7P21200","790831000000102","130","CPRD_AURUM"
"423781000006110","[X]Psychalgia","Eu45411","30077003","8","CPRD_AURUM"
"423851000006113","[X]Psychogenic backache","Eu45412","192029008","51","CPRD_AURUM"
"427141000006110","[X]Somatoform pain disorder","Eu45414","30077003","1168","CPRD_AURUM"
"455771000006114","Acute back pain - disc","N12..13","278862001","19826","CPRD_AURUM"
"483791000006115","Ankle pain","N245.11","247373008","1219077","CPRD_AURUM"
"486291000006115","Anterior knee pain","N094W00","239733006","458588","CPRD_AURUM"
"501991000006110","Back pain, unspecified","N145.12","161891005","1749437","CPRD_AURUM"
"502061000006113","Backache symptom","16C..00","161891005","650521","CPRD_AURUM"
"525521000006113","Breast screen non-attender","9OHC.00","185713001","404390","CPRD_AURUM"
"544001000006112","Cervical root pain","N134.13","103014001","31127","CPRD_AURUM"
"369388017","Ankle pain","1M13.00","247373008","195444","CPRD_AURUM"
"599131000006110","Coxalgia","N094511","49218002","2668","CPRD_AURUM"
"647981000006119","Erection - painful","K273.11","8034008","1497","CPRD_AURUM"
"800781000006116","Generalised pain [symptom]","1DC8.00","82991003","34590","CPRD_AURUM"
"807451000006115","Growing pains symptom","16Z2.11","102482005","3028","CPRD_AURUM"
"815651000006110","Hand pain","N245.14","53057004","662915","CPRD_AURUM"
"828201000006113","Horton's (histamine) neuralgia","F262100","193031009","155","CPRD_AURUM"
"962331000006111","Pain in vulva","1A5E.00","162145001","2552","CPRD_AURUM"
"1146811000000113","Pain or discomfort","16ZB000","1038251000000103","1674","CPRD_AURUM"
"1922201000006119","Pattern of pain","1M5..00","301369003","2087","CPRD_AURUM"
"252317016","Backache symptom NOS","16CZ.00","161891005","30935","CPRD_AURUM"
"318040019","[X]Other chronic pain","Ryu7000","82423001","98891","CPRD_AURUM"
"359542012","Painful arc syndrome","N211z11","202841003","73158","CPRD_AURUM"
"1222526011","[D] Perineal pain","R090G12","225565007","24074","CPRD_AURUM"
"11933171000006114","IPOS staff score : degree pt affected by sore/dry mouth past week","","11933171000006105","0","CPRD_AURUM"
"11933531000006119","IPOS patient score : degree pt affected by sore/dry mouth past week","","11933531000006103","0","CPRD_AURUM"
"11933221000006115","IPOS staff score : cannot assess degree pt affected by sore/dry mouth past week","","11933221000006104","0","CPRD_AURUM"
"11932381000006119","Keele PANDA-S study - GP prognosis: shoulder pain in 6 mths - yes","","11932381000006103","315","CPRD_AURUM"
"11933341000006115","IPOS patient score : degree pt affected by pain over past week","","11933341000006104","11","CPRD_AURUM"
"11933941000006116","IPOS staff score: cannot assess degree pt affected by sore/dry mouth past 3 days","","11933941000006100","0","CPRD_AURUM"
"891881000006119","Pain in right leg","N245.95","287048003","55271","CPRD_AURUM"
"891921000006110","Pain in limb - multiple","N245.99","288241003","1058","CPRD_AURUM"
"1859851000006115","Lives in semidetached house","","609243000","7988","CPRD_AURUM"
"1859861000006118","Lives in detached house","","609245007","922","CPRD_AURUM"
"317500019","[D]Pain in oesophagus","R07A.00","102619001","1442","CPRD_AURUM"
"409590012","Visual analogue pain scale","3880000","443394008","8059","CPRD_AURUM"
"1222482014","[D]General aches and pains","R00z211","82991003","699574","CPRD_AURUM"
"2439911000000113","PCS - Pain Catastrophizing Scale","38VG.00","716609006","82","CPRD_AURUM"
"254351016","O/E - no abd.pain on palpation","25C1.00","163213005","46870","CPRD_AURUM"
"254355013","O/E - abd. pain - R.lumbar","25C5.00","163217006","1558","CPRD_AURUM"
"254356014","O/E - abd. pain - umbilical","25C6.00","163218001","2621","CPRD_AURUM"
"254358010","O/E - abd. pain - L.lumbar","25C7.00","163219009","1645","CPRD_AURUM"
"254359019","O/E - abd. pain - R.iliac","25C8.00","163220003","17643","CPRD_AURUM"
"254360012","O/E - abd. pain - hypogastrium","25C9.00","163221004","3960","CPRD_AURUM"
"254361011","O/E - abd. pain - L.iliac","25CA.00","163222006","13661","CPRD_AURUM"
"217891000000110","Painful nipple","26C3.12","247350000","23148","CPRD_AURUM"
"359051000006114","[X] Pain due to internal orthopaedic prosthesis","SyuKE11","35688006","58","CPRD_AURUM"
"7299721000006119","Pain in forearm","","444899003","1027","CPRD_AURUM"
"2725761000000117","Pain in upper arm","","1088071000000108","17907","CPRD_AURUM"
"4548371000006115","Pharyngeal pain","","162397003","0","CPRD_AURUM"
"4552011000006111","On examination - pain influenced posture","","162777005","0","CPRD_AURUM"
"3303651000006116","Urination painful","","49650001","486","CPRD_AURUM"
"3539111000006117","Orchialgia","","63901009","2","CPRD_AURUM"
"3584521000006110","Acrodynia due to mercury","","66695004","0","CPRD_AURUM"
"5509741000006119","On examination - tenderness/pain","","268994009","0","CPRD_AURUM"
"5721841000006118","Pain in left leg","","287047008","102","CPRD_AURUM"
"5243531000006119","Allodynia","","247404004","348","CPRD_AURUM"
"2604741000006113","Pain in urethra","","6561007","72","CPRD_AURUM"
"3360341000006118","Painful hand","","53057004","4","CPRD_AURUM"
"2900321000006111","Cephalalgia","","25064002","1","CPRD_AURUM"
"3512093013","Complex regional pain syndrome type 1","","734947007","0","CPRD_AURUM"
"2999711000006114","Gonalgia","","30989003","0","CPRD_AURUM"
"3060271000006116","Coccydynia","","34789001","350","CPRD_AURUM"
"3177931000006114","Detached retina","","42059000","11","CPRD_AURUM"
"3621611000006118","Myoneuralgia","","68962001","0","CPRD_AURUM"
"3828281000006110","Painful neck","","81680005","1","CPRD_AURUM"
"7276771000006119","Visual analogue scale pain score","","443394008","3571","CPRD_AURUM"
"7495321000006119","Lives in detached house","","609245007","0","CPRD_AURUM"
"12454931000006114","O/E - abd. pain - umbilical","","163218001","0","CPRD_AURUM"
"4546261000006116","Pain of hypogastrium","","162053006","1","CPRD_AURUM"
"5243041000006117","Sore to touch","","247348008","0","CPRD_AURUM"
"5586081000006119","Complaining of ureteric pain","","276498006","0","CPRD_AURUM"
"5618331000006113","CLBP - Chronic low back pain","","278860009","9","CPRD_AURUM"
"7276791000006118","Visual analog scale pain score","","443394008","0","CPRD_AURUM"
"7375261000006117","Trigeminal autonomic cephalgia","","449814007","0","CPRD_AURUM"
"5138591000006112","AKP - Anterior knee pain","","239733006","9","CPRD_AURUM"
"11776801000006110","CRPS - complex regional pain syndrome","","128200000","6","CPRD_AURUM"
"11989381000006115","Pain in esophagus","","102619001","0","CPRD_AURUM"
"12220621000006112","Psychogenic back pain","","192029008","0","CPRD_AURUM"
"2604761000006112","Urethrodynia","","6561007","0","CPRD_AURUM"
"3303641000006118","Pain passing water","","49650001","3","CPRD_AURUM"
"3366641000006114","Breast painful","","53430007","24","CPRD_AURUM"
"4568461000006110","O/E - pain sense","","163728006","27","CPRD_AURUM"
"4583541000006115","On examination - sign attached to organ","","164650007","0","CPRD_AURUM"
"7327841000006114","PSEQ (pain self efficacy questionnaire) score","","446663007","1","CPRD_AURUM"
"7361751000006115","Time from onset of pain to administration of thrombolytic agent","","448906006","0","CPRD_AURUM"
"5243021000006112","Tenderness","","247348008","409","CPRD_AURUM"
"5892771000006117","Observation of pattern of pain","","301369003","810","CPRD_AURUM"
"2995381000006115","Glossalgia","","30731004","0","CPRD_AURUM"
"3303691000006110","Pain emptying bladder","","49650001","2","CPRD_AURUM"
"4562961000006119","On examination - vaginal examination - uterine tenderness","","163410005","0","CPRD_AURUM"
"5516891000006111","Type of gastrointestinal tract pain","","270477000","143","CPRD_AURUM"
"3092001000006118","Prostatodynia","","36729000","0","CPRD_AURUM"
"3303661000006119","Pain on micturition","","49650001","25","CPRD_AURUM"
"3767061000006118","Rectalgia","","77880009","0","CPRD_AURUM"
"11790051000006113","GTPS - greater trochanteric pain syndrome","","7674000","26","CPRD_AURUM"
"2977761000006110","Pulsatile pain","","29695002","0","CPRD_AURUM"
"2997101000006119","Vestibulodynia","","30833006","1","CPRD_AURUM"
"3160741000006111","Psychologic painful sexual act of female","","41021005","0","CPRD_AURUM"
"3366591000006116","Mastodynia","","53430007","1","CPRD_AURUM"
"3584581000006114","Acrodynia caused by mercury poisoning","","66695004","0","CPRD_AURUM"
"7773511000006118","Cheiralgia paresthetica","","718519003","0","CPRD_AURUM"
"3512275019","Complex regional pain syndrome of knee","","734988007","5","CPRD_AURUM"
"5620731000006119","Nonspecific pain in the lumbar region","","279039007","0","CPRD_AURUM"
"5892851000006116","Exhausting with pain","","301373000","0","CPRD_AURUM"
"3085791000006119","Hot pain","","36349006","0","CPRD_AURUM"
"3504181000006119","Alveolalgia","","61804006","0","CPRD_AURUM"
"11905441000006119","Generalized aches and pains","","82991003","0","CPRD_AURUM"
"4656111000006116","Partial esophagectomy and interposition of microvascularly attached jejunum","","173572008","0","CPRD_AURUM"
"5491661000006115","Soft sore - chancroid","","266143009","0","CPRD_AURUM"
"4077881000006110","Oesophageal pain","","102619001","0","CPRD_AURUM"
"4562141000006115","On examination - renal angle tenderness","","163358002","0","CPRD_AURUM"
"2995391000006117","Soreness of tongue","","30731004","2","CPRD_AURUM"
"4577441000006117","On examination - frontal sinus tenderness","","164247004","0","CPRD_AURUM"
"4943791000006116","Pain associated with defaecation","","225595004","713","CPRD_AURUM"
"12454901000006118","O/E - abd. pain - L.lumbar","","163219009","0","CPRD_AURUM"
"2750671000006117","Urinary bladder pain","","15803009","0","CPRD_AURUM"
"2938411000006115","Pain in tooth","","27355003","227","CPRD_AURUM"
"3084591000006114","Painful lips","","36269003","0","CPRD_AURUM"
"4656281000006115","Bypass of esophagus by interposition of microvascularly attached colon","","173590009","0","CPRD_AURUM"
"6766431000006113","Complex regional pain syndrome, type II","","408751001","32","CPRD_AURUM"
"2867631000006110","Sciatica neuralgia","","23056005","9","CPRD_AURUM"
"2984161000006113","Morton's metatarsalgia","","30085007","0","CPRD_AURUM"
"3303671000006114","Pain on voiding","","49650001","4","CPRD_AURUM"
"5533151000006112","Complaining of renal pain","","272049009","0","CPRD_AURUM"
"6000501000006115","Complaining of pain in hallux","","310484009","0","CPRD_AURUM"
"3091991000006115","Prostatalgia","","36729000","0","CPRD_AURUM"
"3518531000006115","Painful spasm of anus","","62647006","146","CPRD_AURUM"
"3767041000006117","Pain in rectum","","77880009","0","CPRD_AURUM"
"2622041000006112","GTPS - greater trochanteric pain syndrome","","7674000","0","CPRD_AURUM"
"2628161000006112","Painful penile erection","","8034008","18","CPRD_AURUM"
"3366621000006119","Breast pain","","53430007","90","CPRD_AURUM"
"61979019","Erythralgia","G73y811","37151006","21","CPRD_AURUM"
"4789731000006116","PBS - Painful bladder syndrome","","197834003","0","CPRD_AURUM"
"5597041000006114","CPSP - Central post-stroke pain","","277286006","0","CPRD_AURUM"
"2854561000006117","Pain observations","","22253000","0","CPRD_AURUM"
"2986821000006119","Painful swallowing","","30233002","1","CPRD_AURUM"
"3504171000006117","Alveoalgia","","61804006","0","CPRD_AURUM"
"3976181000006111","Limb pain","","90834002","37","CPRD_AURUM"
"5578261000006110","On examination - pain","","275896009","0","CPRD_AURUM"
"6000441000006119","On examination - snuff box tenderness","","310482008","0","CPRD_AURUM"
"3396681000006118","Tender breasts","","55222007","0","CPRD_AURUM"
"5572051000006118","On examination - lumbar pain on palpation","","275316003","0","CPRD_AURUM"
"3660191000006116","Painful coitus","","71315007","0","CPRD_AURUM"
"2534641000006115","Pleuralgia","","2237002","0","CPRD_AURUM"
"3060291000006115","Coccyodynia","","34789001","0","CPRD_AURUM"
"3539141000006118","Pain of testes","","63901009","10","CPRD_AURUM"
"4060621000006118","Pain of face","","95668009","0","CPRD_AURUM"
"4568481000006117","On examination - pain sensation","","163728006","0","CPRD_AURUM"
"4803041000006110","Pain on breastfeeding","","200430001","0","CPRD_AURUM"
"4946541000006110","Giving pain relief","","225782006","4","CPRD_AURUM"
"2758011000006118","Paroxysmal nerve pain","","16269008","0","CPRD_AURUM"
"4545121000006110","Pain in back","","161891005","103","CPRD_AURUM"
"2750651000006110","Bladder pain","","15803009","862","CPRD_AURUM"
"3437301000006118","Articular pain","","57676002","1","CPRD_AURUM"
"6000451000006117","C/O - pain in toe","","310483003","0","CPRD_AURUM"
"6567871000006114","Locomotor pain disorder","","396332003","10","CPRD_AURUM"
"3201361000006115","Mid-cycle pain","","43548008","37","CPRD_AURUM"
"3767051000006115","Proctalgia","","77880009","1","CPRD_AURUM"
"3828311000006112","Cervical pain","","81680005","3","CPRD_AURUM"
"2764221000006118","Cardiovasorenal syndrome","","16652001","0","CPRD_AURUM"
"3010281000006117","Trifacial neuralgia","","31681005","0","CPRD_AURUM"
"4077911000006110","Oesophagodynia","","102619001","0","CPRD_AURUM"
"12454911000006115","O/E - abd. pain - R.iliac","","163220003","0","CPRD_AURUM"
"3626211000006113","Denture sore mouth","","69254008","1","CPRD_AURUM"
"4943801000006115","Pain associated with defecation","","225595004","0","CPRD_AURUM"
"2995361000006113","Glossodynia","","30731004","2973","CPRD_AURUM"
"3060241000006112","Pain in the coccyx","","34789001","14041","CPRD_AURUM"
"4545181000006114","Complaining of low back pain","","161894002","0","CPRD_AURUM"
"4576081000006115","On examination - painful splenomegaly","","164167004","0","CPRD_AURUM"
"5887111000006114","Pain in axilla","","300953009","6828","CPRD_AURUM"
"5892821000006113","Finding of affective dimension of pain","","301372005","0","CPRD_AURUM"
"2700291000006114","Osteodynia","","12584003","0","CPRD_AURUM"
"3117601000006119","Pain in vagina","","38343000","1","CPRD_AURUM"
"4568521000006117","On examination - pain sensation reduced","","163730008","1","CPRD_AURUM"
"4576911000006111","On examination - painful ear","","164219003","0","CPRD_AURUM"
"3352711000006114","RP - Rest pain","","52598005","0","CPRD_AURUM"
"4546891000006113","Complaining of perineal pain","","162148004","0","CPRD_AURUM"
"5700371000006119","Pain in toe","","285365001","33149","CPRD_AURUM"
"2753841000006118","Pain in ear","","16001004","64","CPRD_AURUM"
"3133981000006118","PPS - Pelvic pain syndrome","","39402007","0","CPRD_AURUM"
"5243541000006112","Painful response to non-painful stimulus","","247404004","0","CPRD_AURUM"
"5572031000006113","On examination - iliac pain on palpation","","275315004","0","CPRD_AURUM"
"5721861000006119","Pain in right leg","","287048003","94","CPRD_AURUM"
"3828301000006114","Nonspecific pain in the neck region","","81680005","25","CPRD_AURUM"
"3171331000006119","Ocular pain","","41652007","24","CPRD_AURUM"
"4769911000006111","Horton's neuralgia","","193031009","0","CPRD_AURUM"
"3850311000006110","Generalized pain","","82991003","7","CPRD_AURUM"
"5620701000006110","Lumbalgia","","279039007","5","CPRD_AURUM"
"4077871000006112","Esophageal pain","","102619001","0","CPRD_AURUM"
"4546241000006115","LIF - Left iliac fossa pain","","162052001","7","CPRD_AURUM"
"4575951000006117","On examination - lymph nodes tender","","164160002","0","CPRD_AURUM"
"5620541000006119","Pain of ovary","","279028009","2","CPRD_AURUM"
"7749431000006111","PCS (Pain Catastrophizing Scale) score","","716609006","0","CPRD_AURUM"
"2578701000006119","Sinus pain","","4969004","1","CPRD_AURUM"
"3231261000006118","Shoulder region pain","","45326000","1","CPRD_AURUM"
"4546271000006111","Hypogastric pain","","162053006","0","CPRD_AURUM"
"3743821000006116","Nerve pain from shingles","","76462000","1","CPRD_AURUM"
"5497951000006119","Site of gastrointestinal tract pain","","267050002","33","CPRD_AURUM"
"6056051000006116","Pain of Metastatic Malignancy","","315241008","0","CPRD_AURUM"
"7707591000006113","Ischemic foot pain when walking","","713674006","0","CPRD_AURUM"
"3518561000006112","Paroxysmal proctalgia","","62647006","0","CPRD_AURUM"
"2542381000006110","Talalgia","","2733002","0","CPRD_AURUM"
"2825911000006110","Pain of scrotum","","20502007","1","CPRD_AURUM"
"4545201000006110","Complaining of upper back ache","","161896000","1","CPRD_AURUM"
"6567881000006112","Musculoskeletal pain disorder","","396332003","253","CPRD_AURUM"
"12454991000006113","O/E - abd.pain-L.hypochondrium","","163216002","0","CPRD_AURUM"
"4560241000006113","On examination - no rebound tenderness","","163237005","0","CPRD_AURUM"
"2854541000006116","Painful","","22253000","15","CPRD_AURUM"
"4656261000006113","Bypass of esophagus by interposition of microvascularly attached jejunum","","173588008","0","CPRD_AURUM"
"3703971000006115","Sore mouth (ovine)","","74050005","0","CPRD_AURUM"
"4789741000006114","Painful bladder syndrome","","197834003","137","CPRD_AURUM"
"3010291000006119","Fothergill's neuralgia","","31681005","0","CPRD_AURUM"
"4077861000006117","Pain in oesophagus","","102619001","0","CPRD_AURUM"
"7067031000006116","Canker sore","","426965005","0","CPRD_AURUM"
"3621591000006112","Myodynia","","68962001","0","CPRD_AURUM"
"3727481000006113","Breathing painful","","75483001","442","CPRD_AURUM"
"12454891000006117","O/E - abd. pain - L.iliac","","163222006","0","CPRD_AURUM"
"3164321000006110","Oriental sore","","41235001","0","CPRD_AURUM"
"5620791000006115","Pygalgia","","279043006","0","CPRD_AURUM"
"7361371000006114","Time from onset of pain to call for help","","448878007","0","CPRD_AURUM"
"2676941000006113","Gum pain","","11114002","1","CPRD_AURUM"
"5730821000006116","Pain in limb - multiple","","288241003","11","CPRD_AURUM"
"6350531000006116","Acheiria","","371199008","0","CPRD_AURUM"
"12454921000006111","O/E - abd. pain - R.lumbar","","163217006","0","CPRD_AURUM"
"4546871000006112","Complaining of pelvic pain","","162147009","4","CPRD_AURUM"
"4560221000006118","On examination - rebound tenderness","","163236001","0","CPRD_AURUM"
"3584551000006118","Acrodynia caused by mercury","","66695004","0","CPRD_AURUM"
"4943861000006119","Bowel action painful","","225595004","16","CPRD_AURUM"
"4624801000006115","Antenatal care: poor antenatal attender","","169593004","0","CPRD_AURUM"
"3060281000006118","Coccygalgia","","34789001","0","CPRD_AURUM"
"3082791000006114","Nyctalgia","","36163009","0","CPRD_AURUM"
"7276781000006116","VAPS (visual analogue pain scale) score","","443394008","0","CPRD_AURUM"
"2750661000006112","Vesical pain","","15803009","0","CPRD_AURUM"
"12455001000006118","O/E - abd.pain-R.hypochondrium","","163214004","0","CPRD_AURUM"
"12483171000006117","C/O - pain in toes","","310483003","0","CPRD_AURUM"
"2938401000006118","Odontalgia","","27355003","4","CPRD_AURUM"
"4584321000006115","On examination - sign very painful","","164692002","0","CPRD_AURUM"
"6000471000006110","Complaining of pain in toe","","310483003","0","CPRD_AURUM"
"11905621000006112","Pain in esophagus","","102619001","0","CPRD_AURUM"
"2676931000006115","Painful gums","","11114002","2","CPRD_AURUM"
"3098401000006111","Erythermalgia","","37151006","0","CPRD_AURUM"
"3829661000006111","Pain absent","","81765008","0","CPRD_AURUM"
"4568501000006110","On examination - pain sensation normal","","163729003","0","CPRD_AURUM"
"4807831000006117","Painful surgical scar","","201311005","0","CPRD_AURUM"
"4946531000006117","Relieving pain","","225782006","0","CPRD_AURUM"
"5612991000006110","Managing pain","","278414003","1","CPRD_AURUM"
"5573371000006115","Painful bruising syndrome","","275446004","0","CPRD_AURUM"
"6766451000006118","CRPS - Complex regional pain syndrome type II","","408751001","256","CPRD_AURUM"
"7276811000006119","Visual analogue pain scale score","","443394008","0","CPRD_AURUM"
"8269161000006117","EQ-5D-5L (EuroQol five dimension five level) pain discomfort score","","821591000000100","0","CPRD_AURUM"
"6766441000006115","Deafferentation pain","","408751001","0","CPRD_AURUM"
"135489010","Neck pain","","81680005","0","CPRD_AURUM"
"68001000027116","Attached or Allied Staff","","1716801000006102","1","CPRD_AURUM"
"12726941000006119","Backache, unspecified","","643261000000101","0","CPRD_AURUM"
"12724771000006115","Psychalgia NOS","","665951000000101","0","CPRD_AURUM"
"12725731000006119","Neuralgia, neuritis and radiculitis unspecified","","667651000000100","0","CPRD_AURUM"
"891791000006110","Neuralgia/neurit.-pelvis/thigh","N242.93","667651000000100","502","CPRD_AURUM"
"891801000006111","Neuralgia/neuritis - hand","N242.94","667651000000100","338","CPRD_AURUM"
"891821000006118","Neuralgia/neuritis - upper arm","N242.96","667651000000100","746","CPRD_AURUM"
"891841000006113","Neuralgia/neuritis - multiple","N242.98","667651000000100","76","CPRD_AURUM"
"891851000006110","Neuralgia/neuritis NOS","N242.99","667651000000100","3536","CPRD_AURUM"
"890991000006119","Backache NOS","N145.99","643261000000101","31861","CPRD_AURUM"
"891831000006115","Neuralgia/neuritis - shoulder","N242.97","667651000000100","465","CPRD_AURUM"
"1573941000006111","Thoracic back pain","","279038004","33508","CPRD_AURUM"
"253182015","Earache symptom NOS","1C3Z.00","162356005","62032","CPRD_AURUM"
"253390012","Pain character NOS","1DCZ.00","162502002","8814","CPRD_AURUM"
"255020010","O/E - pain sensation NOS","29EZ.00","163728006","1041","CPRD_AURUM"
"256215012","O/E - sign painful NOS","2IAZ.00","164688009","157","CPRD_AURUM"
"1990641000006110","Keele STarT MSK score-thinks pain condition wil last a long time","","1990641000006106","1295","CPRD_AURUM"
"1916391000006113","STarT back score - walked short distances due to pain last 2 wks","","1916391000006109","16914","CPRD_AURUM"
"1938871000006113","Pain due to indwelling urinary catheter","","1938871000006109","120","CPRD_AURUM"
"1959741000006117","AVPU (alert voice pain unresponsive) scale score","","1959741000006101","2185","CPRD_AURUM"
"1826221000006116","Step test - pain increased","","1826221000006100","10","CPRD_AURUM"
"1853721000006115","Keele Hi study - pain stops work quite a bit","","1853721000006104","1","CPRD_AURUM"
"1873411000006119","Care contact service: pain clinic","","1873411000006103","142","CPRD_AURUM"
"1877181000006112","Orebro musculoskeletal pain questionnaire (OMPQ) score","","1877181000006108","0","CPRD_AURUM"
"1773511000006115","Pain - none [MOSAIC trial]","","1773511000006104","129","CPRD_AURUM"
"1805111000006115","Tenderness of pigmented skin lesion","","1805111000006104","19","CPRD_AURUM"
"1140031000033117","Voltarol Pain-Eze Emulgel","","1140031000033101","0","CPRD_AURUM"
"1078031000033114","Betachek G5","","1078031000033105","0","CPRD_AURUM"
"981481000006112","Pain during or after sexual intercourse","","981481000006108","2603","CPRD_AURUM"
"990201000006110","Pain in left arm","N245399","102556003","42","CPRD_AURUM"
"904701000006114","Pain management referral","","904701000006105","59942","CPRD_AURUM"
"960181000006111","Anginal pain","","960181000006107","892","CPRD_AURUM"
"961651000006117","Expresses discomfort/pain","","961651000006101","80","CPRD_AURUM"
"961861000006119","Cramping/pain of extremities","","961861000006103","356","CPRD_AURUM"
"822631000033118","Clearsore Aciclovir","","822631000033102","0","CPRD_AURUM"
"853731000006117","Painful right knee","","853731000006101","208058","CPRD_AURUM"
"853861000006116","Painful left arm","","853861000006100","25917","CPRD_AURUM"
"1235908016","Pain at injection site","SP3y600","95388000","1533","CPRD_AURUM"
"1484943013","Pain to thrombolysis time","8B3g.00","448906006","31","CPRD_AURUM"
"411864012","O/E - pain","2I18.11","275896009","8802","CPRD_AURUM"
"416139010","Low back pain","N142.11","279039007","10306111","CPRD_AURUM"
"416193013","Sore skin","Mz...11","279074008","48894","CPRD_AURUM"
"416225018","Splitting pain","1DCD.00","279097006","7","CPRD_AURUM"
"437698016","Rib pain","182B.00","297217002","558854","CPRD_AURUM"
"442659018","Tiring with pain","1M63.00","301373000","11","CPRD_AURUM"
"442662015","Sickening with pain","1M62.00","301375007","5","CPRD_AURUM"
"355874019","Cyclical mastalgia","K317600","237453001","30394","CPRD_AURUM"
"313323016","Lutembacher's syndrome","P553.00","204319006","14","CPRD_AURUM"
"252819013","Genitourinary pain","1A5..00","162138001","6435","CPRD_AURUM"
"253387018","Pricking pain","1DC7.00","162506004","465","CPRD_AURUM"
"254514014","O/E - renal angle tenderness","2624.00","163358002","13829","CPRD_AURUM"
"255016011","O/E - pain sensation","29E..00","163728006","8213","CPRD_AURUM"
"255018012","O/E - pain sensation reduced","29E2.00","163730008","7875","CPRD_AURUM"
"255553010","O/E - painful splenomegaly","2C55.00","164167004","82","CPRD_AURUM"
"255663014","O/E - frontal sinus tenderness","2DA3.00","164247004","41948","CPRD_AURUM"
"256213017","O/E - sign moderately painful","2IA3.00","164691009","101","CPRD_AURUM"
"11878012","Urethral pain","1A5D.00","6561007","12415","CPRD_AURUM"
"18423015","Leg pain","N245.16","10601006","1743992","CPRD_AURUM"
"123426014","Elbow pain","1M00.11","74323005","170341","CPRD_AURUM"
"136713011","Chronic pain","1M52.00","82423001","93408","CPRD_AURUM"
"150521017","Pain in limb","N245.00","90834002","517109","CPRD_AURUM"
"216625013","Exacerbation of backache","16C8.00","135860001","6154","CPRD_AURUM"
"311380012","Metatarsalgia NOS","N217200","10085004","213221","CPRD_AURUM"
"317097019","[D]Acute pain","R00zB00","274663001","3790","CPRD_AURUM"
"317145011","[D]Musculoskeletal pain","R01z200","279069000","864982","CPRD_AURUM"
"317579019","[D]Pelvic and perineal pain","R090G00","274671002","15968","CPRD_AURUM"
"318021013","[X]Painful micturition, unspecified","Ryu4200","49650001","9162","CPRD_AURUM"
"455442017","[D]Right lower quadrant pain","R090M00","301754002","3583","CPRD_AURUM"
"64211000006112","Vulval sores","K421111","68640004","20814","CPRD_AURUM"
"212551000006110","Postzoster neuralgia","A531500","2177002","17152","CPRD_AURUM"
"215271000000119","Cervicalgia - pain in neck","N131.00","81680005","4576266","CPRD_AURUM"
"221721000000116","Thumb pain","N245011","300955002","396813","CPRD_AURUM"
"491141000006110","Arruga string operation for detached retina","7251311","310441008","96","CPRD_AURUM"
"525581000006112","Breast soreness","K317011","53430007","71994","CPRD_AURUM"
"764321000006112","Foot pain","N245.13","47933007","1995031","CPRD_AURUM"
"764331000006110","Foot pain","N245100","47933007","404427","CPRD_AURUM"
"1173331000000118","On examination allodynia","29E4.00","698941003","552","CPRD_AURUM"
"1682441000006112","Cervicalgia","N138.00","81680005","22381","CPRD_AURUM"
"416176013","Shortlast unilat neuralgifrm pain+conjunc inject+tearng synd","F262C00","725058003","345","CPRD_AURUM"
"11933931000006114","IPOS staff score: degree pt affected by sore/dry mouth past 3 days","","11933931000006105","135","CPRD_AURUM"
"11932781000006115","IPOS staff score : degree pt affected by pain over past week","","11932781000006104","0","CPRD_AURUM"
"11932391000006116","Keele PANDA-S study - GP prognosis: shoulder pain in 6 mths - no","","11932391000006100","175","CPRD_AURUM"
"891891000006116","Pain in left leg","N245.96","287047008","58981","CPRD_AURUM"
"2440211000000112","PSEQ - Pain Self-Efficacy Questionnaire","38VH.00","446663007","1118","CPRD_AURUM"
"409593014","VAPS - Visual analogue pain scale","3880011","443394008","3926","CPRD_AURUM"
"454068014","C/O - pain in toes","1D13000","310483003","27146","CPRD_AURUM"
"2767351000006114","Painful urging to urinate","","16844001","350","CPRD_AURUM"
"5620431000006113","Pain in male genitalia","","279020002","324","CPRD_AURUM"
"3882591000006117","Meralgia paresthetica","","85007004","8","CPRD_AURUM"
"7050111000006116","Pain characterized by relieving factor","","425831002","0","CPRD_AURUM"
"4577421000006112","On examination - maxillary sinus tenderness","","164246008","0","CPRD_AURUM"
"3660181000006119","Pain on coitus","","71315007","0","CPRD_AURUM"
"5721831000006111","Pain in left lower limb","","287047008","750","CPRD_AURUM"
"4055941000006118","Injection site pain","","95388000","122","CPRD_AURUM"
"7327831000006116","Pain self efficacy questionnaire score","","446663007","0","CPRD_AURUM"
"7495301000006112","Lives in semidetached house","","609243000","0","CPRD_AURUM"
"4576981000006116","On examination - pain over mastoid","","164222001","0","CPRD_AURUM"
"4560741000006117","On examination - liver tender","","163267004","0","CPRD_AURUM"
"2651371000006112","Glossodynia exfoliativa","","9491003","0","CPRD_AURUM"
"5620681000006112","LBP - Low back pain","","279039007","276","CPRD_AURUM"
"3303621000006113","Pain passing urine","","49650001","291","CPRD_AURUM"
"5700481000006113","Penile pain","","285375003","9","CPRD_AURUM"
"4580301000006117","On examination - tenderness of skin","","164426001","0","CPRD_AURUM"
"5578241000006111","On examination - tenderness","","275895008","0","CPRD_AURUM"
"2660751000006118","Pain in ball of foot","","10085004","1","CPRD_AURUM"
"3060261000006111","Coccyalgia","","34789001","0","CPRD_AURUM"
"3366611000006110","Mastalgia","","53430007","757","CPRD_AURUM"
"3621601000006116","Myosalgia","","68962001","0","CPRD_AURUM"
"4943841000006118","Defecation painful","","225595004","0","CPRD_AURUM"
"4405431000006118","Complex regional pain syndrome (CRPS)","","128200000","0","CPRD_AURUM"
"4538781000006117","Irregular school attender","","161133008","0","CPRD_AURUM"
"5887131000006115","Pain in calf","","300954003","23140","CPRD_AURUM"
"5533131000006117","Complaining of loin pain","","272047006","0","CPRD_AURUM"
"4545111000006119","Back ache","","161891005","17","CPRD_AURUM"
"4769881000006111","Histamine cephalgia","","193031009","0","CPRD_AURUM"
"4765019","Postherpetic neuralgia","A531511","2177002","46904","CPRD_AURUM"
"4548341000006111","Pain in the pharynx","","162397003","3","CPRD_AURUM"
"2900341000006116","Cephalodynia","","25064002","0","CPRD_AURUM"
"3539131000006111","Orchidodynia","","63901009","0","CPRD_AURUM"
"4584241000006115","On examination - sign painful","","164688009","0","CPRD_AURUM"
"2676921000006118","Gingival pain","","11114002","0","CPRD_AURUM"
"2799671000006118","Pain in finger","","18876004","1434","CPRD_AURUM"
"135491019","Cervicalgia","N131.99","81680005","23172","CPRD_AURUM"
"311705018","Neuralgia, neuritis and radiculitis unspecified","N242.00","16269008","29482","CPRD_AURUM"
"311706017","Neuralgia unspecified","N242000","16269008","250730","CPRD_AURUM"
"312630014","[X]Other dorsalgia","Nyu7A00","410730009","981","CPRD_AURUM"
"317265011","[D]Facial pain","R040000","95668009","321797","CPRD_AURUM"
"317499011","[D] Defaecation painful","R079.00","225595004","1823","CPRD_AURUM"
"317512015","[D]Painful urination","R081000","49650001","24971","CPRD_AURUM"
"317571016","[D]Suprapubic pain","R090800","162053006","23581","CPRD_AURUM"
"252846015","Genitourinary pain NOS","1A5Z.00","162138001","2171","CPRD_AURUM"
"41385012","Myofascial pain syndrome","N239.11","24693007","13813","CPRD_AURUM"
"1922101000006112","Tender pain","1DCJ.00","247348008","787","CPRD_AURUM"
"50596017","Painful swallowing","1944.00","30233002","35596","CPRD_AURUM"
"1978741000006114","Neuropathic pain resolved","","1978741000006105","0","CPRD_AURUM"
"1980891000006118","Keele TAPS trial - pain site - neck","","1980891000006102","279","CPRD_AURUM"
"1980901000006119","Keele TAPS trial - pain site - back","","1980901000006103","938","CPRD_AURUM"
"2138831000033112","Shs Flavour Sachets","","2138831000033108","0","CPRD_AURUM"
"1805331000006111","Tenderness in vaginal fornix","","278069006","3","CPRD_AURUM"
"1807381000006119","Non-tender testes","","300490003","198","CPRD_AURUM"
"1727431000006119","C/O allodynia","","1727431000006103","238","CPRD_AURUM"
"1748781000006112","Uterus non-tender","","1748781000006108","2","CPRD_AURUM"
"1764481000006119","Fluoride bead attached to tooth","","1764481000006103","1","CPRD_AURUM"
"1773431000006110","MOSAIC trial - pain grading","","1773431000006106","3","CPRD_AURUM"
"1773531000006114","Pain - moderate [MOSAIC trial]","","1773531000006105","1698","CPRD_AURUM"
"1572921000006110","Bone tenderness at navicular bone of foot","","1572921000006106","447","CPRD_AURUM"
"873851000006115","Hand tendon re-attached","7H43.99","178165003","19","CPRD_AURUM"
"853721000006115","Left loin pain","","853721000006104","46816","CPRD_AURUM"
"853951000006110","Painful elbow","","853951000006106","120455","CPRD_AURUM"
"633981000006112","Earache symptoms","1C3..00","162356005","1482519","CPRD_AURUM"
"374331000033115","Propain","","374331000033104","0","CPRD_AURUM"
"2676102012","Pain characterised by relieving factor","","425831002","1","CPRD_AURUM"
"459740018","Intractable breast pain","26BD.00","315248002","6665","CPRD_AURUM"
"494319014","Retrosternal pain","1829.00","4568003","78256","CPRD_AURUM"
"499702013","Pain in testis","K28z.11","63901009","35489","CPRD_AURUM"
"369360011","Subcostal pain","197..14","247352008","4932","CPRD_AURUM"
"400284019","Pain in lumbar spine","N142.00","267982002","798008","CPRD_AURUM"
"402478014","O/E - abdomen tender","25C..15","268941000","60443","CPRD_AURUM"
"402554018","O/E - tenderness/pain","2I18.00","268994009","107779","CPRD_AURUM"
"415893017","Acute back pain - lumbar","N142.13","278862001","269935","CPRD_AURUM"
"429579011","Uterus non-tender","26L9.00","289668002","674","CPRD_AURUM"
"442665018","Punishing with pain","1M60.00","301377004","1","CPRD_AURUM"
"290209012","Benign neoplasm of mesorectum","B718400","188862009","3","CPRD_AURUM"
"297461012","Phantom limb syndrome without pain","F336100","193116003","44","CPRD_AURUM"
"304348015","Painful haematuria","K197100","197939009","13223","CPRD_AURUM"
"253384013","Cutting pain","1DC4.00","162503007","286","CPRD_AURUM"
"254377012","O/E - no rebound tenderness","25E1.00","163237005","75113","CPRD_AURUM"
"254411015","O/E - liver tender","25H9.00","163267004","191","CPRD_AURUM"
"254583014","O/E - VE - uterine tenderness","268B.00","163410005","2034","CPRD_AURUM"
"255017019","O/E - pain sensation normal","29E1.00","163729003","40340","CPRD_AURUM"
"255624019","O/E - painful ear","2D7..00","164219003","151364","CPRD_AURUM"
"263134012","A/N care: poor A/N attender","6252.00","169593004","115","CPRD_AURUM"
"37361011","Pain","1M...00","22253000","344167","CPRD_AURUM"
"64183016","Vaginal pain","1A58000","38343000","63201","CPRD_AURUM"
"72981015","Glossopharyngeal neuralgia","F321.00","43763009","2572","CPRD_AURUM"
"107800019","Pelizaeus-Merzbacher disease","F100200","64855000","352","CPRD_AURUM"
"252312010","Backache with radiation","16C3.00","161892003","90943","CPRD_AURUM"
"252314011","C/O - low back pain","16C5.00","161894002","2470631","CPRD_AURUM"
"252447015","Parasternal pain","1826.00","161974007","4504","CPRD_AURUM"
"252572018","Shoulder pain from abdomen","1964.00","162039006","560","CPRD_AURUM"
"317086019","[D]Pain, generalized","R00z200","82991003","249959","CPRD_AURUM"
"882631000006114","Other psychalgia","E278z99","665951000000101","62","CPRD_AURUM"
"891771000006114","Neuralgia/neuritis -ankle/foot","N242.91","667651000000100","229","CPRD_AURUM"
"891811000006114","Neuralgia/neuritis - fore arm","N242.95","667651000000100","573","CPRD_AURUM"
"140741000006112","Shoulder pain","N245.17","45326000","5035134","CPRD_AURUM"
"211241000006115","Postherpetic trigeminal neuralgia","A531200","17974002","3868","CPRD_AURUM"
"217001000006117","Post-herpetic neuralgia","A531.11","2177002","123389","CPRD_AURUM"
"400286017","Backache, unspecified","N145.00","161891005","1464232","CPRD_AURUM"
"401886016","[X]Persistent somatoform pain disorder","Eu45400","30077003","1293","CPRD_AURUM"
"416142016","Lumbalgia","N142.12","279039007","5987","CPRD_AURUM"
"443831012","[D]Jaw pain","R040z11","274667000","231919","CPRD_AURUM"
"717041000006110","Mastodynia - pain in breast","K317000","53430007","1116065","CPRD_AURUM"
"1922231000006110","Affective dimension of pain","1M6..00","301372005","2","CPRD_AURUM"
"1705881000006115","Myofascial pain syndrome","N248000","24693007","6083","CPRD_AURUM"
"11932831000006112","IPOS patient score : degree pt affected by pain over past 3 days","","11932831000006108","139","CPRD_AURUM"
"11932471000006113","Keele PANDA-S study - GP prognosis: shoulder pain in 6 mths - don't know","","11932471000006109","277","CPRD_AURUM"
"254352011","O/E - abd.pain-R.hypochondrium","25C2.00","163214004","16464","CPRD_AURUM"
"254354012","O/E - abd.pain-L.hypochondrium","25C4.00","163216002","3990","CPRD_AURUM"
"4720201000006116","Tender loving care","","183094000","0","CPRD_AURUM"
"5892811000006117","Nagging pain","","301371003","8","CPRD_AURUM"
"3850321000006119","Generalised pain","","82991003","65","CPRD_AURUM"
"2867621000006112","Sciatic neuralgia","","23056005","1","CPRD_AURUM"
"2867611000006116","Neuralgia-neuritis of sciatic nerve","","23056005","0","CPRD_AURUM"
"6618441000006114","Orodynia","","399165002","2","CPRD_AURUM"
"5498621000006119","Complaining of a pain","","267104002","1","CPRD_AURUM"
"3366601000006112","Painful breasts","","53430007","4","CPRD_AURUM"
"5565171000006113","Pain of jaw","","274667000","2","CPRD_AURUM"
"12454171000006114","O/E - no abd.pain on palpation","","163213005","0","CPRD_AURUM"
"3512092015","Complex regional pain syndrome type I","","734947007","1","CPRD_AURUM"
"3584571000006111","Acrodynia due to mercury poisoning","","66695004","0","CPRD_AURUM"
"4076891000006111","Pain of upper limb","","102556003","18","CPRD_AURUM"
"4546201000006117","RIF - Right iliac fossa pain","","162051008","25","CPRD_AURUM"
"12454881000006115","O/E - abd. pain - hypogastrium","","163221004","0","CPRD_AURUM"
"3828321000006116","Neck ache","","81680005","18","CPRD_AURUM"
"4546801000006118","Pain of urogenital structure","","162138001","0","CPRD_AURUM"
"4803021000006115","Breastfeeding painful","","200430001","630","CPRD_AURUM"
"2534651000006118","Pleural pain","","2237002","0","CPRD_AURUM"
"4656161000006118","Partial esophagectomy and interposition of microvascularly attached colon","","173576006","0","CPRD_AURUM"
"3660161000006112","Coitalgia","","71315007","0","CPRD_AURUM"
"2984201000006119","Interdigital neuralgia","","30085007","3","CPRD_AURUM"
"3539121000006113","Orchidalgia","","63901009","0","CPRD_AURUM"
"3366631000006116","Pain in the breast","","53430007","132","CPRD_AURUM"
"4405451000006113","CRPS - complex regional pain syndrome","","128200000","0","CPRD_AURUM"
"5577831000006116","On examination - painful arc","","275875002","0","CPRD_AURUM"
"3010301000006118","TN - Trigeminal neuralgia","","31681005","1","CPRD_AURUM"
"5620721000006117","Lumbar pain","","279039007","28","CPRD_AURUM"
"2604751000006110","Urethralgia","","6561007","1","CPRD_AURUM"
"4405421000006116","Complex regional pain syndromes","","128200000","0","CPRD_AURUM"
"5892921000006116","Cruel with pain","","301377004","0","CPRD_AURUM"
"7276801000006117","VAPS (visual analog pain scale) score","","443394008","0","CPRD_AURUM"
"5126811000006119","Achenbach's syndrome","","238824006","0","CPRD_AURUM"
"3512278017","Complex regional pain syndrome of hand","","734989004","4","CPRD_AURUM"
"4824591000006116","Lutembacher syndrome","","204319006","0","CPRD_AURUM"
"317573018","[D]Pain in left iliac fossa","R090A00","162052001","29501","CPRD_AURUM"
"2377911000000114","Ischaemic foot pain when walking","1M11100","713674006","96","CPRD_AURUM"
"1959721000006112","Assessment using AVPU (alert voice pain unresponsive) scale","","1959721000006108","28","CPRD_AURUM"
"1978751000006111","Persistent neuropathic pain","","1978751000006107","1","CPRD_AURUM"
"1980881000006116","Keele TAPS trial - pain site - knee","","1980881000006100","665","CPRD_AURUM"
"1983841000006119","Keele CAM-Pain study - patient suitable","","1983841000006103","14","CPRD_AURUM"
"1990581000006115","Keele STarT MSK score-trblsme pain more than 1 pt bdy last 2 wks","","1990581000006104","1293","CPRD_AURUM"
"1990601000006113","Keele STarT MSK score-dressed more slowly due to pain last 2 wks","","1990601000006109","410","CPRD_AURUM"
"1943531000033117","Desorex","","1943531000033101","0","CPRD_AURUM"
"4077121000006117","Inguinal pain","","102570003","38211","CPRD_AURUM"
"4943831000006111","Painful defecation","","225595004","1","CPRD_AURUM"
"4584301000006113","On examination - sign moderately painful","","164691009","0","CPRD_AURUM"
"1803161000006116","POST trial pain score","","1803161000006100","649","CPRD_AURUM"
"1826161000006115","Step test pain","","1826161000006104","1","CPRD_AURUM"
"1727421000006117","O/E allodynia","","1727421000006101","150","CPRD_AURUM"
"1749691000006110","Visual analogue pain scale","","1749691000006106","2","CPRD_AURUM"
"1757331000000118","Trigeminal autonomic cephalalgia","F262E00","449814007","1696","CPRD_AURUM"
"1152331000033118","Voltarol Pain-Eze","","1152331000033102","0","CPRD_AURUM"
"1233331000033112","Nurofen Maximum Strength Migraine Pain","","1233331000033108","0","CPRD_AURUM"
"1294131000033116","Cozachew Fizz Combi","","1294131000033100","0","CPRD_AURUM"
"1573621000006114","Non-mechanical back pain","","1573621000006105","156","CPRD_AURUM"
"6451651000006114","Myofascial pain - dysfunction syndrome of TMJ","","386207004","4","CPRD_AURUM"
"939761000006119","Musculoskeletal pain mild","","939761000006103","14988","CPRD_AURUM"
"939781000006112","Musculoskeletal pain severe","","939781000006108","941","CPRD_AURUM"
"890661000006115","Painful Shoulder","N094199","267949000","43384","CPRD_AURUM"
"916821000033116","*Lachesis Muta","","916821000033100","0","CPRD_AURUM"
"919251000006115","Poor attender","","919251000006104","10","CPRD_AURUM"
"919601000006116","A/N care: poor A/N attender","","919601000006100","1","CPRD_AURUM"
"823841000006116","Hip girdle aches","","823841000006100","809","CPRD_AURUM"
"345241000000114","Pain in coccyx","N147211","34789001","67862","CPRD_AURUM"
"2534219010","Painful rectal bleeding","196B.00","414991007","62565","CPRD_AURUM"
"2536776010","Causalgia","F344.00","408751001","1440","CPRD_AURUM"
"2579112017","C/O - lumbar pain","1A53.12","161894002","45350","CPRD_AURUM"
"33111000033111","Drugs Used In Trigeminal Neuralgia","","33111000033107","0","CPRD_AURUM"
"12222201000006118","Nipple pain","","247350000","2","CPRD_AURUM"
"3512272016","Complex regional pain syndrome of foot","","734987002","1","CPRD_AURUM"
"4584281000006114","On examination - sign slightly painful","","164690005","0","CPRD_AURUM"
"5721851000006116","Pain in right lower limb","","287048003","753","CPRD_AURUM"
"494960013","Foot pain","1M11.00","47933007","567413","CPRD_AURUM"
"497156015","Breast tenderness","26BH.00","55222007","118568","CPRD_AURUM"
"358982017","Sore gums","1923.00","11114002","54581","CPRD_AURUM"
"359208019","Anterior knee pain","1M12.00","239733006","92784","CPRD_AURUM"
"407091012","C/O - loin pain","1A53.11","272047006","432222","CPRD_AURUM"
"407093010","C/O - renal pain","1A53.13","272049009","29915","CPRD_AURUM"
"411287012","Vulva sore","M181.12","275321000","97387","CPRD_AURUM"
"415888015","Chronic low back pain","16C9.00","278860009","537650","CPRD_AURUM"
"437582017","Adnexal tenderness","1AJ..00","297123002","649","CPRD_AURUM"
"437583010","Adnexal tenderness absent","1AJ0.00","297124008","192","CPRD_AURUM"
"438609019","Wound pain","","298012000","11353","CPRD_AURUM"
"449236019","Referral to pain management specialist","","306265007","707","CPRD_AURUM"
"454128013","O/E - PR - prostate tender","25Q8.00","310534004","1191","CPRD_AURUM"
"459031013","Intermittent pain","1M51.00","314642004","24892","CPRD_AURUM"
"459715013","Pain in lymph nodes after alcohol consumption","1D19.00","315226008","65","CPRD_AURUM"
"309256017","Painful operation scar","M2y1500","201311005","2473","CPRD_AURUM"
"312237015","Bony pelvic pain","N33A000","203508001","6440","CPRD_AURUM"
"252524019","Sore mouth - symptom","1922.11","162011005","67720","CPRD_AURUM"
"252525018","Sore mouth","1922.00","162011005","291424","CPRD_AURUM"
"252585015","Left subcostal pain","1973.00","162047006","12858","CPRD_AURUM"
"252589014","Right iliac fossa pain","1977.00","162051008","365862","CPRD_AURUM"
"255887014","O/E - tenderness of skin","2FN..00","164426001","2610","CPRD_AURUM"
"256210019","O/E - painful sign","2IA..11","164688009","115","CPRD_AURUM"
"50336019","Morton's neuralgia","F356100","30085007","14044","CPRD_AURUM"
"60534015","Cheilodynia","J085500","36269003","123","CPRD_AURUM"
"75568012","Shoulder pain","N245700","45326000","1318713","CPRD_AURUM"
"81982015","Hip pain","N094K12","49218002","3040891","CPRD_AURUM"
"87530017","Rest pain","1DCA.00","52598005","6619","CPRD_AURUM"
"318001012","[X]Pain localized to other parts of lower abdomen","Ryu1000","54586004","2386","CPRD_AURUM"
"198261000006110","Pseudocoxalgia","N321113","111255008","33","CPRD_AURUM"
"217741000000112","Pain in sinuses","1BA5.11","4969004","223191","CPRD_AURUM"
"248671000006114","Pain in testis","K28y800","63901009","65890","CPRD_AURUM"
"284871000006112","O/E - in pain","2252.00","275896009","24497","CPRD_AURUM"
"5620781000006118","Buttock pain","","279043006","18","CPRD_AURUM"
"7692081000006111","Complex regional pain syndrome of upper limb","","712537009","3","CPRD_AURUM"
"455791000006110","Acute back pain - thoracic","N141.11","279035001","355281","CPRD_AURUM"
"455801000006111","Acute back pain - unspecified","N145.11","161891005","133801","CPRD_AURUM"
"11932901000006110","IPOS patient score : degree pt affected by sore/dry mouth past 3 days","","11932901000006106","2","CPRD_AURUM"
"11933141000006118","IPOS staff score: degree pt affected by pain over past 3 days","","11933141000006102","0","CPRD_AURUM"
"495737017","Complex regional pain syndrome type I","N33C.00","128200000","11822","CPRD_AURUM"
"3133971000006116","Pelvic pain syndrome","","39402007","197","CPRD_AURUM"
"3092011000006115","Prostate pain","","36729000","0","CPRD_AURUM"
"3659851000006116","Atypical facial pain","","71303008","1522","CPRD_AURUM"
"2938391000006115","Dentalgia","","27355003","1","CPRD_AURUM"
"4077901000006112","Esophagodynia","","102619001","0","CPRD_AURUM"
"2533651000006115","PHN - Post-herpetic neuralgia","","2177002","206","CPRD_AURUM"
"7703651000006112","Ischemic foot pain at rest","","713412006","0","CPRD_AURUM"
"6001161000006116","On examination - per rectum - prostate tender","","310534004","0","CPRD_AURUM"
"2753831000006111","Earache","","16001004","926","CPRD_AURUM"
"4540181000006116","History of trigeminal neuralgia","","161482000","0","CPRD_AURUM"
"2607731000006110","Painful bladder spasm","","6744007","621","CPRD_AURUM"
"7749421000006113","Pain Catastrophizing Scale score","","716609006","0","CPRD_AURUM"
"317430013","[D]Pleurodynia","R065500","2237002","1861","CPRD_AURUM"
"891781000006112","Neuralgia/neuritis - lower leg","N242.92","667651000000100","729","CPRD_AURUM"
"4790301000006117","Painful hematuria","","197939009","0","CPRD_AURUM"
"2986831000006116","Pain on swallowing","","30233002","2","CPRD_AURUM"
"2532981000006112","Diffuse pain","","2134003","2","CPRD_AURUM"
"5243611000006114","High tolerance of pain","","247407006","17","CPRD_AURUM"
"5527661000006111","Stomach ache","","271681002","276","CPRD_AURUM"
"5898551000006115","Pain in femur","","301773003","1","CPRD_AURUM"
"4078031000006119","Pancreatic pain","","102631004","3","CPRD_AURUM"
"5885401000006110","Non-tender","","300821004","2","CPRD_AURUM"
"4940691000006116","Pain assessment","","225399009","252","CPRD_AURUM"
"4982421000006113","Back pain prevention education","","228636005","23","CPRD_AURUM"
"5009871000006116","Intercostal post-herpetic neuralgia","","230597003","7","CPRD_AURUM"
"5243771000006110","Deep pain on intercourse","","247419003","323","CPRD_AURUM"
"8295511000006111","Assessment using AVPU (alert voice pain unresponsive) scale","","859151000000104","33","CPRD_AURUM"
"5009211000006114","Idiopathic trigeminal neuralgia","","230537000","3","CPRD_AURUM"
"5983511000006119","Pain and sensation symptom findings","","308927000","74","CPRD_AURUM"
"5874921000006117","Pinna tender","","300103004","3","CPRD_AURUM"
"5892961000006110","No present pain","","301379001","714","CPRD_AURUM"
"7050521000006116","Pain radiating to lower abdomen","","425860006","3","CPRD_AURUM"
"7481301000006113","Cervical discogenic pain","","473007007","1","CPRD_AURUM"
"9479721000006115","Bilateral lower leg pain","","12247531000119106","30","CPRD_AURUM"
"3960941000006111","Xiphoidalgia syndrome","","89874002","1","CPRD_AURUM"
"5243271000006119","Beginning of painful arc","","247376000","3","CPRD_AURUM"
"5892731000006115","Pain of truncal structure","","301366005","6","CPRD_AURUM"
"2605671000006111","Referred pain","","6617009","30","CPRD_AURUM"
"3291701000006118","Pain in spine","","48926009","29","CPRD_AURUM"
"4943431000006114","Nipple tenderness","","225574009","6","CPRD_AURUM"
"5597021000006119","Thalamic pain","","277285005","1","CPRD_AURUM"
"5730791000006113","Neuralgia/neuritis - pelvis/thigh","","288238007","1","CPRD_AURUM"
"5620841000006117","Persistent pain following procedure","","279047007","3","CPRD_AURUM"
"5620211000006115","Pain finding at anatomical site","","279001004","196","CPRD_AURUM"
"7273991000006113","Brief pain inventory score","","443223005","7","CPRD_AURUM"
"7578881000006115","Pelvic girdle pain","","703619001","47","CPRD_AURUM"
"2990781000006111","Pain in pelvis","","30473006","438","CPRD_AURUM"
"4948281000006118","Able to cope with pain","","225911002","2","CPRD_AURUM"
"4946551000006112","Minimising pain","","225783001","9","CPRD_AURUM"
"5730811000006112","Neuralgia/neuritis - ankle/foot","","288240002","2","CPRD_AURUM"
"5892991000006119","Horrible present pain","","301383001","2","CPRD_AURUM"
"5892931000006118","Finding of present pain intensity","","301378009","96","CPRD_AURUM"
"5893381000006113","Rebound tenderness of left iliac fossa","","301420004","1","CPRD_AURUM"
"6383361000006117","Chronic pain syndrome","","373621006","18","CPRD_AURUM"
"5943341000006116","Seen by pain management specialist","","305652004","144","CPRD_AURUM"
"4204111000006117","Localised pain","","112104007","1","CPRD_AURUM"
"5621561000006114","Pain rehabilitation","","279102009","3","CPRD_AURUM"
"2640391000006119","Posterior heel pain","","8799007","2","CPRD_AURUM"
"5243511000006113","Low tolerance of pain","","247402000","2","CPRD_AURUM"
"5561531000006116","Ureteric pain","","274280006","1","CPRD_AURUM"
"3283511000006112","Somatic pain","","48429009","3","CPRD_AURUM"
"5561491000006116","C/O left iliac fossa pain","","274278000","31","CPRD_AURUM"
"7074451000006118","Pain radiating to lumbar region of back","","427475007","2","CPRD_AURUM"
"4930701000006117","Semi-detached house","","224644000","35","CPRD_AURUM"
"5620171000006117","Tender scar","","278998008","6","CPRD_AURUM"
"5585221000006117","Pain / sensation finding","","276435006","102","CPRD_AURUM"
"5866091000006117","Infrapatellar tenderness","","299375006","4","CPRD_AURUM"
"5893361000006115","Rebound tenderness of right iliac fossa","","301419005","2","CPRD_AURUM"
"5902501000006113","Tenderness of thyroid","","302073009","1","CPRD_AURUM"
"6929631000006119","C/O - backache","","418958006","3","CPRD_AURUM"
"4943301000006110","Pain of nose","","225564006","25","CPRD_AURUM"
"5967521000006116","Referral to acute pain service","","307373005","12","CPRD_AURUM"
"7682501000006114","Phantom pain following amputation of lower limb","","711057003","1","CPRD_AURUM"
"4078001000006110","Gallbladder pain","","102628000","9","CPRD_AURUM"
"6049451000006117","Acute pelvic pain","","314716005","84","CPRD_AURUM"
"5892681000006113","Pain of oral cavity structure","","301361000","7","CPRD_AURUM"
"9872891000006113","Chronic pain of right foot","","16002871000119105","1","CPRD_AURUM"
"3959371000006117","Tenderness absent","","89777000","25","CPRD_AURUM"
"4968821000006114","Tinned peaches","","227481001","5","CPRD_AURUM"
"5730771000006112","Neuralgia/neuritis - forearm","","288236006","1","CPRD_AURUM"
"4077801000006118","Oral pain","","102616008","6","CPRD_AURUM"
"3515752018","Chronic neuropathic pain","","735936005","5","CPRD_AURUM"
"3528022018","Pain in bilateral upper arms","","15749341000119107","1","CPRD_AURUM"
"5243331000006113","Lateral femoral cutaneous neuralgia","","247385000","4","CPRD_AURUM"
"5987651000006111","Pain management specialist","","309337009","16","CPRD_AURUM"
"5752191000006112","Pain of cervix","","289817003","1","CPRD_AURUM"
"5893251000006111","Tenderness of right iliac fossa","","301410009","29","CPRD_AURUM"
"7097691000006112","Pain onset during exertion","","429056000","1","CPRD_AURUM"
"7967631000006118","Chronic neck pain","","1121000119107","11","CPRD_AURUM"
"4077791000006119","Painful mouth","","102616008","74","CPRD_AURUM"
"5755541000006117","Generalised tenderness of breast","","290079000","14","CPRD_AURUM"
"5620181000006119","Skin tenderness","","278999000","1","CPRD_AURUM"
"4084321000006117","Lumbosacral nerve root pain","","103016004","5","CPRD_AURUM"
"5620121000006118","Facial tenderness","","278995006","6","CPRD_AURUM"
"5857211000006113","Lumbar spine painful on movement","","298674008","3","CPRD_AURUM"
"5893241000006114","Tenderness of hypogastrium","","301409004","9","CPRD_AURUM"
"7717401000006116","Pain Self-efficacy Questionnaire","","714287004","2","CPRD_AURUM"
"2759941000006113","Difficulty coping with pain","","16399001","4","CPRD_AURUM"
"8259711000006110","Referral to pain management clinic","","809591000000106","35","CPRD_AURUM"
"5721821000006113","Pain in right arm","","287046004","466","CPRD_AURUM"
"5855801000006115","Thoracic spine - tender","","298578004","29","CPRD_AURUM"
"5892781000006119","Finding of sensory dimension of pain","","301370002","1","CPRD_AURUM"
"3828851000006115","Pain in female genitalia on intercourse","","81712001","278","CPRD_AURUM"
"4204121000006113","Localized pain","","112104007","1","CPRD_AURUM"
"5243791000006111","Sexual function painful","","247420009","6","CPRD_AURUM"
"5561521000006119","Kidney pain","","274279008","4","CPRD_AURUM"
"5994531000006112","Pain management department","","309949003","32","CPRD_AURUM"
"3661381000006112","Sore pain","","71393004","1","CPRD_AURUM"
"4511131000006119","Mastalgia of puberty","","135876005","22","CPRD_AURUM"
"5633101000006116","Peripheral neuropathic pain","","279981003","54","CPRD_AURUM"
"5958631000006114","Discharge from pain management service","","306618005","52","CPRD_AURUM"
"5243391000006112","Perineal neuralgia","","247391003","2","CPRD_AURUM"
"5725181000006118","O/E - Site of pain","","287495009","185","CPRD_AURUM"
"5730761000006117","Neuralgia/neuritis - upper arm","","288235005","6","CPRD_AURUM"
"5892971000006115","Mild present pain","","301380003","88","CPRD_AURUM"
"7879551000006117","Myofascial pain dysfunction syndrome","","726531007","1","CPRD_AURUM"
"5302061000006114","Pain threshold","","251586001","3","CPRD_AURUM"
"5618841000006114","Short form McGill pain questionnaire","","278896008","15","CPRD_AURUM"
"5620871000006113","Post-surgery back pain","","279049005","6","CPRD_AURUM"
"5668581000006119","Malignant bone pain","","282743009","2","CPRD_AURUM"
"5991821000006110","O/E - pain and sensation","","309678000","35","CPRD_AURUM"
"7481311000006111","Pain in cheek","","473008002","1","CPRD_AURUM"
"8260391000006115","Self-completed Leeds assessment of neuropathic symptoms and signs pain score","","810611000000108","5","CPRD_AURUM"
"5131791000006112","Post-thoracotomy pain syndrome","","239175003","1","CPRD_AURUM"
"5243621000006118","High pain threshold","","247408001","2","CPRD_AURUM"
"5620451000006118","Post-vasectomy pain","","279022005","3","CPRD_AURUM"
"7663991000006117","Phantom pain","","710110008","3","CPRD_AURUM"
"9479711000006111","Pain in bilateral lower legs","","12247531000119106","6","CPRD_AURUM"
"5243321000006110","Neurological pain disorder","","247384001","2","CPRD_AURUM"
"8243341000006114","Chronic idiopathic pain syndrome","","781021000000103","1","CPRD_AURUM"
"9834801000006114","Bilateral calf pain","","15634471000119104","1","CPRD_AURUM"
"5621041000006115","Myofascial pain","","279062009","72","CPRD_AURUM"
"3636671011","Chronic orofacial pain","","762454002","1","CPRD_AURUM"
"5566601000006116","Rebound tenderness absent","","274810006","13","CPRD_AURUM"
"5933581000006118","Pain coping strategies questionnaire","","304750005","5","CPRD_AURUM"
"5621001000006117","Pain on penetration","","279056004","7","CPRD_AURUM"
"7842571000006118","Electric shock type pain","","723316007","1","CPRD_AURUM"
"5527681000006118","Tummy ache","","271681002","1","CPRD_AURUM"
"5107551000006111","Non-cyclical mastalgia","","237454007","16","CPRD_AURUM"
"5243491000006119","Painful arms and moving fingers","","247400008","10","CPRD_AURUM"
"5857961000006119","Sternum tender","","298729007","9","CPRD_AURUM"
"5893191000006114","Tenderness of right hypochondrium","","301404009","5","CPRD_AURUM"
"3636664018","Chronic post-traumatic pain","","762451005","1","CPRD_AURUM"
"7060861000006119","Pain radiating to jaw","","426555006","1","CPRD_AURUM"
"5243601000006111","Increased pain threshold","","247406002","1","CPRD_AURUM"
"7567261000006119","Chronic pain clinic","","702840008","1","CPRD_AURUM"
"5892621000006114","Maxillary sinus pain","","301356002","54","CPRD_AURUM"
"3661371000006114","Soreness","","71393004","241","CPRD_AURUM"
"2830711000006115","Scapulalgia","","20793008","1","CPRD_AURUM"
"7054621000006111","Pain radiating to right shoulder","","426142001","2","CPRD_AURUM"
"7812951000006111","Cyclic pelvic pain","","721156008","1","CPRD_AURUM"
"8319091000006116","Palliative Care Problem Severity Score - pain","","902501000000103","1","CPRD_AURUM"
"3747211000006117","Brachial plexus neuralgia","","76691009","1","CPRD_AURUM"
"7836781000006110","Acute pain of scrotum","","722829006","1","CPRD_AURUM"
"4930691000006117","Detached house","","224643006","17","CPRD_AURUM"
"5700081000006119","Painful tooth socket","","285339000","6","CPRD_AURUM"
"3517415015","Pain medication review","","1811000124107","2","CPRD_AURUM"
"5752551000006111","Ovary tender","","289842007","2","CPRD_AURUM"
"5874931000006119","Generalised tenderness in pinna","","300104005","2","CPRD_AURUM"
"5596511000006116","Tenderness over maxillary sinus","","277238004","5","CPRD_AURUM"
"5721811000006117","Pain in left arm","","287045000","429","CPRD_AURUM"
"5957081000006119","Discharge by pain management nurse","","306504007","1","CPRD_AURUM"
"8326111000006114","Symptom Assessment Scale - pain score","","912051000000108","71","CPRD_AURUM"
"2685941000006113","Nerve root pain","","11679003","5","CPRD_AURUM"
"8295521000006115","AVPU (alert voice pain unresponsive) scale score","","859161000000101","3901","CPRD_AURUM"
"5892631000006112","Frontal sinus pain","","301357006","64","CPRD_AURUM"
"3667101000006110","Cervico-occipital neuralgia","","71760005","26","CPRD_AURUM"
"5892751000006110","Left hypochondrial pain","","301368006","10","CPRD_AURUM"
"5873081000006119","Finding of pain tolerance","","299953003","1","CPRD_AURUM"
"3636667013","Chronic musculoskeletal pain","","762452003","5","CPRD_AURUM"
"5243371000006111","Intercostal neuralgia","","247389006","14","CPRD_AURUM"
"5874961000006111","Pinna non-tender","","300106007","5","CPRD_AURUM"
"5466591000006119","Site of referred pain","","263597005","12","CPRD_AURUM"
"5620441000006115","Epididymal pain","","279021003","32","CPRD_AURUM"
"5561511000006110","Renal pain","","274279008","73","CPRD_AURUM"
"5561701000006118","O/E left iliac fossa tender","","274292006","21","CPRD_AURUM"
"8025471000006117","Pain in male pelvis","","85011000119101","1","CPRD_AURUM"
"5565151000006115","Face ache","","274666009","28","CPRD_AURUM"
"4946571000006119","Preventing pain","","225784007","12","CPRD_AURUM"
"2638981000006118","Sharp pain","","8708008","265","CPRD_AURUM"
"12117791000006112","MSK-HQ (Musculoskeletal Health Questionnaire) item 1 - pain/stiffness during the day","","1099561000000102","1","CPRD_AURUM"
"8018171000006111","Chronic ankle pain","","51881000119109","3","CPRD_AURUM"
"3636890018","Chronic primary widespread pain","","762590006","15","CPRD_AURUM"
"5749231000006113","Vaginal tenderness","","289594004","1","CPRD_AURUM"
"5552501000006111","London hospital pain chart assessment","","273580000","1","CPRD_AURUM"
"5892981000006117","Distressing present pain","","301382006","45","CPRD_AURUM"
"3446371000006113","Scalding pain on urination","","58250006","75","CPRD_AURUM"
"3317921000006114","Painful piezogenic pedal papules","","50510006","1","CPRD_AURUM"
"4935371000006116","Working through the pain of grief","","225023005","4","CPRD_AURUM"
"3323071000006111","Painful ejaculation","","50818007","11","CPRD_AURUM"
"8214801000006110","Pain relieved by lowering leg","","711511000000102","3","CPRD_AURUM"
"7088481000006111","Spontaneous pain","","428432004","1","CPRD_AURUM"
"5996011000006115","Pain management service","","310071006","441","CPRD_AURUM"
"5858121000006111","Rib tender","","298740004","8","CPRD_AURUM"
"5103011000006112","Chronic pelvic pain of female","","237067000","128","CPRD_AURUM"
"5243311000006119","Urinary tract pain","","247382002","10","CPRD_AURUM"
"3688461000006117","Colicky pain","","73063007","2","CPRD_AURUM"
"8278561000006114","Ischaemic lower limb pain at rest","","836711000000108","4","CPRD_AURUM"
"2685931000006115","Radicular pain","","11679003","153","CPRD_AURUM"
"5561921000006113","O/E -frontal sinus pain","","274306004","18","CPRD_AURUM"
"4507141000006118","Chronic back pain","","134407002","2874","CPRD_AURUM"
"3733411000006113","Scalp tenderness","","75851004","22","CPRD_AURUM"
"5131811000006111","Post-episiotomy pain","","239177006","3","CPRD_AURUM"
"5836621000006116","Nuchal pain","","297128006","4","CPRD_AURUM"
"5853631000006113","Cervical spine painful on movement","","298478001","4","CPRD_AURUM"
"5596541000006117","Tenderness over frontal sinus","","277241008","4","CPRD_AURUM"
"12735361000006113","Chronic mechanical low back pain","","144951000000106","8","CPRD_AURUM"
"5866101000006111","Tenderness in popliteal fossa","","299376007","1","CPRD_AURUM"
"5853621000006110","Cervical spine tender","","298477006","28","CPRD_AURUM"
"5621711000006116","Affective response to pain","","279116004","4","CPRD_AURUM"
"5010601000006118","Painful legs and moving toes","","230654000","23","CPRD_AURUM"
"7261591000006114","Pain in testicle as late effect of injury to testicle","","442236004","1","CPRD_AURUM"
"5024161000006112","Hypochondriacal pain","","231515001","4","CPRD_AURUM"
"5243351000006118","Cruralgia","","247387008","1","CPRD_AURUM"
"8093981000006116","Right sided thoracic back pain","","298301000000106","3","CPRD_AURUM"
"8214651000006113","Leg pain on elevation","","711331000000102","6","CPRD_AURUM"
"7761481000006119","Non-cyclic pelvic pain","","717717002","1","CPRD_AURUM"
"5855821000006113","Thoracic spine - painful on movement","","298579007","3","CPRD_AURUM"
"5892741000006113","Right hypochondrial pain","","301367001","23","CPRD_AURUM"
"4081161000006111","Renal angle pain","","102831002","1","CPRD_AURUM"
"5243461000006110","Testicular neuralgia","","247396008","2","CPRD_AURUM"
"5858321000006113","Tenderness of upper limb","","298751004","1","CPRD_AURUM"
"5947691000006111","Referral by pain management specialist","","305948002","1","CPRD_AURUM"
"4077981000006115","Liver pain","","102626001","3","CPRD_AURUM"
"7044841000006118","Pain radiating to left shoulder","","425473004","1","CPRD_AURUM"
"5939871000006116","Admission to pain management department","","305391001","11","CPRD_AURUM"
"5243721000006114","After pains","","247414008","1","CPRD_AURUM"
"3507421013","Chronic female pelvic pain syndrome","","11892641000119101","4","CPRD_AURUM"
"2724571000000115","FeverPAIN (Fever in last 24 hours, Purulence, Attend rapidly under 3 days, Inflamed tonsils, No cough and/or coryza) Clinical Score","","1087611000000108","545","CPRD_AURUM"
"5887001000006112","Tender lymph node","","300942003","32","CPRD_AURUM"
"5892711000006114","Pain of skin","","301364008","30","CPRD_AURUM"
"5893271000006118","Tenderness of left iliac fossa","","301411008","14","CPRD_AURUM"
"5890351000006113","Nose non-tender","","301196008","1","CPRD_AURUM"
"3119021000006114","No sensitivity to pain","","38433004","16","CPRD_AURUM"
"5243751000006117","Superficial pain on intercourse","","247418006","148","CPRD_AURUM"
"5561911000006117","On examination - maxillary sinus pain","","274305000","15","CPRD_AURUM"
"5955881000006115","Discharge by pain management specialist","","306407003","1","CPRD_AURUM"
"5561471000006117","C/O right iliac fossa pain","","274277005","48","CPRD_AURUM"
"5633091000006110","Peripheral neurogenic pain","","279980002","2","CPRD_AURUM"
"3860981000006111","Dull pain","","83644001","2","CPRD_AURUM"
"3510031000006114","Plantar heel pain","","62171003","4","CPRD_AURUM"
"5243661000006112","Talking painful","","247411000","1","CPRD_AURUM"
"3515763015","Intercostal pain","","735940001","1","CPRD_AURUM"
"7879531000006112","Myofascial pain syndrome","","726531007","4","CPRD_AURUM"
"5893171000006113","Tenderness of truncal structure","","301402008","2","CPRD_AURUM"
"5892661000006115","Pain of lymph node","","301360004","4","CPRD_AURUM"
"8096391000006114","Pain management programme","","303251000000101","114","CPRD_AURUM"
"8057071000006115","Lower back pain assessment","","197091000000103","2","CPRD_AURUM"
"5663801000006119","Persistent testicular pain","","282360001","62","CPRD_AURUM"
"5893001000006118","Excruciating present pain","","301384007","9","CPRD_AURUM"
"5730801000006114","Neuralgia/neuritis - lower leg","","288239004","9","CPRD_AURUM"
"6839651000006117","Persistent non-attender","","413319007","1","CPRD_AURUM"
"5243651000006110","Painful cough","","247410004","28","CPRD_AURUM"
"7163621000006113","Chronic facial pain","","432615008","1","CPRD_AURUM"
"5621021000006110","Neurogenic pain","","279058003","15","CPRD_AURUM"
"5954781000006114","Referral to pain management nurse","","306330005","50","CPRD_AURUM"
"5755561000006118","Localised tenderness of breast","","290080002","18","CPRD_AURUM"
"6003131000006114","Interposition of microvascularly attached jejunum","","310804003","7","CPRD_AURUM"
"2725601000000111","Abbey Pain Scale score","","1088051000000104","72","CPRD_AURUM"
"3901571000006119","Loin pain-haematuria syndrome","","86208007","10","CPRD_AURUM"
"3309421000006112","Central pain","","49986002","2","CPRD_AURUM"
"7703601000006113","Post stroke pain","","713410003","1","CPRD_AURUM"
"12453131000006114","Nipple painful","","225573003","1","CPRD_AURUM"
"2653291000006115","Mechanical pain","","9626006","10","CPRD_AURUM"
"7077071000006110","Pain radiating to right leg","","427653003","1","CPRD_AURUM"
"4930861000006114","Semi-detached bungalow","","224658003","11","CPRD_AURUM"
"7059521000006111","Pain radiating to left leg","","426469008","1","CPRD_AURUM"
"3667111000006113","Occipital neuralgia","","71760005","3","CPRD_AURUM"
"5243301000006117","Limb stump pain","","247381009","1","CPRD_AURUM"
"5254821000006119","Response to pain","","248240001","7","CPRD_AURUM"
"5755581000006111","Breast non-tender","","290081003","12","CPRD_AURUM"
"5887181000006119","Postural low back pain","","300957005","24","CPRD_AURUM"
"3751061000006117","Severe pain","","76948002","3","CPRD_AURUM"
"5893201000006112","Tenderness of left hypochondrium","","301405005","1","CPRD_AURUM"
"12735371000006118","Mechanical neck pain","","144961000000109","25","CPRD_AURUM"
"3517648011","Chronic idiopathic pain syndrome","","736464002","12","CPRD_AURUM"
"7318381000006116","Dallas pain questionnaire score","","446056006","1","CPRD_AURUM"
"5730781000006110","Neuralgia/neuritis - hand","","288237002","2","CPRD_AURUM"
"2658851000006116","Radiating pain","","9972008","6","CPRD_AURUM"
"8093991000006118","Left sided thoracic back pain","","298311000000108","2","CPRD_AURUM"
"8271351000006111","Detached PEG (percutaneous endoscopic gastrostomy) tube","","824021000000107","6","CPRD_AURUM"
"5620581000006113","Chronic pelvic pain without obvious pathology","","279032003","11","CPRD_AURUM"
"5107831000006118","Pain from breast implant","","237477007","4","CPRD_AURUM"
"3636893016","Chronic primary musculoskeletal pain","","762591005","1","CPRD_AURUM"
"3530440016","Bilateral greater trochanteric pain syndrome of lower limbs","","16438211000119101","1","CPRD_AURUM"
"4948271000006116","Ability to cope with pain","","225910001","1","CPRD_AURUM"
"5890341000006111","Nose tender","","301195007","2","CPRD_AURUM"
"5893211000006110","Tenderness of central region","","301406006","4","CPRD_AURUM"
"5945311000006116","Seen by pain management service","","305799001","354","CPRD_AURUM"
"3071931000006114","Femoral neuralgia","","35496009","1","CPRD_AURUM"
"5621511000006111","Crushing pain","","279098001","1","CPRD_AURUM"
"5243051000006115","Painful teething","","247349000","27","CPRD_AURUM"
"7068601000006119","Pain radiating to upper abdomen","","427075000","1","CPRD_AURUM"
"4178501000006114","Treatment pain","","110363002","2","CPRD_AURUM"
"7567901000006110","Pain clinic","","702897005","98","CPRD_AURUM"
"5857981000006112","Pain of sternum","","298731003","19","CPRD_AURUM"
"5244221000006117","Sore on skin","","247454005","10","CPRD_AURUM"
"5572951000006117","Appendicular pain","","275406005","2","CPRD_AURUM"
"5857201000006110","Lumbar spine - tender","","298673002","60","CPRD_AURUM"
"5662861000006111","Additional pain and sensation observations","","282280002","4","CPRD_AURUM"
"5944511000006111","Seen by pain management nurse","","305745006","88","CPRD_AURUM"
"5874951000006114","Focal tenderness in pinna","","300105006","2","CPRD_AURUM"
"2906481000006116","Peripheral neuralgia","","25416002","14","CPRD_AURUM"
"5596171000006115","Tender mastoid","","277210007","1","CPRD_AURUM"
"5103021000006116","Chronic pain in female pelvis","","237067000","1","CPRD_AURUM"
"3498921000006118","Sacral back pain","","61486003","40","CPRD_AURUM"
"2898351000006113","Emotionally detached","","24936000","2","CPRD_AURUM"
"4948631000006117","Wound tenderness","","225944008","8","CPRD_AURUM"
"7163611000006117","Chronic pain in face","","432615008","1","CPRD_AURUM"
"2830741000006116","Shoulder blade pain","","20793008","2","CPRD_AURUM"
"4930851000006112","Detached bungalow","","224657008","4","CPRD_AURUM"
"5566461000006117","Examination of pain sensation","","274796008","158","CPRD_AURUM"
"5621191000006113","Urethral meatal pain","","279071000","2","CPRD_AURUM"
"5730751000006119","Neuralgia/neuritis - shoulder","","288234009","1","CPRD_AURUM"
"5893141000006117","Musculoskeletal tenderness","","301399007","1","CPRD_AURUM"
"7489441000006115","Discogenic pain","","608830002","2","CPRD_AURUM"
"11931521000006116","PSEQ - Pain Self-efficacy Questionnaire","","714287004","6","CPRD_AURUM"
"4946501000006113","Pain tolerance level","","225781004","2","CPRD_AURUM"
"5876201000006114","Non-tender mastoid","","300188005","21","CPRD_AURUM"
"5893121000006112","Tenderness of female genitalia","","301397009","4","CPRD_AURUM"
