"MEDICAL_CODE_ID","DESCRIPTION","READ_CODE","SNOMED_CT_CODE","FREQUENCY","DATABASE"
"F454","Persistent somatoform pain disorder","F45.4","","0","ICD10"
"G500","Trigeminal neuralgia","G50.0","","0","ICD10"
"G501","Atypical facial pain","G50.1","","0","ICD10"
"G530","Postzoster neuralgia","G53.0","","0","ICD10"
"G546","Phantom limb syndrome with pain","G54.6","","0","ICD10"
"G547","Phantom limb syndrome without pain","G54.7","","0","ICD10"
"G564","Causalgia","G56.4","","0","ICD10"
"G571","Meralgia paraesthetica","G57.1","","0","ICD10"
"H571","Ocular pain","H57.1","","0","ICD10"
"K146","Glossodynia","K14.6","","0","ICD10"
"M54","Dorsalgia","M54","","0","ICD10"
"M542","Cervicalgia","M54.2","","0","ICD10"
"M5421","Cervicalgia","M54.21","","0","ICD10"
"M5422","Cervicalgia","M54.22","","0","ICD10"
"M5423","Cervicalgia","M54.23","","0","ICD10"
"M545","Low back pain","M54.5","","0","ICD10"
"M5450","Low back pain","M54.50","","0","ICD10"
"M5455","Low back pain","M54.55","","0","ICD10"
"M5456","Low back pain","M54.56","","0","ICD10"
"M5457","Low back pain","M54.57","","0","ICD10"
"M5458","Low back pain","M54.58","","0","ICD10"
"M5459","Low back pain","M54.59","","0","ICD10"
"M546","Pain in thoracic spine","M54.6","","0","ICD10"
"M5460","Pain in thoracic spine","M54.60","","0","ICD10"
"M5463","Pain in thoracic spine","M54.63","","0","ICD10"
"M5464","Pain in thoracic spine","M54.64","","0","ICD10"
"M5465","Pain in thoracic spine","M54.65","","0","ICD10"
"M548","Other dorsalgia","M54.8","","0","ICD10"
"M5480","Other dorsalgia","M54.80","","0","ICD10"
"M5481","Other dorsalgia","M54.81","","0","ICD10"
"M5482","Other dorsalgia","M54.82","","0","ICD10"
"M5483","Other dorsalgia","M54.83","","0","ICD10"
"M5484","Other dorsalgia","M54.84","","0","ICD10"
"M5485","Other dorsalgia","M54.85","","0","ICD10"
"M5486","Other dorsalgia","M54.86","","0","ICD10"
"M5487","Other dorsalgia","M54.87","","0","ICD10"
"M5488","Other dorsalgia","M54.88","","0","ICD10"
"M5489","Other dorsalgia","M54.89","","0","ICD10"
"M549","Dorsalgia, unspecified","M54.9","","0","ICD10"
"M5490","Dorsalgia, unspecified","M54.90","","0","ICD10"
"M5491","Dorsalgia, unspecified","M54.91","","0","ICD10"
"M5492","Dorsalgia, unspecified","M54.92","","0","ICD10"
"M5493","Dorsalgia, unspecified","M54.93","","0","ICD10"
"M5494","Dorsalgia, unspecified","M54.94","","0","ICD10"
"M5495","Dorsalgia, unspecified","M54.95","","0","ICD10"
"M5496","Dorsalgia, unspecified","M54.96","","0","ICD10"
"M5497","Dorsalgia, unspecified","M54.97","","0","ICD10"
"M5498","Dorsalgia, unspecified","M54.98","","0","ICD10"
"M5499","Dorsalgia, unspecified","M54.99","","0","ICD10"
"M774","Metatarsalgia","M77.4","","0","ICD10"
"M792","Neuralgia and neuritis, unspecified","M79.2","","0","ICD10"
"M7920","Neuralgia and neuritis, unspecified","M79.20","","0","ICD10"
"M7921","Neuralgia and neuritis, unspecified","M79.21","","0","ICD10"
"M7922","Neuralgia and neuritis, unspecified","M79.22","","0","ICD10"
"M7923","Neuralgia and neuritis, unspecified","M79.23","","0","ICD10"
"M7924","Neuralgia and neuritis, unspecified","M79.24","","0","ICD10"
"M7925","Neuralgia and neuritis, unspecified","M79.25","","0","ICD10"
"M7926","Neuralgia and neuritis, unspecified","M79.26","","0","ICD10"
"M7927","Neuralgia and neuritis, unspecified","M79.27","","0","ICD10"
"M7928","Neuralgia and neuritis, unspecified","M79.28","","0","ICD10"
"M7929","Neuralgia and neuritis, unspecified","M79.29","","0","ICD10"
"M796","Pain in limb","M79.6","","0","ICD10"
"M7960","Pain in limb","M79.60","","0","ICD10"
"M7961","Pain in limb","M79.61","","0","ICD10"
"M7962","Pain in limb","M79.62","","0","ICD10"
"M7963","Pain in limb","M79.63","","0","ICD10"
"M7964","Pain in limb","M79.64","","0","ICD10"
"M7965","Pain in limb","M79.65","","0","ICD10"
"M7966","Pain in limb","M79.66","","0","ICD10"
"M7967","Pain in limb","M79.67","","0","ICD10"
"M7968","Pain in limb","M79.68","","0","ICD10"
"M7969","Pain in limb","M79.69","","0","ICD10"
"M913","Pseudocoxalgia","M91.3","","0","ICD10"
"N644","Mastodynia","N64.4","","0","ICD10"
"R072","Precordial pain","R07.2","","0","ICD10"
"R101","Pain localized to upper abdomen","R10.1","","0","ICD10"
"R102","Pelvic and perineal pain","R10.2","","0","ICD10"
"R103","Pain localized to other parts of lower abdomen","R10.3","","0","ICD10"
"R30","Pain associated with micturition","R30","","0","ICD10"
"R309","Painful micturition, unspecified","R30.9","","0","ICD10"
"R520","Acute pain","R52.0","","0","ICD10"
"R521","Chronic intractable pain","R52.1","","0","ICD10"
"R522","Other chronic pain","R52.2","","0","ICD10"
"R529","Pain, unspecified","R52.9","","0","ICD10"
