"MEDICAL_CODE_ID","DESCRIPTION","READ_CODE","SNOMED_CT_CODE","FREQUENCY","DATABASE"
"123","Cervicalgia - pain in neck","N131.00",,"2440532","CPRD_GOLD"
"153","Backache","16C2.00",,"1270536","CPRD_GOLD"
"154","Low back pain","N142.11",,"2720804","CPRD_GOLD"
"198","Shoulder pain","N245.17",,"2538150","CPRD_GOLD"
"286","Hip pain","N094K12",,"1249193","CPRD_GOLD"
"421","Iliac fossa pain","197..12",,"29521","CPRD_GOLD"
"526","C/O - loin pain","1A53.11",,"449344","CPRD_GOLD"
"552","Painful arc syndrome","N211z11",,"33587","CPRD_GOLD"
"557","Backache, unspecified","N145.00",,"772081","CPRD_GOLD"
"602","Mastodynia - pain in breast","K317000",,"665204","CPRD_GOLD"
"628","[D]Hypochondrial pain","R090700",,"93620","CPRD_GOLD"
"701","Left flank pain","1975.00",,"5950","CPRD_GOLD"
"822","Arm pain","N245.12",,"397273","CPRD_GOLD"
"855","Foot pain","N245.13",,"818871","CPRD_GOLD"
"917","Bone pain","N33A.00",,"22458","CPRD_GOLD"
"1181","Right iliac fossa pain","1977.00",,"203785","CPRD_GOLD"
"1212","Coccygodynia","N147200",,"120948","CPRD_GOLD"
"1219","Leg pain","N245.16",,"723917","CPRD_GOLD"
"1228","Retrosternal pain","1829.00",,"43581","CPRD_GOLD"
"1258","Ankle pain","N245.11",,"580588","CPRD_GOLD"
"1274","Clavicle pain","N33A100",,"6840","CPRD_GOLD"
"1283","Pleurodynia","1827.11",,"4163","CPRD_GOLD"
"1286","[D]Jaw pain","R040z11",,"118677","CPRD_GOLD"
"1287","Metatarsalgia NOS","N217200",,"111384","CPRD_GOLD"
"1335","Pain in lumbar spine","N142.00",,"236572","CPRD_GOLD"
"1336","[D]Groin pain","R090B00",,"463952","CPRD_GOLD"
"1339","Thumb pain","N245011",,"164235","CPRD_GOLD"
"1455","[D]Musculoskeletal pain","R01z200",,"114782","CPRD_GOLD"
"1497","[D]General aches and pains","R00z211",,"239164","CPRD_GOLD"
"1541","Other specified trigeminal neuralgia","F301.00",,"40187","CPRD_GOLD"
"1597","Painful tongue","J096.12",,"44414","CPRD_GOLD"
"1598","Post-herpetic neuralgia","A531.11",,"39883","CPRD_GOLD"
"1639","Pain in testis","K28z.11",,"69594","CPRD_GOLD"
"1644","Proctalgia fugax","J526000",,"17034","CPRD_GOLD"
"1865","Precordial pain","1823.00",,"7505","CPRD_GOLD"
"1866","Thigh pain","N245.18",,"106708","CPRD_GOLD"
"1936","Refer to pain clinic","8H69.00",,"133940","CPRD_GOLD"
"1946","Toe pain","N245111",,"289630","CPRD_GOLD"
"2025","Hand pain","N245.14",,"288275","CPRD_GOLD"
"2048","Pain","1D13.11",,"931460","CPRD_GOLD"
"2219","Morton's metatarsalgia","F356000",,"11479","CPRD_GOLD"
"2255","Sore nostril","H1y1z15",,"21597","CPRD_GOLD"
"2284","Neuralgia unspecified","N242000",,"165070","CPRD_GOLD"
"2293","Toothache","1912.00",,"114301","CPRD_GOLD"
"2494","Heel pain","N245.15",,"220692","CPRD_GOLD"
"2519","Rib pain","182B.00",,"291776","CPRD_GOLD"
"2522","[D]Pain, generalized","R00z200",,"54278","CPRD_GOLD"
"2532","Calf pain","N245400",,"195525","CPRD_GOLD"
"2600","C/O - renal pain","1A53.13",,"24907","CPRD_GOLD"
"2707","Pain in scrotum","1A5C.00",,"26908","CPRD_GOLD"
"2767","Rectal pain","J574800",,"41433","CPRD_GOLD"
"2781","C/O pelvic pain","1A59.00",,"329649","CPRD_GOLD"
"2786","Backache symptom","16C..00",,"347146","CPRD_GOLD"
"2792","Painful scar","M2y1z11",,"5416","CPRD_GOLD"
"2856","C/O - an ache","1D13.12",,"43747","CPRD_GOLD"
"2866","Anorectal pain","J574F00",,"7197","CPRD_GOLD"
"2982","Left iliac fossa pain","1978.00",,"147727","CPRD_GOLD"
"3000","Vulval pain","1A58100",,"21243","CPRD_GOLD"
"3014","[D]Face ache","R040011",,"37415","CPRD_GOLD"
"3049","Anal pain","J574700",,"96254","CPRD_GOLD"
"3086","Right flank pain","1976.00",,"7564","CPRD_GOLD"
"3207","Sore mouth","1922.00",,"151447","CPRD_GOLD"
"3258","[D]Facial pain","R040000",,"126153","CPRD_GOLD"
"3322","Finger pain","N245012",,"172968","CPRD_GOLD"
"3324","Back pain without radiation NOS","16C6.00",,"2240046","CPRD_GOLD"
"3512","Pain in buttock","N245.19",,"26105","CPRD_GOLD"
"3763","C/O - low back pain","16C5.00",,"1399863","CPRD_GOLD"
"3920","[D]Pain in oesophagus","R07A.00",,"1295","CPRD_GOLD"
"4174","Meralgia paraesthetica","F351.00",,"31773","CPRD_GOLD"
"4300","Sore lip","J085412",,"16762","CPRD_GOLD"
"4419","Axillary pain","N245500",,"30076","CPRD_GOLD"
"4496","Sore nipple","26C3.11",,"62335","CPRD_GOLD"
"4498","[D]Painful urination","R081000",,"5662","CPRD_GOLD"
"4544","Pain in limb","N245.00",,"178135","CPRD_GOLD"
"4627","Foot pain","N245100",,"53740","CPRD_GOLD"
"4704","[D]Prostadynia","R08z.11",,"1815","CPRD_GOLD"
"4706","Bony pelvic pain","N33A000",,"3061","CPRD_GOLD"
"4733","Pain in testis","K28y800",,"76172","CPRD_GOLD"
"4756","Vaginal pain","1A58000",,"48227","CPRD_GOLD"
"4771","[D]Umbilical pain","R090600",,"5855","CPRD_GOLD"
"4948","Pain in thoracic spine","N141.00",,"101046","CPRD_GOLD"
"5023","Acute back pain - lumbar","N142.13",,"55159","CPRD_GOLD"
"5132","Pain in penis","1A5B.00",,"44705","CPRD_GOLD"
"5400","Vulva sore","M181.12",,"48329","CPRD_GOLD"
"5476","Acute back pain - disc","N12..13",,"8547","CPRD_GOLD"
"5673","Ovarian pain","1A58200",,"1864","CPRD_GOLD"
"5754","Pain in sinuses","1BA5.11",,"302202","CPRD_GOLD"
"5762","Pain in arm","N245300",,"228332","CPRD_GOLD"
"5780","Pain in leg","N245200",,"679316","CPRD_GOLD"
"5782","O/E - abdomen tender","25C..15",,"50253","CPRD_GOLD"
"5787","Shoulder pain","N245700",,"320120","CPRD_GOLD"
"5796","Post-operative pain","SP2y211",,"8655","CPRD_GOLD"
"5804","O/E - tenderness","2I18.12",,"76213","CPRD_GOLD"
"5806","O/E - painful ear","2D7..00",,"182779","CPRD_GOLD"
"5813","Earache symptoms","1C3..00",,"976819","CPRD_GOLD"
"5831","Unilateral earache","1C32.00",,"62361","CPRD_GOLD"
"5840","Acute back pain with sciatica","N143.11",,"64965","CPRD_GOLD"
"5880","C/O: a pain","1D13.00",,"903913","CPRD_GOLD"
"5899","C/O - lumbar pain","1A53.12",,"32226","CPRD_GOLD"
"5908","O/E - in pain","2252.00",,"12074","CPRD_GOLD"
"5916","Acute back pain - thoracic","N141.11",,"81200","CPRD_GOLD"
"5923","Acute back pain - unspecified","N145.11",,"70061","CPRD_GOLD"
"5966","Testicular pain","K28y811",,"116214","CPRD_GOLD"
"6112","Pricking pain","1DC7.00",,"140","CPRD_GOLD"
"6166","Anterior knee pain","N094W00",,"81241","CPRD_GOLD"
"6222","Lumbar ache - renal","1A53.00",,"30813","CPRD_GOLD"
"6226","C/O - upper back ache","16C7.00",,"38964","CPRD_GOLD"
"6313","C/O - pain in big toe","1D13111",,"57337","CPRD_GOLD"
"6357","Subcostal pain","197..14",,"3298","CPRD_GOLD"
"6386","O/E-maxillary sinus tenderness","2DA2.00",,"5670","CPRD_GOLD"
"6395","Type of GIT pain - symptom","196..12",,"3401","CPRD_GOLD"
"6424","Genitourinary pain","1A5..00",,"3343","CPRD_GOLD"
"6472","Backache symptom NOS","16CZ.00",,"9466","CPRD_GOLD"
"6520","Hand pain","N245000",,"184574","CPRD_GOLD"
"6581","Trigeminal neuralgia NOS","F301z00",,"62550","CPRD_GOLD"
"6629","O/E - pain sensation","29E..00",,"1803","CPRD_GOLD"
"6644","C/O - pain in toes","1D13000",,"12983","CPRD_GOLD"
"6657","Bilateral earache","1C33.00",,"10087","CPRD_GOLD"
"6704","Back pain, unspecified","N145.12",,"129996","CPRD_GOLD"
"6747","Atypical face pain","F302.00",,"34944","CPRD_GOLD"
"6831","Pain relief","8BAA.00",,"454404","CPRD_GOLD"
"6884","Morton's neuralgia","F356100",,"11145","CPRD_GOLD"
"6899","Seen in pain clinic","9N1k.00",,"502397","CPRD_GOLD"
"6928","O/E - painful arc","2H23.11",,"19082","CPRD_GOLD"
"7014","C/O - ureteric pain","1A54.12",,"634","CPRD_GOLD"
"7056","Stabbing pain","1DC3.00",,"1529","CPRD_GOLD"
"7248","[D] Perineal pain","R090G12",,"11039","CPRD_GOLD"
"7254","Burning pain","1DC1.00",,"30343","CPRD_GOLD"
"7283","Sore gums - symptom","1923.11",,"22087","CPRD_GOLD"
"7294","Rheumatic pain","N240300",,"9958","CPRD_GOLD"
"7300","Suprapubic pain","1979.00",,"89209","CPRD_GOLD"
"7401","Breast soreness","K317011",,"12771","CPRD_GOLD"
"7490","Flank pain","197..11",,"56411","CPRD_GOLD"
"7584","Post-herpetic trigeminal neuralgia","F300.00",,"5719","CPRD_GOLD"
"7615","No backache","16C1.00",,"637","CPRD_GOLD"
"7726","[D]Right upper quadrant pain","R090J00",,"13448","CPRD_GOLD"
"7892","Sore gums","1923.00",,"8527","CPRD_GOLD"
"7915","Causalgia","F344.00",,"946","CPRD_GOLD"
"8016","O/E - mastoid tender","2D73.11",,"2733","CPRD_GOLD"
"8029","[D]Acute pain","R00zB00",,"2566","CPRD_GOLD"
"8060","Aching pain","1DC2.00",,"24222","CPRD_GOLD"
"8241","Backache with radiation","16C3.00",,"28851","CPRD_GOLD"
"8362","[D]Left upper quadrant pain","R090K00",,"2757","CPRD_GOLD"
"8433","Urethral pain","1A5D.00",,"5794","CPRD_GOLD"
"8541","Painful defaecation","19EC.00",,"6778","CPRD_GOLD"
"8564","O/E - tenderness of skin","2FN..00",,"1519","CPRD_GOLD"
"8599","Shooting pain","1DC9.00",,"3478","CPRD_GOLD"
"8600","Pain from metastases","1D18.00",,"3866","CPRD_GOLD"
"8736","Coxalgia","N094K11",,"2047","CPRD_GOLD"
"8931","Pain","1M...00",,"383408","CPRD_GOLD"
"9061","[D]Left lower quadrant pain","R090L00",,"472","CPRD_GOLD"
"9105","C/O - pain in hallux","1D13100",,"4912","CPRD_GOLD"
"9117","Persistent mastalgia","26BF.00",,"50818","CPRD_GOLD"
"9196","Growing pains","16Z2.00",,"6643","CPRD_GOLD"
"9517","Knee pain","1M10.00",,"2967333","CPRD_GOLD"
"9682","Referral to back pain clinic","8HTH.00",,"28525","CPRD_GOLD"
"9695","Right upper quadrant pain","197D.00",,"13593","CPRD_GOLD"
"9728","Pain character NOS","1DCZ.00",,"6469","CPRD_GOLD"
"9801","Exacerbation of backache","16C8.00",,"4196","CPRD_GOLD"
"9811","[D] Pelvic pain","R090G11",,"26018","CPRD_GOLD"
"9920","[D]Pelvic and perineal pain","R090G00",,"9768","CPRD_GOLD"
"10084","Generalised pain [symptom]","1DC8.00",,"9234","CPRD_GOLD"
"10223","Postherpetic neuralgia","A531511",,"26574","CPRD_GOLD"
"10231","Chronic low back pain","16C9.00",,"167340","CPRD_GOLD"
"10389","Anterior knee pain","1M12.00",,"22083","CPRD_GOLD"
"10500","Erythromelalgia","G73y800",,"1791","CPRD_GOLD"
"10530","Unilateral mastalgia","26BG.00",,"31879","CPRD_GOLD"
"10902","Pain management","Z1H..00",,"23825","CPRD_GOLD"
"11017","Pain and symptom management","8BAO.00",,"41718","CPRD_GOLD"
"11498","Postherpetic trigeminal neuralgia","A531200",,"980","CPRD_GOLD"
"11506","Breast tenderness","26BH.00",,"31595","CPRD_GOLD"
"11544","Neuropathic pain","N242300",,"78075","CPRD_GOLD"
"11609","Pain in lower limb","1M1..00",,"26130","CPRD_GOLD"
"11647","O/E - abd. pain - R.iliac","25C8.00",,"3572","CPRD_GOLD"
"11718","Painful rectal bleeding","196B.00",,"55982","CPRD_GOLD"
"11906","Erection - painful","K273.11",,"832","CPRD_GOLD"
"11962","Pain in elbow","1M00.00",,"145175","CPRD_GOLD"
"11979","Elbow pain","1M00.11",,"24598","CPRD_GOLD"
"11998","Pain in coccyx","N147211",,"12852","CPRD_GOLD"
"12156","Scar painful","M2y1z12",,"6168","CPRD_GOLD"
"12160","Seen by pain management specialist","ZL98.00",,"11847","CPRD_GOLD"
"12189","Mechanical low back pain","16CA.00",,"162307","CPRD_GOLD"
"12195","Cyclical mastalgia","K317600",,"7186","CPRD_GOLD"
"12639","O/E - abd.pain-R.hypochondrium","25C2.00",,"3546","CPRD_GOLD"
"12759","O/E - frontal sinus tenderness","2DA3.00",,"3892","CPRD_GOLD"
"12774","Pain in vulva","1A5E.00",,"3225","CPRD_GOLD"
"13670","Referral to pain management specialist","ZL58.00",,"24263","CPRD_GOLD"
"14648","Testicular pain","1A57.11",,"9930","CPRD_GOLD"
"14807","[D]Flatulence, eructation and gas pain","R073.00",,"29976","CPRD_GOLD"
"14819","[D]Painful respiration NOS","R065300",,"1962","CPRD_GOLD"
"14827","Sore skin","Mz...11",,"29833","CPRD_GOLD"
"14852","Pain in female genitalia","1A58.00",,"3899","CPRD_GOLD"
"14916","O/E -abd.pain on palpation NOS","25CZ.00",,"5599","CPRD_GOLD"
"14936","Vulval sores","K421111",,"5358","CPRD_GOLD"
"14989","Type of GIT pain","196..00",,"26864","CPRD_GOLD"
"15029","Sore bottom","M180.12",,"21219","CPRD_GOLD"
"15109","Lumbalgia","N142.12",,"3098","CPRD_GOLD"
"15180","O/E - abdo. pain on palpation","25C..00",,"16331","CPRD_GOLD"
"15213","O/E - tenderness/pain","2I18.00",,"11356","CPRD_GOLD"
"15234","Pain character","1DC..00",,"3741","CPRD_GOLD"
"15243","[D]Vesical pain","R08z100",,"2784","CPRD_GOLD"
"15288","[D]Loin pain","R090C00",,"18732","CPRD_GOLD"
"15435","Genitourinary pain NOS","1A5Z.00",,"2998","CPRD_GOLD"
"15443","No earache","1C31.00",,"6430","CPRD_GOLD"
"15814","O/E - lymph nodes tender","2C46.00",,"1659","CPRD_GOLD"
"15818","O/E - pain over mastoid","2D73.00",,"376","CPRD_GOLD"
"15826","Otogenic pain","F587100",,"507","CPRD_GOLD"
"15849","Sore mouth - symptom","1922.11",,"21415","CPRD_GOLD"
"16078","Pain in testicle","1A57.00",,"25035","CPRD_GOLD"
"16328","O/E - pain influenced posture","22B6.00",,"125","CPRD_GOLD"
"16481","H/O: trigeminal neuralgia","1475.00",,"10499","CPRD_GOLD"
"16508","Earache symptom NOS","1C3Z.00",,"15950","CPRD_GOLD"
"16546","O/E - pain","2I18.11",,"6667","CPRD_GOLD"
"16547","Other pelvic pain - female","K58y000",,"4766","CPRD_GOLD"
"16548","Toothache","J05y.11",,"12892","CPRD_GOLD"
"16806","[D]Pain in right iliac fossa","R090900",,"10047","CPRD_GOLD"
"16868","[D]Pain in left iliac fossa","R090A00",,"6867","CPRD_GOLD"
"16884","Thoracic nerve root pain","N144011",,"9666","CPRD_GOLD"
"16932","Glossopharyngeal neuralgia","F321.00",,"457","CPRD_GOLD"
"17029","O/E - renal angle tenderness","2624.00",,"4821","CPRD_GOLD"
"17030","O/E - PR - prostate tender","25Q8.00",,"507","CPRD_GOLD"
"17079","Growing pains symptom","16Z2.11",,"2165","CPRD_GOLD"
"17112","Cervical root pain","N134.13",,"14552","CPRD_GOLD"
"17180","Postzoster neuralgia","A531500",,"3886","CPRD_GOLD"
"17223","O/E - iliac pain on palpation","25C..12",,"227","CPRD_GOLD"
"17269","Painful nipple","26C3.12",,"7680","CPRD_GOLD"
"17324","Griping pain","1DC5.00",,"782","CPRD_GOLD"
"17451","O/E - rebound tenderness","25E..00",,"555","CPRD_GOLD"
"17580","Tightening pain","1DC6.00",,"1548","CPRD_GOLD"
"17602","Intractable breast pain","26BD.00",,"3081","CPRD_GOLD"
"17636","O/E - umbilical pain on palp.","25C..14",,"1564","CPRD_GOLD"
"17799","Foot pain","1M11.00",,"530215","CPRD_GOLD"
"17813","Breast screen non-attender","9OHC.00",,"87482","CPRD_GOLD"
"18016","Phantom limb syndrome with pain","F336000",,"1007","CPRD_GOLD"
"18374","Myofascial pain syndrome","N239.11",,"1398","CPRD_GOLD"
"18644","Rest pain","1DCA.00",,"5610","CPRD_GOLD"
"18665","O/E - snuff box tenderness","2I18000",,"396","CPRD_GOLD"
"18878","Painful swallowing","1944.00",,"8566","CPRD_GOLD"
"19020","O/E - lumbar pain on palpation","25C..13",,"409","CPRD_GOLD"
"19257","Tender heel pad","N245600",,"1714","CPRD_GOLD"
"19322","Ankle pain","1M13.00",,"130373","CPRD_GOLD"
"19360","[D]Right lower quadrant pain","R090M00",,"344","CPRD_GOLD"
"19687","Pain in upper limb","1M0..00",,"20672","CPRD_GOLD"
"20254","Cheilodynia","J085500",,"190","CPRD_GOLD"
"20357","Painful haematuria","K197100",,"1522","CPRD_GOLD"
"20359","Painful operation scar","M2y1500",,"624","CPRD_GOLD"
"20475","[D]Suprapubic pain","R090800",,"6100","CPRD_GOLD"
"20481","[D]Precordial pain","R065100",,"2113","CPRD_GOLD"
"20490","Painful breathing -pleurodynia","1827.00",,"1061","CPRD_GOLD"
"20800","Cephalgia","1B1G.12",,"1323","CPRD_GOLD"
"21574","O/E - no abd.pain on palpation","25C1.00",,"9512","CPRD_GOLD"
"21583","O/E - abd. pain - L.iliac","25CA.00",,"3776","CPRD_GOLD"
"21618","[D] Defaecation painful","R079.00",,"507","CPRD_GOLD"
"21965","Seen by pain management nurse","ZLA2C00",,"1992","CPRD_GOLD"
"22049","Pain at injection site","SP3y600",,"1189","CPRD_GOLD"
"23322","Epidemic pleurodynia","A741.00",,"783","CPRD_GOLD"
"24259","Poor attender","9N4B.00",,"7407","CPRD_GOLD"
"23839","Neuralgia, neuritis or radiculitis NOS","N242z00",,"2572","CPRD_GOLD"
"23872","Left subcostal pain","1973.00",,"2830","CPRD_GOLD"
"24030","O/E - VE - uterine tenderness","268B.00",,"1043","CPRD_GOLD"
"24060","[D]Chronic intractable pain","R00zC00",,"6426","CPRD_GOLD"
"24627","O/E - abd. pain - umbilical","25C6.00",,"431","CPRD_GOLD"
"24761","[D]Pleurodynia","R065500",,"463","CPRD_GOLD"
"24796","Back pain worse on sneezing","16C4.00",,"963","CPRD_GOLD"
"24821","Right subcostal pain","1974.00",,"9836","CPRD_GOLD"
"24832","Internal prosthetic device causing pain","SP07300",,"32","CPRD_GOLD"
"25118","Site of GIT pain","197..00",,"4738","CPRD_GOLD"
"25200","Pain assessment","ZQ33.00",,"1880","CPRD_GOLD"
"25630","O/E - abd. pain - L.lumbar","25C7.00",,"416","CPRD_GOLD"
"26076","Cancer pain and symptom management","9Ok5.00",,"1401","CPRD_GOLD"
"27631","Glossodynia","J096.00",,"1211","CPRD_GOLD"
"28265","TLC - tender loving care","8CC..00",,"4124","CPRD_GOLD"
"28678","Exposing sore skin to the air","Z1O6200",,"231","CPRD_GOLD"
"29400","C/O perineal pain","1A5A.00",,"3650","CPRD_GOLD"
"29535","Pain on breast feeding","L463500",,"595","CPRD_GOLD"
"29863","Polyalgia","N24z.11",,"204","CPRD_GOLD"
"29922","Site of GIT pain NOS","197Z.00",,"821","CPRD_GOLD"
"29991","O/E - no rebound tenderness","25E1.00",,"3979","CPRD_GOLD"
"30103","No genitourinary pain","1A51.00",,"8621","CPRD_GOLD"
"30165","Malignant neoplasm of mesorectum","B18y200",,"8","CPRD_GOLD"
"30179","[X]Persistent somatoform pain disorder","Eu45400",,"234","CPRD_GOLD"
"31668","O/E - painful sign","2IA..11",,"164","CPRD_GOLD"
"32539","Under care of pain management specialist","ZL17.00",,"929","CPRD_GOLD"
"32612","Parasternal pain","1826.00",,"769","CPRD_GOLD"
"32957","Discharge from pain management service","ZLEB.00",,"323","CPRD_GOLD"
"33362","Horton's (histamine) neuralgia","F262100",,"67","CPRD_GOLD"
"34881","[X]Chronic pain personality syndrome","Eu62y11",,"841","CPRD_GOLD"
"35624","[D]Growing pains - limbs","R01z100",,"886","CPRD_GOLD"
"35744","Pain in cervical spine","N131.11",,"1294","CPRD_GOLD"
"35834","Acheiria","PF21611",,"28","CPRD_GOLD"
"36040","[X]Somatoform pain disorder","Eu45414",,"54","CPRD_GOLD"
"36558","O/E - abd. pain - R.lumbar","25C5.00",,"418","CPRD_GOLD"
"36715","Dallas pain questionnaire","ZR3w.00",,"5","CPRD_GOLD"
"37101","O/E - abd.pain-L.hypochondrium","25C4.00",,"533","CPRD_GOLD"
"37565","[X] Pain due to internal orthopaedic prosthesis","SyuKE11",,"38","CPRD_GOLD"
"37634","Back pain prevention training","Z714200",,"173","CPRD_GOLD"
"38521","[X]Psychogenic backache","Eu45412",,"68","CPRD_GOLD"
"38591","Painful uterine contractions","Z23AN00",,"35","CPRD_GOLD"
"39146","Female genital pain","1A58.11",,"105","CPRD_GOLD"
"39867","O/E - pain sensation NOS","29EZ.00",,"114","CPRD_GOLD"
"40311","Psychalgia","E278.00",,"87","CPRD_GOLD"
"40556","O/E - pain sensation normal","29E1.00",,"1045","CPRD_GOLD"
"41564","[D]Flatulence, eructation and gas pain NOS","R073z00",,"398","CPRD_GOLD"
"42040","VAPS - Visual analogue pain scale","ZRrA111",,"63","CPRD_GOLD"
"42084","Visual analogue pain scale","ZRrA100",,"33","CPRD_GOLD"
"42138","Pain score","1M2..00",,"4221","CPRD_GOLD"
"42197","Pain rehabilitation","Z1H2.00",,"68","CPRD_GOLD"
"42211","O/E - abd. pain - hypogastrium","25C9.00",,"1472","CPRD_GOLD"
"42611","Erythralgia","G73y811",,"25","CPRD_GOLD"
"42783","Pain to call time","1L1..00",,"44","CPRD_GOLD"
"43476","Discharge by pain management specialist","ZLD2J00",,"473","CPRD_GOLD"
"44484","Type of GIT pain NOS","196Z.00",,"1108","CPRD_GOLD"
"44783","Pain in lymph nodes after alcohol consumption","1D19.00",,"10","CPRD_GOLD"
"45205","Psychogenic backache","E278200",,"68","CPRD_GOLD"
"45921","Managing pain","Z1H..11",,"155","CPRD_GOLD"
"46604","Under care of pain management nurse","ZL22C00",,"48","CPRD_GOLD"
"47797","O/E - pain sensation reduced","29E2.00",,"122","CPRD_GOLD"
"48318","London hospital pain chart assessment","ZRVc.00",,"28","CPRD_GOLD"
"48323","Giving pain relief","Z1H1.13",,"83","CPRD_GOLD"
"48922","Pain management programme","Z1H3.00",,"510","CPRD_GOLD"
"49082","CSQ - Pain coping strategies questionnaire","ZRb7.11",,"3","CPRD_GOLD"
"49547","Regular school attender","ZP81.12",,"3","CPRD_GOLD"
"49639","Tender scar of gravid uterus","Z237200",,"6","CPRD_GOLD"
"49923","AAT - Aachen aphasia test","ZR11.11",,"39","CPRD_GOLD"
"50662","[X]Pain localized to other parts of lower abdomen","Ryu1000",,"57","CPRD_GOLD"
"51210","Referral to pain management nurse","ZL62C00",,"707","CPRD_GOLD"
"51337","Shoulder pain from abdomen","1964.00",,"314","CPRD_GOLD"
"51419","Arrange care attender","8HH4.00",,"431","CPRD_GOLD"
"52044","A/N care: poor A/N attender","6252.00",,"70","CPRD_GOLD"
"52213","UAB pain behaviour scale","ZRqS111",,"14","CPRD_GOLD"
"52270","Moeller's glossodynia exfoliativa","J094200",,"16","CPRD_GOLD"
"52859","[X]Painful micturition, unspecified","Ryu4200",,"206","CPRD_GOLD"
"52971","[X]Other chronic pain","Ryu7000",,"1115","CPRD_GOLD"
"53382","Pelizaeus-Merzbacher disease","F100200",,"44","CPRD_GOLD"
"53478","Minimising pain","Z1H1200",,"17","CPRD_GOLD"
"53766","Psychogenic pain unspecified","E278000",,"33","CPRD_GOLD"
"54373","Psychalgia NOS","E278z00",,"529","CPRD_GOLD"
"54382","[X]Psychalgia","Eu45411",,"7","CPRD_GOLD"
"54894","Phantom limb syndrome without pain","F336100",,"5","CPRD_GOLD"
"54992","Neuralgia, neuritis and radiculitis unspecified","N242.00",,"3103","CPRD_GOLD"
"55007","Cutting pain","1DC4.00",,"55","CPRD_GOLD"
"55857","Pseudocoxalgia","N321113",,"23","CPRD_GOLD"
"56091","O/E - rebound tenderness NOS","25EZ.00",,"17","CPRD_GOLD"
"56780","Pain coping strategies questionnaire","ZRb7.00",,"11","CPRD_GOLD"
"57545","Tender scar of lower uterine segment","Z237400",,"42","CPRD_GOLD"
"59144","Lutembacher's syndrome","P553.00",,"6","CPRD_GOLD"
"59352","Relieving pain","Z1H1.11",,"29","CPRD_GOLD"
"59367","Preventing pain","Z1H1100",,"24","CPRD_GOLD"
"60138","Short form McGill pain questionnaire","ZRVq100",,"3","CPRD_GOLD"
"61479","O/E - sign moderately painful","2IA3.00",,"26","CPRD_GOLD"
"61554","Discharge by pain management nurse","ZLD7A00",,"36","CPRD_GOLD"
"61911","Pain management (specialty)","9b8F.00",,"302","CPRD_GOLD"
"63664","Coxalgia","N094511",,"154","CPRD_GOLD"
"64532","PPQ - Varni-Thompson paediatric pain questionnaire","ZRqc.11",,"1","CPRD_GOLD"
"67672","O/E - sign painful","2IA..00",,"114","CPRD_GOLD"
"67678","O/E - sign painful NOS","2IAZ.00",,"17","CPRD_GOLD"
"70001","Managing pain","Z1G2111",,"2","CPRD_GOLD"
"70217","Arruga string operation for detached retina","7251311",,"13","CPRD_GOLD"
"70440","Pain to thrombolysis time","8B3g.00",,"22","CPRD_GOLD"
"71977","Oswestry pain questionnaire","ZRau.00",,"20","CPRD_GOLD"
"73064","O/E - sign slightly painful","2IA2.00",,"29","CPRD_GOLD"
"73315","O/E - sign very painful","2IA4.00",,"8","CPRD_GOLD"
"89917","Delivery of rehabilitation for pain syndromes","7P21200",,"39","CPRD_GOLD"
"91736","Tender scar of upper uterine segment","Z237300",,"2","CPRD_GOLD"
"92338","O/E - liver tender","25H9.00",,"20","CPRD_GOLD"
"92389","Agnosia for pain","Z7CM300",,"1","CPRD_GOLD"
"93398","Pain in face","1M3..00",,"12266","CPRD_GOLD"
"93531","Complex regional pain syndrome type II","F347.00",,"1874","CPRD_GOLD"
"93588","O/E - painful splenomegaly","2C55.00",,"11","CPRD_GOLD"
"93817","O/E - sign attached to organ","2I37.00",,"2","CPRD_GOLD"
"94797","[X]Other dorsalgia","Nyu7A00",,"26","CPRD_GOLD"
"94815","Painful erection","1ABD.00",,"366","CPRD_GOLD"
"95878","Complex regional pain syndrome type I","N33C.00",,"1413","CPRD_GOLD"
"96002","Cervicalgia","N138.00",,"3258","CPRD_GOLD"
"96029","Pseudocoxalgia","N321700",,"2","CPRD_GOLD"
"96084","Wrist pain","N094F11",,"4269","CPRD_GOLD"
"96876","Aachen aphasia test","ZR11.00",,"1","CPRD_GOLD"
"96966","Myofascial pain syndrome","N248000",,"2174","CPRD_GOLD"
"96973","McGill pain questionnaire","ZRVq.12",,"4","CPRD_GOLD"
"97767","PMP - Pain management programme","Z1H3.11",,"3","CPRD_GOLD"
"99477","Pain in wrist","1M01.00",,"184227","CPRD_GOLD"
"99606","Non-tender scar of gravid uterus","Z237100",,"4","CPRD_GOLD"
"100185","[D]Allodynia","R020900",,"540","CPRD_GOLD"
"100447","On examination allodynia","29E4.00",,"325","CPRD_GOLD"
"100639","Central post-stroke pain","1M4..00",,"109","CPRD_GOLD"
"100698","Pain or discomfort","16ZB000",,"141","CPRD_GOLD"
"100973","Vulvodynia","K42y600",,"5697","CPRD_GOLD"
"103190","Adnexal tenderness","1AJ..00",,"138","CPRD_GOLD"
"103577","Trigeminal autonomic cephalalgia","F262E00",,"216","CPRD_GOLD"
"103617","Visual analogue pain scale","3880000",,"400","CPRD_GOLD"
"103942","Shortlast unilat neuralgifrm pain+conjunc inject+tearng synd","F262C00",,"21","CPRD_GOLD"
"104018","Adnexal tenderness absent","1AJ0.00",,"3","CPRD_GOLD"
"104907","MPQ - McGill pain chart questionnaire","ZRVq.11",,"1","CPRD_GOLD"
"105200","Chronic regional pain syndrome","F369.11",,"3185","CPRD_GOLD"
"105257","Complex regional pain syndrome","F369.00",,"1751","CPRD_GOLD"
"105661","Low back pain clinical pathway","8CMW000",,"1548","CPRD_GOLD"
"105879","EuroQol five dimension five level pain discomfort score","38GJ100",,"23","CPRD_GOLD"
"106388","Chronic pain review","66n..00",,"10429","CPRD_GOLD"
"107428","Under care of pain management specialist","9NNh.00",,"133","CPRD_GOLD"
"107475","Private referral to pain management service","8HVk.00",,"271","CPRD_GOLD"
"107905","McGill pain chart questionnaire","ZRVq.00",,"2","CPRD_GOLD"
"108998","Cramping pain","1DCG.00",,"795","CPRD_GOLD"
"109034","Ischaemic foot pain at rest","1M11000",,"191","CPRD_GOLD"
"109073","Pain assessment tool completed","389Q.00",,"72","CPRD_GOLD"
"109136","Tender pain","1DCJ.00",,"100","CPRD_GOLD"
"109179","Throbbing pain","1DCH.00",,"116","CPRD_GOLD"
"109208","Intermittent pain","1M51.00",,"111","CPRD_GOLD"
"109209","Constant pain","1M50.00",,"25","CPRD_GOLD"
"109217","Ischaemic foot pain when walking","1M11100",,"17","CPRD_GOLD"
"109741","Heavy pain","1DCE.00",,"11","CPRD_GOLD"
"109887","Fearful with pain","1M61.00",,"4","CPRD_GOLD"
"110070","Splitting pain","1DCD.00",,"5","CPRD_GOLD"
"110285","Punishing with pain","1M60.00",,"2","CPRD_GOLD"
"110496","Chronic pain","1M52.00",,"5753","CPRD_GOLD"
"110773","PCS - Pain Catastrophizing Scale","38VG.00",,"9","CPRD_GOLD"
"110819","Gnawing pain","1DCF.00",,"4","CPRD_GOLD"
"111307","Pattern of pain","1M5..00",,"3","CPRD_GOLD"
"111801","Uterus non-tender","26L9.00",,"15","CPRD_GOLD"
"111890","Affective dimension of pain","1M6..00",,"1","CPRD_GOLD"
"112328","Varni-Thompson paediatric pain questionnaire","ZRqc.00",,"1","CPRD_GOLD"
"112826","Sickening with pain","1M62.00",,"1","CPRD_GOLD"
"112882","VAPS - Visual analogue pain scale","3880011",,"4","CPRD_GOLD"
"113205","PSEQ - Pain Self-Efficacy Questionnaire","38VH.00",,"5","CPRD_GOLD"
"113477","SFMPQ - Short form McGill pain questionnaire","ZRVq111",,"4","CPRD_GOLD"
