"MEDICAL_CODE_ID","DESCRIPTION","READ_CODE","SNOMED_CT_CODE","FREQUENCY","DATABASE"
"252235011","C/O shivering","1655.00","161855003","28170","CPRD_AURUM"
"317085015","[D]Chill(s) NOS","R00z100","43724002","3758","CPRD_AURUM"
"5564901000006118","Fever with chills","","274640006","240","CPRD_AURUM"
"4544911000006118","Complaining of shivering","","161855003","0","CPRD_AURUM"
"5564911000006115","Chills and fever","","274640006","0","CPRD_AURUM"
"3204131000006113","Shivering","","43724002","14","CPRD_AURUM"
"317058010","[D]Chills with fever","R006000","274640006","5188","CPRD_AURUM"
"370878018","Rigor - symptom","1654.11","248457000","23085","CPRD_AURUM"
"217641000000116","Having rigors","1654.00","248457000","22997","CPRD_AURUM"
"5564921000006111","Fever with rigors","","274640006","5","CPRD_AURUM"
"4084101000006112","Feeling hot and cold","","103002009","1","CPRD_AURUM"
"3125701000006113","Rigor","","38880002","13","CPRD_AURUM"
"5257531000006110","Shivering or rigors","","248456009","23","CPRD_AURUM"
"3125711000006111","Rigors","","38880002","1","CPRD_AURUM"
