"MEDICAL_CODE_ID","DESCRIPTION","READ_CODE","SNOMED_CT_CODE","FREQUENCY","DATABASE"
"2003","[D]Dyskinesia","R013.11",,"3280","CPRD_GOLD"
"5412","[D]Abnormal involuntary movements","R010.00",,"8281","CPRD_GOLD"
"6347","Dyspraxia syndrome","E2F4.12",,"4434","CPRD_GOLD"
"8718","Clumsiness syndrome","E2F4.11",,"1539","CPRD_GOLD"
"9595","Coordination disorder (dyspraxia)","E2F4.00",,"2634","CPRD_GOLD"
"10806","Coordination problem","Z7E8.00",,"1177","CPRD_GOLD"
"11421","Dyspraxia","Z7E5111",,"7412","CPRD_GOLD"
"15455","[D]Incoordination NOS","R013z00",,"2827","CPRD_GOLD"
"15845","[D]Abnormal involuntary movement NOS","R010z00",,"506","CPRD_GOLD"
"16179","O/E - choreiform movement","2972.00",,"563","CPRD_GOLD"
"18925","[D]Head movements abnormal","R010000",,"341","CPRD_GOLD"
"20214","[D]Apraxia","R046700",,"287","CPRD_GOLD"
"20323","[D]Athetosis, acquired, NOS","R010400",,"266","CPRD_GOLD"
"20963","Incoordination symptom","1B5..00",,"34085","CPRD_GOLD"
"21024","[D]Lack of coordination","R013.00",,"2129","CPRD_GOLD"
"25824","Neurapraxia","SJ7x000",,"974","CPRD_GOLD"
"30349","O/E - apraxia","2B53.00",,"164","CPRD_GOLD"
"32326","Verbal dyspraxia","ZS53.00",,"304","CPRD_GOLD"
"33272","O/E - dyspraxia","2B53.11",,"1242","CPRD_GOLD"
"33916","[D]Dysgraphia","R013200",,"245","CPRD_GOLD"
"34446","[D]Oral dyspraxia","R046911",,"154","CPRD_GOLD"
"34751","Oculomotor apraxia","F483500",,"124","CPRD_GOLD"
"36027","Involuntary movement symptom","1B2..00",,"440","CPRD_GOLD"
"36667","Apraxia","Z7E5100",,"394","CPRD_GOLD"
"37069","[D]Muscular incoordination","R013100",,"110","CPRD_GOLD"
"37186","Incoordination symptom NOS","1B5Z.00",,"1201","CPRD_GOLD"
"37594","O/E - agraphia","2B54.00",,"30","CPRD_GOLD"
"37992","Incoordination","Z7E2.00",,"72","CPRD_GOLD"
"43892","Speech and language dyspraxias","ZS5..00",,"66","CPRD_GOLD"
"47008","Apraxia of speech","ZS51.00",,"15","CPRD_GOLD"
"47172","Muscular incoordination","Z7E2100",,"38","CPRD_GOLD"
"48273","Oral dyspraxia","ZS52.00",,"64","CPRD_GOLD"
"50159","Dyspraxia of velopharynx","ZS57.00",,"12","CPRD_GOLD"
"54274","Oculomotor apraxia - Cogan type","F483511",,"19","CPRD_GOLD"
"54303","Articulatory dyspraxia","ZS55.00",,"48","CPRD_GOLD"
"63181","Tongue tip dyspraxia","ZS59.00",,"36","CPRD_GOLD"
"65462","Oral-verbal dyspraxia","ZS54.00",,"11","CPRD_GOLD"
"67936","[X]Other and unspecified abnormal involuntary movements","Ryu3000",,"11","CPRD_GOLD"
"68515","Oculomotor dyspraxia","F483512",,"29","CPRD_GOLD"
"72636","Gestural apraxia","Z7E5200",,"1","CPRD_GOLD"
"93809","[D]Oral apraxia","R046900",,"41","CPRD_GOLD"
"94162","[X]Other and unspecified lack of coordination","Ryu3300",,"25","CPRD_GOLD"
"98834","Oral apraxia","ZS52.11",,"1","CPRD_GOLD"
"101745","[D]Verbal apraxia","R046800",,"9","CPRD_GOLD"
"104383","Verbal apraxia","ZS53.11",,"2","CPRD_GOLD"
