"MEDICAL_CODE_ID","DESCRIPTION","READ_CODE","SNOMED_CT_CODE","FREQUENCY","DATABASE"
"252974014","Involuntary movement symptom","1B2..00","162227008","9554","CPRD_AURUM"
"254923017","O/E - choreiform movement","2972.00","163664000","1304","CPRD_AURUM"
"255259010","O/E - agraphia","2B54.00","163932009","56","CPRD_AURUM"
"298188010","Oculomotor apraxia","F483500","193662007","596","CPRD_AURUM"
"1209242010","Neurapraxia","SJ7x000","370509002","3040","CPRD_AURUM"
"2535852016","Oculomotor dyspraxia","F483512","193662007","133","CPRD_AURUM"
"266831000006117","Oculomotor apraxia - Cogan type","F483511","405809000","40","CPRD_AURUM"
"960001000006118","Decreased co-ordination","","960001000006102","421","CPRD_AURUM"
"982481000006117","Dyspraxia","","982481000006101","4907","CPRD_AURUM"
"317130016","[D]Incoordination NOS","R013z00","281016006","1978","CPRD_AURUM"
"253033018","Incoordination symptom NOS","1B5Z.00","267083009","3904","CPRD_AURUM"
"317105019","[D]Head movements abnormal","R010000","271799000","1547","CPRD_AURUM"
"317112011","[D]Abnormal involuntary movement NOS","R010z00","260912008","1525","CPRD_AURUM"
"317128018","[D]Muscular incoordination","R013100","39384006","408","CPRD_AURUM"
"317129014","[D]Dysgraphia","R013200","88278002","862","CPRD_AURUM"
"317314018","[D]Apraxia","R046700","68345001","1924","CPRD_AURUM"
"2534255019","[D]Oral apraxia","R046900","361274000","158","CPRD_AURUM"
"2535819010","O/E - dyspraxia","2B53.11","6950007","4713","CPRD_AURUM"
"594821000006117","Coordination disorder (dyspraxia)","E2F4.00","268674003","18808","CPRD_AURUM"
"633391000006114","Dyspraxia syndrome","E2F4.12","6950007","16252","CPRD_AURUM"
"1222485011","[D]Dyskinesia","R013.11","9748009","9202","CPRD_AURUM"
"2537294014","[D]Oral dyspraxia","R046911","361275004","1064","CPRD_AURUM"
"318011017","[X]Other and unspecified abnormal involuntary movements","Ryu3000","260912008","254","CPRD_AURUM"
"318014013","[X]Other and unspecified lack of coordination","Ryu3300","281016006","1424","CPRD_AURUM"
"5528011000006116","Choreic movement","","271700006","0","CPRD_AURUM"
"4772681000006110","Oculomotor apraxia (& Cogan)","","193662007","0","CPRD_AURUM"
"5528001000006119","Choreiform movement","","271700006","0","CPRD_AURUM"
"4567431000006117","On examination - choreiform movement","","163664000","0","CPRD_AURUM"
"4571981000006111","On examination - apraxia","","163931002","0","CPRD_AURUM"
"4571971000006113","O/E - dyspraxia","","163931002","8","CPRD_AURUM"
"1807081000006117","Incoordination","","281016006","44","CPRD_AURUM"
"397975013","Incoordination symptom","1B5..00","267083009","159443","CPRD_AURUM"
"317104015","[D]Abnormal involuntary movements","R010.00","260912008","13727","CPRD_AURUM"
"2474732018","[D]Verbal apraxia","R046800","361276003","112","CPRD_AURUM"
"6221561000006110","Oral dyspraxia","","361275004","47","CPRD_AURUM"
"5498341000006116","Observation of involuntary movement","","267078001","0","CPRD_AURUM"
"12477001000006113","[X]Other and unspecified lack of coordination","","438421000000102","0","CPRD_AURUM"
"317109013","[D]Athetosis, acquired, NOS","R010400","44913001","331","CPRD_AURUM"
"317126019","[D]Lack of coordination","R013.00","281016006","8351","CPRD_AURUM"
"570991000006113","Clumsiness syndrome","E2F4.11","307653008","3047","CPRD_AURUM"
"255258019","O/E - apraxia","2B53.00","163931002","1028","CPRD_AURUM"
"3583761000006114","Hemiballism (abnormal involuntary movements)","","66637005","0","CPRD_AURUM"
"5688891000006115","Difficulty in initiating movement","","284511008","1","CPRD_AURUM"
"2995971000006117","Gait apraxia","","30767006","5","CPRD_AURUM"
"3706641000006111","Apraxia of speech","","74227009","1","CPRD_AURUM"
"4998161000006111","Oral-verbal dyspraxia","","229697008","1","CPRD_AURUM"
"5619261000006118","Speech and language dyspraxias","","278920007","23","CPRD_AURUM"
"4998171000006116","Articulatory dyspraxia","","229698003","1","CPRD_AURUM"
"4998331000006117","Dyspraxia of velopharynx","","229707005","2","CPRD_AURUM"
"5905091000006116","Coordination problem","","302289002","81","CPRD_AURUM"
"4944011000006114","Abnormal movement","","225606002","14","CPRD_AURUM"
"5234951000006115","Irregular eye movements","","246780000","1","CPRD_AURUM"
"5278871000006113","Loss of control of movement","","249961009","1","CPRD_AURUM"
"6221581000006117","Verbal dyspraxia","","361277007","10","CPRD_AURUM"
"5851261000006115","Finding related to coordination / incoordination","","298314008","82","CPRD_AURUM"
"5278891000006114","Uneven movement","","249962002","4","CPRD_AURUM"
"5971581000006119","Abnormal spontaneous eye movements","","307681002","1","CPRD_AURUM"
"4998291000006112","Mixed acquired dyspraxia","","229705002","1","CPRD_AURUM"
