"MEDICAL_CODE_ID","DESCRIPTION","READ_CODE","SNOMED_CT_CODE","FREQUENCY","DATABASE"
"1B2..00","Involuntary movement symptom","1B2..00",,"488","IMRD"
"1B5..00","Incoordination symptom","1B5..00",,"32999","IMRD"
"2972.00","O/E - choreiform movement","2972.00",,"467","IMRD"
"2B53.00","O/E - apraxia","2B53.00",,"144","IMRD"
"2B53.11","O/E - dyspraxia","2B53.11",,"1031","IMRD"
"2B54.00","O/E - agraphia","2B54.00",,"26","IMRD"
"E2F4.00","Coordination disorder (dyspraxia)","E2F4.00",,"2273","IMRD"
"E2F4.11","Clumsiness syndrome","E2F4.11",,"1300","IMRD"
"E2F4.12","Dyspraxia syndrome","E2F4.12",,"3715","IMRD"
"Eu82.13","[X]Developmental dyspraxia","Eu82.13",,"960","IMRD"
"F483500","Oculomotor apraxia","F483500",,"131","IMRD"
"F483511","Oculomotor apraxia - Cogan type","F483511",,"19","IMRD"
"F483512","Oculomotor dyspraxia","F483512",,"27","IMRD"
"R010.00","[D]Abnormal involuntary movements","R010.00",,"6954","IMRD"
"R010000","[D]Head movements abnormal","R010000",,"303","IMRD"
"R010400","[D]Athetosis, acquired, NOS","R010400",,"193","IMRD"
"R010z00","[D]Abnormal involuntary movement NOS","R010z00",,"387","IMRD"
"R013.00","[D]Lack of coordination","R013.00",,"1732","IMRD"
"R013.11","[D]Dyskinesia","R013.11",,"2629","IMRD"
"R013100","[D]Muscular incoordination","R013100",,"95","IMRD"
"R013200","[D]Dysgraphia","R013200",,"210","IMRD"
"R013z00","[D]Incoordination NOS","R013z00",,"1785","IMRD"
"R046700","[D]Apraxia","R046700",,"213","IMRD"
"R046800","[D]Verbal apraxia","R046800",,"10","IMRD"
"R046900","[D]Oral apraxia","R046900",,"40","IMRD"
"R046911","[D]Oral dyspraxia","R046911",,"126","IMRD"
"Ryu3000","[X]Other and unspecified abnormal involuntary movements","Ryu3000",,"8","IMRD"
"Ryu3300","[X]Other and unspecified lack of coordination","Ryu3300",,"17","IMRD"
"SJ7x000","Neurapraxia","SJ7x000",,"797","IMRD"
"Z7E2.00","Incoordination","Z7E2.00",,"52","IMRD"
"Z7E2100","Muscular incoordination","Z7E2100",,"36","IMRD"
"Z7E5100","Apraxia","Z7E5100",,"357","IMRD"
"Z7E5111","Dyspraxia","Z7E5111",,"6661","IMRD"
"Z7E5200","Gestural apraxia","Z7E5200",,"1","IMRD"
"Z7E8.00","Coordination problem","Z7E8.00",,"933","IMRD"
"ZR1S.00","Apraxia battery for adults","ZR1S.00",,"0","IMRD"
"ZS5..00","Speech and language dyspraxias","ZS5..00",,"58","IMRD"
"ZS51.00","Apraxia of speech","ZS51.00",,"13","IMRD"
"ZS52.00","Oral dyspraxia","ZS52.00",,"56","IMRD"
"ZS52.11","Oral apraxia","ZS52.11",,"2","IMRD"
"ZS53.00","Verbal dyspraxia","ZS53.00",,"256","IMRD"
"ZS53.11","Verbal apraxia","ZS53.11",,"2","IMRD"
"ZS54.00","Oral-verbal dyspraxia","ZS54.00",,"7","IMRD"
"ZS55.00","Articulatory dyspraxia","ZS55.00",,"44","IMRD"
"ZS55.11","Articulatory apraxia","ZS55.11",,"0","IMRD"
"ZS57.00","Dyspraxia of velopharynx","ZS57.00",,"8","IMRD"
"ZS58.00","Velar dyspraxia","ZS58.00",,"0","IMRD"
"ZS59.00","Tongue tip dyspraxia","ZS59.00",,"25","IMRD"
