"MEDICAL_CODE_ID","DESCRIPTION","READ_CODE","SNOMED_CT_CODE","FREQUENCY","DATABASE"
"1593.00","H/O: stress incontinence","1593.00",,"16015","IMRD"
"16F..00","Double incontinence","16F..00",,"8378","IMRD"
"16F0.00","Functional urinary and faecal incontinence","16F0.00",,"46","IMRD"
"1A23.00","Incontinence of urine","1A23.00",,"234720","IMRD"
"1A23000","Functional urinary incontinence","1A23000",,"44","IMRD"
"1A24.00","Stress incontinence","1A24.00",,"109309","IMRD"
"1A24.11","Stress incontinence - symptom","1A24.11",,"73156","IMRD"
"1A26.00","Urge incontinence of urine","1A26.00",,"73968","IMRD"
"317A.00","Pad test for incontinence","317A.00",,"58","IMRD"
"8HTX.00","Referral to incontinence clinic","8HTX.00",,"14803","IMRD"
"K198.00","Stress incontinence","K198.00",,"20356","IMRD"
"K586.00","Stress incontinence - female","K586.00",,"28578","IMRD"
"Kyu5A00","[X]Other specified urinary incontinence","Kyu5A00",,"546","IMRD"
"R083.00","[D]Incontinence of urine","R083.00",,"88825","IMRD"
"R083100","[D]Urethral sphincter incontinence","R083100",,"580","IMRD"
"R083200","[D] Urge incontinence","R083200",,"7214","IMRD"
"R083z00","[D]Incontinence of urine NOS","R083z00",,"3418","IMRD"
