"MEDICAL_CODE_ID","DESCRIPTION","READ_CODE","SNOMED_CT_CODE","FREQUENCY","DATABASE"
"208692015","Functional urinary incontinence","1A23000","129847007","1571","CPRD_AURUM"
"208698016","Total urinary incontinence","","129853007","381","CPRD_AURUM"
"252112018","H/O: stress incontinence","1593.00","161794005","18898","CPRD_AURUM"
"507635014","Urge incontinence of urine","1A26.00","87557004","209196","CPRD_AURUM"
"1777475010","Overflow incontinence of urine","","397878005","241","CPRD_AURUM"
"2533410015","Referral to incontinence clinic","8HTX.00","415274007","73350","CPRD_AURUM"
"2695613010","Referral to enuresis clinic","8HTt.00","428574006","16799","CPRD_AURUM"
"3035332015","Mixed urinary incontinence","","413343005","10678","CPRD_AURUM"
"15611000033114","Incontinence Sheaths","","15611000033105","0","CPRD_AURUM"
"15711000033115","Incontinence Sheath Fixing Strips & Adhes.","","15711000033104","0","CPRD_AURUM"
"41211000033119","Urinary Frequency,Nocturnal Enuresis,And Incontinence","","41211000033103","0","CPRD_AURUM"
"448721000033117","Incontinence Sheath Fixing Tape","","448721000033101","0","CPRD_AURUM"
"448921000033115","Incontinence Sheath Holder","","448921000033104","0","CPRD_AURUM"
"450121000033118","Incontinence Sheath Collar","","450121000033102","0","CPRD_AURUM"
"669821000033114","Incontinence Sheath","","669821000033105","0","CPRD_AURUM"
"691921000033116","Incontinence Drainage Bags","","691921000033100","0","CPRD_AURUM"
"698921000033110","Incontinence Bags","","698921000033106","0","CPRD_AURUM"
"741921000033115","Incontinence Belt","","741921000033104","0","CPRD_AURUM"
"770421000033118","Stoma/Incontinence Adhesive","","770421000033102","0","CPRD_AURUM"
"908931000006111","[RFC] Incontinence both urinary & bowel","","908931000006107","7969","CPRD_AURUM"
"917531000006118","Bladder: urge incontinence","","917531000006102","410","CPRD_AURUM"
"917541000006111","Bladder: faecal incontinence","","917541000006107","125","CPRD_AURUM"
"917551000006113","Bladder: incontinence due to childbirth","","917551000006109","5","CPRD_AURUM"
"917561000006110","Bladder: incontinence due to prolapse","","917561000006106","7","CPRD_AURUM"
"917571000006115","Bladder: overflow incontinence","","917571000006104","161","CPRD_AURUM"
"917581000006117","Bladder: functional incontinence","","917581000006101","21","CPRD_AURUM"
"918171000006114","Stress incontinence","","918171000006105","28","CPRD_AURUM"
"918181000006112","Urge incontinence of urine","","918181000006108","1248","CPRD_AURUM"
"961981000006117","Incontinent of urine","","961981000006101","1085","CPRD_AURUM"
"1012341000006111","Adverse reaction to Incontinence Sheath Fixing Strips & Adhes.","","1012341000006107","0","CPRD_AURUM"
"1014151000006116","Adverse reaction to Urinary Frequency,Nocturnal Enuresis,And Incontinence","","1014151000006100","71","CPRD_AURUM"
"1124371000006114","Adverse reaction to Incontinence Sheath Fixing Tape","","1124371000006105","1","CPRD_AURUM"
"1124381000006112","Adverse reaction to Incontinence Sheath Holder","","1124381000006108","0","CPRD_AURUM"
"1125781000006110","Adverse reaction to Incontinence Anal Plug","","1125781000006106","0","CPRD_AURUM"
"1127451000006119","Adverse reaction to Incontinence Sheaths","","1127451000006103","0","CPRD_AURUM"
"1127551000006118","Adverse reaction to Incontinence Sheath","","1127551000006102","2","CPRD_AURUM"
"1140871000006113","Adverse reaction to Incontinence Bags","","1140871000006109","0","CPRD_AURUM"
"1936401000006116","Bladder: incontinence protection worn","","1936401000006100","485","CPRD_AURUM"
"1936421000006114","Bladder: incontinence protection not worn","","1936421000006105","124","CPRD_AURUM"
"1936521000006113","Degree of urinary incontinence","","1936521000006109","268","CPRD_AURUM"
"1936541000006118","Degree of urinary incontinence: moderate","","1936541000006102","62","CPRD_AURUM"
"1936551000006116","Degree of urinary incontinence: severe","","1936551000006100","18","CPRD_AURUM"
"1936691000006114","Postural urinary incontinence","","236665004","19","CPRD_AURUM"
"1936711000006112","Incontinence of urine during sexual intercourse","","1936711000006108","9","CPRD_AURUM"
"1936721000006116","Incontinence of urine during exercise","","1936721000006100","17","CPRD_AURUM"
"1936731000006118","Stress urinary incontinence at rest","","1936731000006102","274","CPRD_AURUM"
"2373691000000119","Functional urinary and faecal incontinence","16F0.00","925701000000107","2967","CPRD_AURUM"
"305212011","[X]Other specified urinary incontinence","Kyu5A00","165232002","4668","CPRD_AURUM"
"317523016","[D]Incontinence of urine","R083.00","165232002","149765","CPRD_AURUM"
"317525011","[D]Urethral sphincter incontinence","R083100","165232002","3848","CPRD_AURUM"
"121721000006114","Stress incontinence","1A24.00","22220005","335647","CPRD_AURUM"
"121741000006119","Stress incontinence - female","K586.00","60241006","253073","CPRD_AURUM"
"121751000006117","Stress incontinence - symptom","1A24.11","22220005","74758","CPRD_AURUM"
"781731000006114","Incontinence control","8D7..12","266826009","778","CPRD_AURUM"
"2854061000006110","GSI - Genuine stress incontinence","","22220005","0","CPRD_AURUM"
"4431911000006111","Urinary incontinence with continuous leakage","","129853007","0","CPRD_AURUM"
"4544171000006112","History of stress incontinence","","161794005","0","CPRD_AURUM"
"2854031000006118","Incontinence when straining","","22220005","1","CPRD_AURUM"
"4590261000006110","Absence of bladder continence","","165232002","0","CPRD_AURUM"
"2854001000006114","Genuine stress incontinence","","22220005","2588","CPRD_AURUM"
"5269551000006117","Passive incontinence","","249284009","0","CPRD_AURUM"
"3776301000006110","Total incontinence","","78459008","0","CPRD_AURUM"
"2854041000006111","SI - Stress incontinence","","22220005","19","CPRD_AURUM"
"4590211000006112","Unable to hold urine","","165232002","1","CPRD_AURUM"
"6839981000006117","Mixed incontinence","","413343005","6","CPRD_AURUM"
"2854021000006116","Stress bladder incontinence","","22220005","3","CPRD_AURUM"
"3469191000006110","Surgical repair of urinary stress incontinence","","59661004","0","CPRD_AURUM"
"2854071000006115","Stress urinary incontinence","","22220005","26","CPRD_AURUM"
"3572111000006110","Repair of stress incontinence by suprapubic sling","","65935005","26","CPRD_AURUM"
"4590251000006113","UI - Urinary incontinence","","165232002","0","CPRD_AURUM"
"4590221000006116","Lack of bladder control","","165232002","8","CPRD_AURUM"
"2854051000006113","Urinary stress incontinence","","22220005","9","CPRD_AURUM"
"2627801000006115","Nocturnal incontinence of urine","","8009008","16","CPRD_AURUM"
"4590201000006114","Unable to control bladder","","165232002","1","CPRD_AURUM"
"4590281000006117","Loss of bladder control","","165232002","5","CPRD_AURUM"
"3923191000006117","Lack of bladder control if desire resisted","","87557004","0","CPRD_AURUM"
"6026151000006118","Provision of enuresis alarm","","313125000","2","CPRD_AURUM"
"3634099016","International Consultation on Incontinence Questionnaire-Urinary Incontinence-Short Form score","","761871008","0","CPRD_AURUM"
"6594181000006112","Paradoxic incontinence","","397878005","0","CPRD_AURUM"
"317527015","[D]Incontinence of urine NOS","R083z00","165232002","14154","CPRD_AURUM"
"933341000006116","Urinary incontin/sling opn.NOS","7B30z99","560561000000106","14","CPRD_AURUM"
"1936531000006111","Degree of urinary incontinence: mild","","1936531000006107","127","CPRD_AURUM"
"1936781000006117","Leaks urine all the time","","1936781000006101","62","CPRD_AURUM"
"1124351000006116","Adverse reaction to Incontinence Sheath Fixing Strips","","1124351000006100","0","CPRD_AURUM"
"1124421000006119","Adverse reaction to Incontinence Sheath Collar","","1124421000006103","0","CPRD_AURUM"
"1149751000000114","Seen in enuresis clinic","9No6.00","516331000000107","6394","CPRD_AURUM"
"1012331000006118","Adverse reaction to Incontinence Sheaths","","1012331000006102","3","CPRD_AURUM"
"932491000006110","Urinary incontinence/sling opn","7B35y99","14861000","21","CPRD_AURUM"
"868001000006114","Urinary incontinence/sling opn","7B31.99","176220008","128","CPRD_AURUM"
"354736014","Giggle incontinence of urine","","236660009","401","CPRD_AURUM"
"317526012","[D] Urge incontinence","R083200","87557004","43469","CPRD_AURUM"
"3572121000006119","Repair of stress incontinence by urethrovesical suspension","","65935005","0","CPRD_AURUM"
"4590161000006115","Unable to prevent bladder emptying","","165232002","0","CPRD_AURUM"
"4590291000006119","Weak bladder","","165232002","15","CPRD_AURUM"
"3923211000006116","Urge urinary incontinence","","87557004","24","CPRD_AURUM"
"1936681000006111","Sneezing incontinence of urine","","1936681000006107","6","CPRD_AURUM"
"1936701000006114","Incontinence of urine on walking","","1936701000006105","3","CPRD_AURUM"
"663721000033119","Incontinence Sheaths","","663721000033103","0","CPRD_AURUM"
"448321000033116","Incontinence Sheath Fixing Strips","","448321000033100","0","CPRD_AURUM"
"503840017","Double incontinence","16F..00","78459008","43292","CPRD_AURUM"
"1494848017","Incontinence of urine","1A23.00","165232002","776037","CPRD_AURUM"
"256950013","Bladder: incontinent","3940.00","165232002","93388","CPRD_AURUM"
"37299019","Stress incontinence","K198.00","22220005","33428","CPRD_AURUM"
"515171000006110","Bladder-incontinence assessmnt","394..11","281046009","3699","CPRD_AURUM"
"867981000006119","Urinary incontin/sling opn.NOS","7B3..98","287775004","112","CPRD_AURUM"
"3469181000006112","Repair of urinary stress incontinence","","59661004","1","CPRD_AURUM"
"3776311000006113","Double incontinence - urine and stool","","78459008","1","CPRD_AURUM"
"3923201000006119","Lack of bladder control if desire urgent","","87557004","1","CPRD_AURUM"
"1936661000006118","Coughing incontinence of urine","","1936661000006102","343","CPRD_AURUM"
"1936761000006110","Suspected overflow incontinence of urine","","1936761000006106","7","CPRD_AURUM"
"4590241000006111","Unable to hold fluids","","165232002","0","CPRD_AURUM"
"4590231000006118","Involuntary urination","","165232002","1","CPRD_AURUM"
"908921000006113","[RFC] Urinary incontinence","","908921000006109","118868","CPRD_AURUM"
"917511000006112","Stress incontinence","","917511000006108","56","CPRD_AURUM"
"5727211000006111","Urinary incontinence/sling operation","","287775004","10","CPRD_AURUM"
"4590181000006113","Leaking of urine","","165232002","26","CPRD_AURUM"
"3478371000006111","Female urinary stress incontinence","","60241006","0","CPRD_AURUM"
"4590271000006115","Bladder incontinence","","165232002","3","CPRD_AURUM"
"4590171000006110","Urine incontinence","","165232002","18","CPRD_AURUM"
"3978561000006114","Reflex incontinence of urine","","90987003","2","CPRD_AURUM"
"5097221000006114","Cough - urge incontinence of urine","","236659004","11","CPRD_AURUM"
"8264231000006119","Number of urinary incontinence episodes in 24 hours","","816271000000103","2","CPRD_AURUM"
"6342721000006113","Urinary incontinence due to urethral sphincter incompetence","","370555000","1","CPRD_AURUM"
"2638891000006111","Diurnal only enuresis","","8702009","90","CPRD_AURUM"
"8282421000006110","Sneezing incontinence of urine","","840841000000103","16","CPRD_AURUM"
"7383961000006119","Intermittent urinary incontinence","","450841000","2","CPRD_AURUM"
"5097251000006117","Post-micturition incontinence","","236664000","21","CPRD_AURUM"
"3598191000006110","Leakage of urine","","67502006","6","CPRD_AURUM"
"3282081000006116","Incontinence","","48340000","50","CPRD_AURUM"
