"MEDICAL_CODE_ID","DESCRIPTION","READ_CODE","SNOMED_CT_CODE","FREQUENCY","DATABASE"
"1929","Stress incontinence","1A24.00",,"146174","CPRD_GOLD"
"3182","Stress incontinence","K198.00",,"21961","CPRD_GOLD"
"3283","[D]Incontinence of urine","R083.00",,"122346","CPRD_GOLD"
"3887","Urge incontinence of urine","1A26.00",,"83275","CPRD_GOLD"
"5196","Double incontinence","16F..00",,"9547","CPRD_GOLD"
"5844","Stress incontinence - symptom","1A24.11",,"81141","CPRD_GOLD"
"6161","Incontinence of urine","1A23.00",,"261813","CPRD_GOLD"
"13424","Bladder-incontinence assessmnt","394..11",,"3015","CPRD_GOLD"
"15400","[D]Incontinence of urine NOS","R083z00",,"3795","CPRD_GOLD"
"15555","[D]Incontinence of faeces NOS","R076z00",,"4734","CPRD_GOLD"
"15918","H/O: stress incontinence","1593.00",,"16332","CPRD_GOLD"
"17320","[D] Urge incontinence","R083200",,"8084","CPRD_GOLD"
"17620","Stress incontinence - female","K586.00",,"31675","CPRD_GOLD"
"25899","Referral to incontinence clinic","8HTX.00",,"16551","CPRD_GOLD"
"31220","[D]Urethral sphincter incontinence","R083100",,"538","CPRD_GOLD"
"52763","[X]Other specified urinary incontinence","Kyu5A00",,"675","CPRD_GOLD"
"109624","Functional urinary and faecal incontinence","16F0.00",,"65","CPRD_GOLD"
"110001","Functional urinary incontinence","1A23000",,"35","CPRD_GOLD"
