"MEDICAL_CODE_ID","DESCRIPTION","READ_CODE","SNOMED_CT_CODE","FREQUENCY","DATABASE"
"1C9..00","Sore throat symptom","1C9..00",,"3027738","IMRD"
"1C92.00","Has a sore throat","1C92.00",,"81114","IMRD"
"1C93.00","Persistent sore throat","1C93.00",,"3156","IMRD"
"1C9Z.00","Sore throat symptom NOS","1C9Z.00",,"21503","IMRD"
"2DC3.00","Inflamed throat","2DC3.00",,"69313","IMRD"
"A34..00","Streptococcal sore throat and scarlatina","A34..00",,"246","IMRD"
"A340.00","Streptococcal sore throat","A340.00",,"24650","IMRD"
"A340z00","Streptococcal sore throat NOS","A340z00",,"545","IMRD"
"A34z.00","Streptococcal sore throat with scarlatina NOS","A34z.00",,"69","IMRD"
"H00..00","Acute nasopharyngitis","H00..00",,"131326","IMRD"
"H02..00","Acute pharyngitis","H02..00",,"920358","IMRD"
"H02..11","Sore throat NOS","H02..11",,"177937","IMRD"
"H02..12","Viral sore throat NOS","H02..12",,"35783","IMRD"
"H02..13","Throat infection - pharyngitis","H02..13",,"264223","IMRD"
"H023.00","Acute bacterial pharyngitis","H023.00",,"5664","IMRD"
"H024.00","Acute viral pharyngitis","H024.00",,"34018","IMRD"
"H025.00","Allergic pharyngitis","H025.00",,"1026","IMRD"
"H02z.00","Acute pharyngitis NOS","H02z.00",,"161964","IMRD"
"H121.00","Chronic pharyngitis","H121.00",,"10006","IMRD"
"H121.11","Sore throat - chronic","H121.11",,"6654","IMRD"
"H121000","Simple chronic pharyngitis","H121000",,"135","IMRD"
"H121z00","Chronic pharyngitis NOS","H121z00",,"1009","IMRD"
"H122.00","Chronic nasopharyngitis","H122.00",,"6265","IMRD"
"H12z.00","Chronic pharyngitis and nasopharyngitis NOS","H12z.00",,"20","IMRD"
