"MEDICAL_CODE_ID","DESCRIPTION","READ_CODE","SNOMED_CT_CODE","FREQUENCY","DATABASE"
"310","Throat infection - pharyngitis","H02..13",,"386729","CPRD_GOLD"
"407","Acute pharyngitis NOS","H02z.00",,"209071","CPRD_GOLD"
"893","Acute pharyngitis","H02..00",,"965786","CPRD_GOLD"
"1765","Streptococcal sore throat","A340.00",,"30166","CPRD_GOLD"
"3260","Acute nasopharyngitis","H00..00",,"126776","CPRD_GOLD"
"4324","Chronic pharyngitis","H121.00",,"11825","CPRD_GOLD"
"5553","Has a sore throat","1C92.00",,"72096","CPRD_GOLD"
"5755","Sore throat symptom","1C9..00",,"3289088","CPRD_GOLD"
"6014","Sore throat NOS","H02..11",,"196764","CPRD_GOLD"
"6466","Viral sore throat NOS","H02..12",,"41644","CPRD_GOLD"
"12489","Persistent sore throat","1C93.00",,"3549","CPRD_GOLD"
"14926","Chronic pharyngitis NOS","H121z00",,"1981","CPRD_GOLD"
"15287","Sore throat symptom NOS","1C9Z.00",,"23937","CPRD_GOLD"
"16184","Streptococcal sore throat with scarlatina NOS","A34z.00",,"91","CPRD_GOLD"
"16217","Streptococcal sore throat NOS","A340z00",,"513","CPRD_GOLD"
"16814","Sore throat - chronic","H121.11",,"7420","CPRD_GOLD"
"54777","Streptococcal sore throat and scarlatina","A34..00",,"301","CPRD_GOLD"
