"MEDICAL_CODE_ID","DESCRIPTION","READ_CODE","SNOMED_CT_CODE","FREQUENCY","DATABASE"
"253225013","Has a sore throat","1C92.00","162388002","377506","CPRD_AURUM"
"398001015","Sore throat symptom","1C9..00","267102003","5945579","CPRD_AURUM"
"411476019","Sore throat - chronic","H121.11","275488008","11936","CPRD_AURUM"
"411477011","Persistent sore throat","1C93.00","275488008","41034","CPRD_AURUM"
"895331000033113","Tcp Sore Throat","","895331000033109","0","CPRD_AURUM"
"1089831000033115","Strepsils Sore Throat And Blocked Nose","","1089831000033104","0","CPRD_AURUM"
"253227017","Sore throat symptom NOS","1C9Z.00","267102003","193545","CPRD_AURUM"
"139761000006116","Sore throat NOS","H02..11","162397003","1394086","CPRD_AURUM"
"4548281000006110","Sore throat present","","162388002","0","CPRD_AURUM"
"3206351000006111","Septic sore throat","","43878008","2","CPRD_AURUM"
"12721121000006115","Streptococcal sore throat with scarlatina NOS","","538331000000101","0","CPRD_AURUM"
"121591000006115","Streptococcal sore throat and scarlatina","A34..00","186357007","3872","CPRD_AURUM"
"73157016","Streptococcal sore throat","A340.00","43878008","68997","CPRD_AURUM"
"61411000006110","Viral sore throat NOS","H02..12","195662009","215614","CPRD_AURUM"
"2500691000006110","Chronic sore throat","","140004","1","CPRD_AURUM"
"286457014","Streptococcal sore throat NOS","A340z00","43878008","1121","CPRD_AURUM"
"286458016","Streptococcal sore throat with scarlatina NOS","A34z.00","186357007","453","CPRD_AURUM"
