"MEDICAL_CODE_ID","DESCRIPTION","READ_CODE","SNOMED_CT_CODE","FREQUENCY","DATABASE"
"3873661000006112","Idiopathic orthostatic hypotension","","84438001","0","CPRD_AURUM"
"2159245017","Dizziness on standing up","1B55.00","407645004","31583","CPRD_AURUM"
"47966010","Postural hypotension","G870.11","28651003","291345","CPRD_AURUM"
"47965014","Orthostatic hypotension","G870.00","28651003","92098","CPRD_AURUM"
"5010701000006113","Sympathotonic orthostatic hypotension","","230664009","5","CPRD_AURUM"
