"MEDICAL_CODE_ID","DESCRIPTION","READ_CODE","SNOMED_CT_CODE","FREQUENCY","DATABASE"
"182..00","Chest pain","182..00",,"2767864","IMRD"
"1822.00","Central chest pain","1822.00",,"27015","IMRD"
"1823.00","Precordial pain","1823.00",,"6143","IMRD"
"1824.00","Anterior chest wall pain","1824.00",,"42623","IMRD"
"1825.00","Pleuritic pain","1825.00",,"104399","IMRD"
"1826.00","Parasternal pain","1826.00",,"916","IMRD"
"1827.00","Painful breathing -pleurodynia","1827.00",,"1132","IMRD"
"1827.11","Pleurodynia","1827.11",,"3090","IMRD"
"1828.00","Atypical chest pain","1828.00",,"93384","IMRD"
"1829.00","Retrosternal pain","1829.00",,"36281","IMRD"
"182B.00","Rib pain","182B.00",,"256600","IMRD"
"182B000","Costal margin chest pain","182B000",,"6531","IMRD"
"182C.00","Chest wall pain","182C.00",,"33092","IMRD"
"182Z.00","Chest pain NOS","182Z.00",,"25093","IMRD"
"197..14","Subcostal pain","197..14",,"2666","IMRD"
"1973.00","Left subcostal pain","1973.00",,"2999","IMRD"
"1974.00","Right subcostal pain","1974.00",,"10540","IMRD"
"1D22000","Chest wall tenderness","1D22000",,"4298","IMRD"
"A741.00","Epidemic pleurodynia","A741.00",,"951","IMRD"
"H501400","Purulent pleurisy","H501400",,"93","IMRD"
"H51..00","Pleurisy","H51..00",,"95949","IMRD"
"H510300","Acute dry pleurisy","H510300",,"122","IMRD"
"H510400","Diaphragmatic pleurisy","H510400",,"62","IMRD"
"H510500","Basal pleurisy","H510500",,"284","IMRD"
"H510600","Chronic dry pleurisy","H510600",,"2","IMRD"
"H510700","Fibrinous pleurisy","H510700",,"57","IMRD"
"H510800","Sterile pleurisy","H510800",,"8","IMRD"
"H510z00","Pleurisy without effusion or active tuberculosis NOS","H510z00",,"143","IMRD"
"H51y000","Encysted pleurisy","H51y000",,"11","IMRD"
"H51z100","Serofibrinous pleurisy NOS","H51z100",,"7","IMRD"
"H51z200","Serous pleurisy NOS","H51z200",,"14","IMRD"
"N241011","Intercostal myalgia","N241011",,"14757","IMRD"
"N30z811","Costochondritis NOS","N30z811",,"91195","IMRD"
"N336.11","Costochondral joint syndrome","N336.11",,"39352","IMRD"
"N33zE00","Costochondritis","N33zE00",,"40328","IMRD"
"N33zz11","Costochondritis NOS","N33zz11",,"1003","IMRD"
"R065.00","[D]Chest pain","R065.00",,"86764","IMRD"
"R065000","[D]Chest pain, unspecified","R065000",,"7680","IMRD"
"R065011","[D] Retrosternal chest pain","R065011",,"376","IMRD"
"R065100","[D]Precordial pain","R065100",,"2220","IMRD"
"R065200","[D]Anterior chest wall pain","R065200",,"47414","IMRD"
"R065300","[D]Painful respiration NOS","R065300",,"1645","IMRD"
"R065400","[D]Pleuritic pain","R065400",,"4823","IMRD"
"R065500","[D]Pleurodynia","R065500",,"466","IMRD"
"R065600","[D]Chest discomfort","R065600",,"60838","IMRD"
"R065700","[D]Chest pressure","R065700",,"1086","IMRD"
"R065800","[D]Chest tightness","R065800",,"156284","IMRD"
"R065900","[D]Parasternal chest pain","R065900",,"1082","IMRD"
"R065A00","[D]Musculoskeletal chest pain","R065A00",,"271273","IMRD"
"R065B00","[D]Non cardiac chest pain","R065B00",,"12335","IMRD"
"R065B14","[D]Non-cardiac chest pain","R065B14",,"7479","IMRD"
"R065C00","[D]Retrosternal chest pain","R065C00",,"1875","IMRD"
"R065D00","[D]Central chest pain","R065D00",,"599","IMRD"
"R065z00","[D]Chest pain NOS","R065z00",,"53420","IMRD"
"Ryu0400","[X]Other chest pain","Ryu0400",,"370","IMRD"
