"MEDICAL_CODE_ID","DESCRIPTION","READ_CODE","SNOMED_CT_CODE","FREQUENCY","DATABASE"
"4871019","Pleurodynia","1827.11","2237002","3484","CPRD_AURUM"
"4874010","Pleuritic pain","1825.00","2237002","281023","CPRD_AURUM"
"119447018","Precordial pain","1823.00","71884009","21504","CPRD_AURUM"
"128069014","Fibrinous pleurisy","H510700","77138008","256","CPRD_AURUM"
"138087018","Epidemic pleurodynia","A741.00","83264000","3099","CPRD_AURUM"
"165907014","Chest wall pain","182C.00","102588006","274035","CPRD_AURUM"
"165908016","Atypical chest pain","1828.00","102589003","701362","CPRD_AURUM"
"252446012","Anterior chest wall pain","1824.00","161973001","164426","CPRD_AURUM"
"252450017","Costal margin chest pain","182B000","161977000","25587","CPRD_AURUM"
"252586019","Right subcostal pain","1974.00","162048001","35849","CPRD_AURUM"
"301644013","Pleurisy","H51..00","196075003","232483","CPRD_AURUM"
"301647018","Acute dry pleurisy","H510300","196077006","1296","CPRD_AURUM"
"301650015","Basal pleurisy","H510500","196079009","1273","CPRD_AURUM"
"301651016","Chronic dry pleurisy","H510600","196080007","52","CPRD_AURUM"
"481328013","Painful breathing -pleurodynia","1827.00","2237002","6486","CPRD_AURUM"
"1231843013","Purulent pleurisy","H501400","58554001","148","CPRD_AURUM"
"940521000006112","H/O: chest pain","","940521000006108","791","CPRD_AURUM"
"1948711000006114","Chest pain relieved by rest","","1948711000006105","17","CPRD_AURUM"
"301656014","Pleurisy without effusion or active tuberculosis NOS","H510z00","196076002","207","CPRD_AURUM"
"301670014","Serofibrinous pleurisy NOS","H51z100","196075003","20","CPRD_AURUM"
"301671013","Serous pleurisy NOS","H51z200","196075003","19","CPRD_AURUM"
"317422012","[D]Chest pain","R065.00","29857009","425690","CPRD_AURUM"
"317426010","[D]Precordial pain","R065100","71884009","14450","CPRD_AURUM"
"317427018","[D]Anterior chest wall pain","R065200","161973001","55040","CPRD_AURUM"
"317428011","[D]Painful respiration NOS","R065300","75483001","5795","CPRD_AURUM"
"317436019","[D]Non-cardiac chest pain","R065B14","274668005","61174","CPRD_AURUM"
"317995013","[X]Other chest pain","Ryu0400","29857009","4983","CPRD_AURUM"
"451468015","[D]Retrosternal chest pain","R065C00","4568003","7639","CPRD_AURUM"
"457333014","[D]Central chest pain","R065D00","161972006","3114","CPRD_AURUM"
"222191000000111","[D] Retrosternal chest pain","R065011","4568003","12160","CPRD_AURUM"
"300001000006113","[D]Non cardiac chest pain","R065B00","274668005","85680","CPRD_AURUM"
"317432017","[D]Chest pressure","R065700","23924001","6808","CPRD_AURUM"
"3458791000006114","Anginal chest pain at rest","","59021001","1","CPRD_AURUM"
"5056491000006117","Chest pain with normal coronary angiography","","233845001","55","CPRD_AURUM"
"3854971000006111","Epidemic benign dry pleurisy","","83264000","0","CPRD_AURUM"
"3754521000006119","Fibrinous pleuritis","","77138008","0","CPRD_AURUM"
"437698016","Rib pain","182B.00","297217002","558854","CPRD_AURUM"
"301652011","Sterile pleurisy","H510800","196081006","30","CPRD_AURUM"
"158058014","Intercostal myalgia","N241011","95421005","32038","CPRD_AURUM"
"317429015","[D]Pleuritic pain","R065400","2237002","27527","CPRD_AURUM"
"598311000006112","Costochondral joint syndrome","N336.11","64109004","30828","CPRD_AURUM"
"598331000006118","Costochondritis NOS","N30z811","64109004","86862","CPRD_AURUM"
"317434016","[D]Parasternal chest pain","R065900","161974007","8915","CPRD_AURUM"
"317435015","[D]Musculoskeletal chest pain","R065A00","281245003","1337926","CPRD_AURUM"
"317439014","[D]Chest pain NOS","R065z00","29857009","72626","CPRD_AURUM"
"494319014","Retrosternal pain","1829.00","4568003","78256","CPRD_AURUM"
"369360011","Subcostal pain","197..14","247352008","4932","CPRD_AURUM"
"49966017","Chest pain","182..00","29857009","5361473","CPRD_AURUM"
"252445011","Central chest pain","1822.00","161972006","136987","CPRD_AURUM"
"252447015","Parasternal pain","1826.00","161974007","4504","CPRD_AURUM"
"359759017","Costochondritis NOS","N33zz11","64109004","13404","CPRD_AURUM"
"5565191000006114","Noncardiac chest pain","","274668005","20","CPRD_AURUM"
"252451018","Chest pain NOS","182Z.00","29857009","135896","CPRD_AURUM"
"317431012","[D]Chest discomfort","R065600","279084009","142806","CPRD_AURUM"
"1984041000006114","Manchester triage - Chest pain","","1984041000006105","138","CPRD_AURUM"
"251922014","Chest wall tenderness","1D22000","102591006","25225","CPRD_AURUM"
"252585015","Left subcostal pain","1973.00","162047006","12858","CPRD_AURUM"
"22395010","Diaphragmatic pleurisy","H510400","13082000","239","CPRD_AURUM"
"106571018","Costochondritis","N33zE00","64109004","348515","CPRD_AURUM"
"406061010","[D]Chest pain, unspecified","R065000","29857009","76939","CPRD_AURUM"
"317433010","[D]Chest tightness","R065800","23924001","390198","CPRD_AURUM"
"4782151000006119","Pleuritis","","196075003","2","CPRD_AURUM"
"317430013","[D]Pleurodynia","R065500","2237002","1861","CPRD_AURUM"
"5620421000006110","Central crushing chest pain","","279019008","11","CPRD_AURUM"
"7058451000006114","Cardiac chest pain","","426396005","3","CPRD_AURUM"
"2659271000006119","Radiating chest pain","","10000006","4","CPRD_AURUM"
"3460721000006115","Crushing chest pain","","59139008","8","CPRD_AURUM"
"5700641000006117","Right sided chest pain","","285386001","76","CPRD_AURUM"
"2647881000006110","Chest pain at rest","","9267009","1","CPRD_AURUM"
"4077381000006116","Acute chest pain","","102587001","2","CPRD_AURUM"
"9882271000006118","History of chest pain","","16089411000119109","51","CPRD_AURUM"
"7988031000006111","Anterior pleuritic pain","","7921000119104","1","CPRD_AURUM"
"3515763015","Intercostal pain","","735940001","1","CPRD_AURUM"
"5700631000006110","Left sided chest pain","","285385002","183","CPRD_AURUM"
"5565131000006110","Chest pain on breathing","","274664007","34","CPRD_AURUM"
"5700671000006113","Upper chest pain","","285389008","54","CPRD_AURUM"
"8030491000006111","Localized chest pain","","97001000119106","1","CPRD_AURUM"
"8030481000006113","Localised chest pain","","97001000119106","1","CPRD_AURUM"
