"MEDICAL_CODE_ID","DESCRIPTION","READ_CODE","SNOMED_CT_CODE","FREQUENCY","DATABASE"
"374","Chest pain","182..00",,"3389708","CPRD_GOLD"
"544","[D]Chest pain, unspecified","R065000",,"9143","CPRD_GOLD"
"726","Atypical chest pain","1828.00",,"110108","CPRD_GOLD"
"978","Pleurisy","H51..00",,"115745","CPRD_GOLD"
"1059","Pleuritic pain","1825.00",,"130807","CPRD_GOLD"
"1228","Retrosternal pain","1829.00",,"43581","CPRD_GOLD"
"1270","[D]Chest tightness","R065800",,"188859","CPRD_GOLD"
"1283","Pleurodynia","1827.11",,"4163","CPRD_GOLD"
"1865","Precordial pain","1823.00",,"7505","CPRD_GOLD"
"2222","Costochondritis","N33zE00",,"44943","CPRD_GOLD"
"2451","Costochondral joint syndrome","N336.11",,"48926","CPRD_GOLD"
"2519","Rib pain","182B.00",,"291776","CPRD_GOLD"
"2584","[D]Chest pain","R065.00",,"99829","CPRD_GOLD"
"3518","[D]Musculoskeletal chest pain","R065A00",,"309018","CPRD_GOLD"
"3796","[D]Chest pain NOS","R065z00",,"64652","CPRD_GOLD"
"6357","Subcostal pain","197..14",,"3298","CPRD_GOLD"
"6826","Costochondritis NOS","N30z811",,"100058","CPRD_GOLD"
"7346","Central chest pain","1822.00",,"24562","CPRD_GOLD"
"7844","[D]Non-cardiac chest pain","R065B14",,"8769","CPRD_GOLD"
"7878","[D]Chest discomfort","R065600",,"67173","CPRD_GOLD"
"8349","Costal margin chest pain","182B000",,"8230","CPRD_GOLD"
"9340","[D]Non cardiac chest pain","R065B00",,"15604","CPRD_GOLD"
"9698","Anterior chest wall pain","1824.00",,"42191","CPRD_GOLD"
"10370","Chest pain NOS","182Z.00",,"28775","CPRD_GOLD"
"14819","[D]Painful respiration NOS","R065300",,"1962","CPRD_GOLD"
"14823","[D]Anterior chest wall pain","R065200",,"61090","CPRD_GOLD"
"14969","Intercostal myalgia","N241011",,"16006","CPRD_GOLD"
"15528","[D]Chest pressure","R065700",,"1597","CPRD_GOLD"
"18183","[D]Pleuritic pain","R065400",,"5465","CPRD_GOLD"
"19199","[D]Parasternal chest pain","R065900",,"1109","CPRD_GOLD"
"19207","Acute dry pleurisy","H510300",,"175","CPRD_GOLD"
"20481","[D]Precordial pain","R065100",,"2113","CPRD_GOLD"
"20490","Painful breathing -pleurodynia","1827.00",,"1061","CPRD_GOLD"
"21082","[D]Retrosternal chest pain","R065C00",,"2053","CPRD_GOLD"
"23322","Epidemic pleurodynia","A741.00",,"783","CPRD_GOLD"
"23482","Pleurisy without effusion or active tuberculosis","H510.00",,"442","CPRD_GOLD"
"23872","Left subcostal pain","1973.00",,"2830","CPRD_GOLD"
"24321","Chest wall tenderness","1D22000",,"4918","CPRD_GOLD"
"24704","Chest wall pain","182C.00",,"41961","CPRD_GOLD"
"24761","[D]Pleurodynia","R065500",,"463","CPRD_GOLD"
"24821","Right subcostal pain","1974.00",,"9836","CPRD_GOLD"
"29490","[D] Retrosternal chest pain","R065011",,"445","CPRD_GOLD"
"32612","Parasternal pain","1826.00",,"769","CPRD_GOLD"
"37599","Basal pleurisy","H510500",,"327","CPRD_GOLD"
"40819","Diaphragmatic pleurisy","H510400",,"73","CPRD_GOLD"
"47354","Fibrinous pleurisy","H510700",,"54","CPRD_GOLD"
"49452","Purulent pleurisy","H501400",,"141","CPRD_GOLD"
"50477","[D]Central chest pain","R065D00",,"701","CPRD_GOLD"
"52915","Costochondritis NOS","N33zz11",,"1476","CPRD_GOLD"
"53806","[X]Other chest pain","Ryu0400",,"588","CPRD_GOLD"
"55211","Serous pleurisy NOS","H51z200",,"8","CPRD_GOLD"
"57092","Encysted pleurisy","H51y000",,"17","CPRD_GOLD"
"60142","Exudative pleurisy NOS","H51z000",,"34","CPRD_GOLD"
"62895","Chronic dry pleurisy","H510600",,"3","CPRD_GOLD"
"67452","Sterile pleurisy","H510800",,"12","CPRD_GOLD"
