"MEDICAL_CODE_ID","DESCRIPTION","READ_CODE","SNOMED_CT_CODE","FREQUENCY","DATABASE"
"146910015","Dysphasia training","8E24.00","88607004","255","CPRD_AURUM"
"255242017","O/E - motor aphasia","2B42.00","163919004","421","CPRD_AURUM"
"255243010","O/E - sensory aphasia","2B43.00","163920005","80","CPRD_AURUM"
"255245015","O/E - dysphasia - motor","2B45.00","163922002","1210","CPRD_AURUM"
"255246019","O/E - motor dysphasia","2B45.11","163922002","315","CPRD_AURUM"
"255248018","O/E - dysphasia - sensory","2B46.00","163923007","260","CPRD_AURUM"
"255244016","O/E - aphasia NOS","2B44.00","275884002","402","CPRD_AURUM"
"255249014","O/E - dysphasia - NOS","2B47.00","268972001","1831","CPRD_AURUM"
"317290013","[D]Aphasia","R043.00","87486003","10137","CPRD_AURUM"
"4571831000006117","On examination - dysphasia - sensory","","163923007","0","CPRD_AURUM"
"255247011","O/E - sensory dysphasia","2B46.11","163923007","58","CPRD_AURUM"
"4571801000006113","On examination - dysphasia - motor","","163922002","0","CPRD_AURUM"
"317303016","[D]Dysphasia","R045100","20301004","37332","CPRD_AURUM"
"411850012","O/E - aphasia","2B4..11","275884002","828","CPRD_AURUM"
"411851011","O/E - dysphasia","2B4..12","268972001","2954","CPRD_AURUM"
"4997691000006110","Expressive dysphasia","","229665008","452","CPRD_AURUM"
"4997601000006115","Anterior dysphasia","","229660003","2","CPRD_AURUM"
"4997641000006118","Receptive dysphasia","","229664007","16","CPRD_AURUM"
"7650931000006117","Acquired dysphasia","","709518008","11","CPRD_AURUM"
"5714161000006116","Difficulty finding words","","286384007","2","CPRD_AURUM"
"5005691000006117","Non-Alzheimer's progressive dysphasia","","230279005","1","CPRD_AURUM"
"4998741000006111","Word finding difficulty","","229738006","17","CPRD_AURUM"
"4997621000006113","Mixed dysphasia","","229662006","1","CPRD_AURUM"
