"MEDICAL_CODE_ID","DESCRIPTION","READ_CODE","SNOMED_CT_CODE","FREQUENCY","DATABASE"
"3537","[D]Dysphasia","R045100",,"13651","CPRD_GOLD"
"7583","O/E - aphasia","2B4..11",,"396","CPRD_GOLD"
"9007","O/E - dysphasia","2B4..12",,"1967","CPRD_GOLD"
"9992","Dysphasia","ZS78.00",,"5094","CPRD_GOLD"
"10110","Expressive dysphasia","ZS78G00",,"4127","CPRD_GOLD"
"11598","Aphasia","ZS78.11",,"1034","CPRD_GOLD"
"15651","[D]Aphasia","R043.00",,"2633","CPRD_GOLD"
"21724","O/E - motor dysphasia","2B45.11",,"53","CPRD_GOLD"
"25975","O/E - sensory dysphasia","2B46.11",,"11","CPRD_GOLD"
"28872","Expressive aphasia","ZS78G11",,"143","CPRD_GOLD"
"29380","O/E - sensory aphasia","2B43.00",,"25","CPRD_GOLD"
"31406","O/E - motor aphasia","2B42.00",,"91","CPRD_GOLD"
"31611","O/E - aphasia NOS","2B44.00",,"19","CPRD_GOLD"
"33998","Word finding difficulty","ZS7B300",,"524","CPRD_GOLD"
"35192","Nominal dysphasia","ZS78513",,"453","CPRD_GOLD"
"42830","Dysphasia training","8E24.00",,"252","CPRD_GOLD"
"45484","O/E - dysphasia - NOS","2B47.00",,"124","CPRD_GOLD"
"48292","Acquired dysphasias","ZS78100",,"23","CPRD_GOLD"
"48919","Broca's dysphasia","ZS78H00",,"11","CPRD_GOLD"
"49609","Receptive dysphasia","ZS78C00",,"170","CPRD_GOLD"
"50602","Global dysphasia","ZS78800",,"32","CPRD_GOLD"
"50803","Non-fluent dysphasia","ZS78I00",,"11","CPRD_GOLD"
"52686","Mixed dysphasia","ZS78900",,"22","CPRD_GOLD"
"53393","Unable to find words","ZT4D200",,"36","CPRD_GOLD"
"54427","Difficulty finding words","ZT4D500",,"81","CPRD_GOLD"
"54715","O/E - dysphasia - motor","2B45.00",,"109","CPRD_GOLD"
"56551","Anomic dysphasia","ZS78512",,"11","CPRD_GOLD"
"63425","Global aphasia","ZS78811",,"29","CPRD_GOLD"
"64191","Fluent dysphasia","ZS78E00",,"6","CPRD_GOLD"
"64964","Mixed transcortical dysphasia","ZS78200",,"2","CPRD_GOLD"
"65074","Wernicke's dysphasia","ZS78D00",,"8","CPRD_GOLD"
"66978","Jargon dysphasia","ZS78D12",,"4","CPRD_GOLD"
"69901","O/E - dysphasia - sensory","2B46.00",,"20","CPRD_GOLD"
"71374","Efferent motor dysphasia","ZS78K00",,"3","CPRD_GOLD"
"89004","Semantic dysphasia","ZS78A00",,"4","CPRD_GOLD"
"91135","Non-fluent aphasia","ZS78I11",,"28","CPRD_GOLD"
"95596","Isolation dysphasia","ZS78212",,"2","CPRD_GOLD"
"98050","Posterior dysphasia","ZS78F00",,"1","CPRD_GOLD"
"101822","Transcortical sensory dysphasia","ZS78600",,"2","CPRD_GOLD"
"107238","Frontal dynamic dysphasia","ZS78700",,"1","CPRD_GOLD"
"109184","Difficulty talking while playing","ZT4d500",,"1","CPRD_GOLD"
"112862","Transcortical motor dysphasia","ZS78400",,"1","CPRD_GOLD"
"113652","Unable to use words","ZT4K200",,"1","CPRD_GOLD"
"113777","Conduction dysphasia","ZS78B00",,"1","CPRD_GOLD"
