"MEDICAL_CODE_ID","DESCRIPTION","READ_CODE","SNOMED_CT_CODE","FREQUENCY","DATABASE"
"2B4..11","O/E - aphasia","2B4..11",,"329","IMRD"
"2B4..12","O/E - dysphasia","2B4..12",,"1564","IMRD"
"2B42.00","O/E - motor aphasia","2B42.00",,"121","IMRD"
"2B43.00","O/E - sensory aphasia","2B43.00",,"23","IMRD"
"2B44.00","O/E - aphasia NOS","2B44.00",,"31","IMRD"
"2B45.00","O/E - dysphasia - motor","2B45.00",,"168","IMRD"
"2B45.11","O/E - motor dysphasia","2B45.11",,"31","IMRD"
"2B46.00","O/E - dysphasia - sensory","2B46.00",,"26","IMRD"
"2B46.11","O/E - sensory dysphasia","2B46.11",,"8","IMRD"
"2B47.00","O/E - dysphasia - NOS","2B47.00",,"136","IMRD"
"8E24.00","Dysphasia training","8E24.00",,"229","IMRD"
"R043.00","[D]Aphasia","R043.00",,"1970","IMRD"
"R045100","[D]Dysphasia","R045100",,"10246","IMRD"
"ZS78.00","Dysphasia","ZS78.00",,"4148","IMRD"
"ZS78.11","Aphasia","ZS78.11",,"971","IMRD"
"ZS78100","Acquired dysphasias","ZS78100",,"21","IMRD"
"ZS78200","Mixed transcortical dysphasia","ZS78200",,"3","IMRD"
"ZS78212","Isolation dysphasia","ZS78212",,"1","IMRD"
"ZS78400","Transcortical motor dysphasia","ZS78400",,"2","IMRD"
"ZS78512","Anomic dysphasia","ZS78512",,"8","IMRD"
"ZS78513","Nominal dysphasia","ZS78513",,"352","IMRD"
"ZS78600","Transcortical sensory dysphasia","ZS78600",,"1","IMRD"
"ZS78700","Frontal dynamic dysphasia","ZS78700",,"1","IMRD"
"ZS78800","Global dysphasia","ZS78800",,"30","IMRD"
"ZS78811","Global aphasia","ZS78811",,"28","IMRD"
"ZS78900","Mixed dysphasia","ZS78900",,"16","IMRD"
"ZS78A00","Semantic dysphasia","ZS78A00",,"3","IMRD"
"ZS78B00","Conduction dysphasia","ZS78B00",,"0","IMRD"
"ZS78C00","Receptive dysphasia","ZS78C00",,"151","IMRD"
"ZS78D00","Wernicke's dysphasia","ZS78D00",,"8","IMRD"
"ZS78D12","Jargon dysphasia","ZS78D12",,"4","IMRD"
"ZS78E00","Fluent dysphasia","ZS78E00",,"4","IMRD"
"ZS78F00","Posterior dysphasia","ZS78F00",,"1","IMRD"
"ZS78G00","Expressive dysphasia","ZS78G00",,"3369","IMRD"
"ZS78G11","Expressive aphasia","ZS78G11",,"134","IMRD"
"ZS78H00","Broca's dysphasia","ZS78H00",,"6","IMRD"
"ZS78I00","Non-fluent dysphasia","ZS78I00",,"6","IMRD"
"ZS78I11","Non-fluent aphasia","ZS78I11",,"17","IMRD"
"ZS78J00","Anterior dysphasia","ZS78J00",,"0","IMRD"
"ZS78K00","Efferent motor dysphasia","ZS78K00",,"4","IMRD"
"ZS7B300","Word finding difficulty","ZS7B300",,"428","IMRD"
"ZT4D200","Unable to find words","ZT4D200",,"23","IMRD"
"ZT4d500","Difficulty talking while playing","ZT4d500",,"1","IMRD"
"ZT4D500","Difficulty finding words","ZT4D500",,"71","IMRD"
"ZT4E200","Unable to initiate words","ZT4E200",,"0","IMRD"
"ZT4K200","Unable to use words","ZT4K200",,"1","IMRD"
