"MEDICAL_CODE_ID","DESCRIPTION","READ_CODE","SNOMED_CT_CODE","FREQUENCY","DATABASE"
"252194018","Abnormal weight gain","1624.00","161833006","62348","CPRD_AURUM"
"1737991000000117","Pattern of weight gain","1628.00","449361003","3807","CPRD_AURUM"
"1749511000006118","Pattern of weight gain","","1749511000006102","27","CPRD_AURUM"
"2316211000000111","Unintentional weight gain","1629.00","441361000124104","3668","CPRD_AURUM"
"4544731000006110","Abnormal increase in weight","","161833006","0","CPRD_AURUM"
"252191014","Weight increasing","1622.00","161831008","224280","CPRD_AURUM"
"317236017","[D]Abnormal weight gain","R031.00","161833006","70578","CPRD_AURUM"
"370745017","Percentage weight gain","","248348005","158","CPRD_AURUM"
"5451381000006110","Weight increased","","262286000","12","CPRD_AURUM"
"6251131000006111","Weight gain (amount)","","363805003","469","CPRD_AURUM"
"2642891000006110","Weight gain","","8943002","216","CPRD_AURUM"
"4935051000006112","Excessive weight gain","","224994002","18","CPRD_AURUM"
