"MEDICAL_CODE_ID","DESCRIPTION","READ_CODE","SNOMED_CT_CODE","FREQUENCY","DATABASE"
"73374013","Premature ejaculation","E227600","44001008","77806","CPRD_AURUM"
"1807361000006112","Late ejaculation","","15405008","1187","CPRD_AURUM"
"1819961000006119","H/O: ejaculation disorder","","1819961000006103","1","CPRD_AURUM"
"1863861000006111","H/O: ejaculation dysfunction","","1863861000006107","1","CPRD_AURUM"
"1573221000006112","Retrograde ejaculation","","50112006","2203","CPRD_AURUM"
"371300012","Fear of ejaculation","E227z11","248780009","895","CPRD_AURUM"
"2744441000006117","Retarded ejaculation","","15405008","0","CPRD_AURUM"
"2744421000006112","Ejaculatio tarda","","15405008","0","CPRD_AURUM"
"2744431000006110","Ejaculatio retardata","","15405008","0","CPRD_AURUM"
"423251000006114","[X]Premature ejaculation","Eu52400","44001008","1809","CPRD_AURUM"
"3311591000006110","RE - Retrograde ejaculation","","50112006","0","CPRD_AURUM"
"3208611000006116","Ejaculatio praecox","","44001008","0","CPRD_AURUM"
"3208631000006110","Ejaculates too soon","","44001008","0","CPRD_AURUM"
"5261891000006113","Anejaculation","","248782001","10","CPRD_AURUM"
"3323071000006111","Painful ejaculation","","50818007","11","CPRD_AURUM"
