"MEDICAL_CODE_ID","DESCRIPTION","READ_CODE","SNOMED_CT_CODE","FREQUENCY","DATABASE"
"2417571000000114","Does not understand verbal language","1BcN.00","716503004","61","CPRD_AURUM"
"2417811000000118","Difficulty understanding single word instructions","13oD.00","716480001","10","CPRD_AURUM"
"2420661000000113","Difficulty understanding more than three word instructions","13oJ.00","716478007","6","CPRD_AURUM"
"2420941000000119","Difficulty understanding one part instructions","13oR.00","716479004","2","CPRD_AURUM"
"2429271000000110","Difficulty comprehending speech","1BcX.00","716475005","421","CPRD_AURUM"
"2421441000000118","Difficulty understanding more than two part instructions","13oY.00","716477002","5","CPRD_AURUM"
"3922111000006116","Aphasic disturbance","","87486003","1","CPRD_AURUM"
"3922101000006119","Loss of power of expression or comprehension","","87486003","0","CPRD_AURUM"
"2417491000000112","Difficulty understanding verbal language","1BcL.00","716484005","245","CPRD_AURUM"
"958991000006117","Difficulty understanding roles/regulations of service providers","","958991000006101","4","CPRD_AURUM"
"2417971000000115","Difficulty understanding two word instructions","13oH.00","716483004","0","CPRD_AURUM"
"2418131000000115","Difficulty understanding three word instructions","13oM.00","716481002","5","CPRD_AURUM"
"2421261000000116","Difficulty understanding two part instructions","13oV.00","716482009","2","CPRD_AURUM"
"6557101000006116","Difficulty understanding concept of danger","","395664008","0","CPRD_AURUM"
