"MEDICAL_CODE_ID","DESCRIPTION","READ_CODE","SNOMED_CT_CODE","FREQUENCY","DATABASE"
"13oD.00","Difficulty understanding single word instructions","13oD.00",,"1","IMRD"
"13oH.00","Difficulty understanding two word instructions","13oH.00",,"0","IMRD"
"13oJ.00","Difficulty understanding more than three word instructions","13oJ.00",,"1","IMRD"
"13oM.00","Difficulty understanding three word instructions","13oM.00",,"0","IMRD"
"13oR.00","Difficulty understanding one part instructions","13oR.00",,"0","IMRD"
"13oV.00","Difficulty understanding two part instructions","13oV.00",,"0","IMRD"
"13oY.00","Difficulty understanding more than two part instructions","13oY.00",,"0","IMRD"
"1BcL.00","Difficulty understanding verbal language","1BcL.00",,"3","IMRD"
"1BcN.00","Does not understand verbal language","1BcN.00",,"1","IMRD"
"1BcX.00","Difficulty comprehending speech","1BcX.00",,"13","IMRD"
"ZT4c511","Difficulty perform social use of conversation","ZT4c511",,"72","IMRD"
