"MEDICAL_CODE_ID","DESCRIPTION","READ_CODE","SNOMED_CT_CODE","FREQUENCY","DATABASE"
"1B41.00","Has pins and needles","1B41.00",,"154797","IMRD"
"1B42.00","Has prickling sensation","1B42.00",,"491","IMRD"
"1B43.00","Has tingling sensation","1B43.00",,"97777","IMRD"
"1B44.00","Has numbness","1B44.00",,"187352","IMRD"
"1B44200","Numbness of limbs","1B44200",,"1994","IMRD"
"2G2D.00","Numbness of hand","2G2D.00",,"2540","IMRD"
"R020300","[D]Tingling of skin","R020300",,"22711","IMRD"
"R020600","[D]Numbness","R020600",,"92182","IMRD"
