"MEDICAL_CODE_ID","DESCRIPTION","READ_CODE","SNOMED_CT_CODE","FREQUENCY","DATABASE"
"275","[D]Tingling of skin","R020300",,"32384","CPRD_GOLD"
"651","[D]Numbness","R020600",,"117970","CPRD_GOLD"
"5792","Has tingling sensation","1B43.00",,"107099","CPRD_GOLD"
"5809","Has numbness","1B44.00",,"206877","CPRD_GOLD"
"6287","Has pins and needles","1B41.00",,"175211","CPRD_GOLD"
"22292","Has prickling sensation","1B42.00",,"536","CPRD_GOLD"
"26370","Numbness of limbs","1B44200",,"2282","CPRD_GOLD"
"104136","Numbness of hand","2G2D.00",,"2713","CPRD_GOLD"
