"MEDICAL_CODE_ID","DESCRIPTION","READ_CODE","SNOMED_CT_CODE","FREQUENCY","DATABASE"
"253007014","Has prickling sensation","1B42.00","162248005","2219","CPRD_AURUM"
"253008016","Has tingling sensation","1B43.00","274676007","240584","CPRD_AURUM"
"452966011","Numbness of hand","2G2D.00","309521004","39426","CPRD_AURUM"
"1805201000006111","Numbness of upper limb","","298753001","5389","CPRD_AURUM"
"1805211000006114","Numbness of lower limb","","309537005","10732","CPRD_AURUM"
"317156011","[D]Tingling of skin","R020300","274676007","49672","CPRD_AURUM"
"253009012","Has numbness","1B44.00","44077006","282680","CPRD_AURUM"
"317161013","[D]Numbness","R020600","33653009","303576","CPRD_AURUM"
"317163011","[D]Paraesthesia","R020700","91019004","356405","CPRD_AURUM"
"3209851000006114","Numbness","","44077006","0","CPRD_AURUM"
"4568251000006112","On examination - paresthesia present","","163707002","0","CPRD_AURUM"
"4568281000006116","On examination - paresthesia in hands","","163708007","0","CPRD_AURUM"
"3209871000006116","Deadness - numbness","","44077006","0","CPRD_AURUM"
"4568271000006119","O/E - paresthesia in hands","","163708007","0","CPRD_AURUM"
"3979211000006119","Paresthesia (numbness/tingling)","","91019004","7","CPRD_AURUM"
"3516281000006118","Pins and needles sensation","","62507009","25","CPRD_AURUM"
"3516271000006116","Tingling","","62507009","21","CPRD_AURUM"
"4568241000006110","O/E - paresthesia present","","163707002","0","CPRD_AURUM"
"11926751000006110","Has numbness","","44077006","0","CPRD_AURUM"
"3979181000006118","Paraesthesia","","91019004","0","CPRD_AURUM"
"11905631000006110","Paresthesia","","91019004","3","CPRD_AURUM"
"4547421000006111","Prickling sensation","","162248005","0","CPRD_AURUM"
"454088013","Numbness of limbs","1B44200","310501001","50748","CPRD_AURUM"
"817031000006115","Has pins and needles","1B41.00","62507009","426154","CPRD_AURUM"
"3979201000006117","Paraesthesia (numbness/tingling)","","91019004","3","CPRD_AURUM"
"4060801000006112","Paresthesia (numbness/tingling) of arm","","95673003","3","CPRD_AURUM"
"5990051000006116","Numbness of foot","","309538000","72","CPRD_AURUM"
"5990031000006111","Numbness of finger","","309536001","943","CPRD_AURUM"
"5359211000006117","Prickling sensation quality","","255354004","3","CPRD_AURUM"
"7108611000006111","Paresthesia (numbness/tingling) of lower limb","","429783005","1","CPRD_AURUM"
"4077561000006119","Numbness of skin","","102603008","46","CPRD_AURUM"
"5990061000006119","Numbness of toe","","309539008","30","CPRD_AURUM"
"7375221000006111","Numbness of saddle area","","449813001","26","CPRD_AURUM"
"5990221000006116","Numbness of face","","309557009","72","CPRD_AURUM"
"7964801000006115","Numbness and tingling of skin","","101000119102","3","CPRD_AURUM"
