"MEDICAL_CODE_ID","DESCRIPTION","READ_CODE","SNOMED_CT_CODE","FREQUENCY","DATABASE"
"1976491000006113","Mixed anxiety and depressive reaction","","1976491000006109","1290","CPRD_AURUM"
"398351000006110","[X]Mild anxiety depression","Eu41211","231504006","24976","CPRD_AURUM"
"398561000006117","[X]Mixed anxiety and depressive disorder","Eu41200","231504006","296926","CPRD_AURUM"
"488211000006112","Anxiety with depression","E200300","231504006","7676247","CPRD_AURUM"
"419841000006116","[X]Persistant anxiety depression","Eu34114","231504006","15452","CPRD_AURUM"
"5024071000006118","Anxiety depression","","231504006","40","CPRD_AURUM"
