"MEDICAL_CODE_ID","DESCRIPTION","READ_CODE","SNOMED_CT_CODE","FREQUENCY","DATABASE"
"523","O/E -cervical lymphadenopathy","2C32.00",,"151138","CPRD_GOLD"
"787","Acute lymphadenitis of face, head and neck","M043.00",,"13175","CPRD_GOLD"
"1496","[D]Lymphadenopathy","R056000",,"210287","CPRD_GOLD"
"1584","[D]Adenitis NOS","R056z11",,"3866","CPRD_GOLD"
"2391","O/E - adenopathy","2C3..11",,"5478","CPRD_GOLD"
"3181","[D]Swollen glands","R056100",,"106031","CPRD_GOLD"
"3446","O/E -axillary lymphadenopathy","2C35.00",,"14849","CPRD_GOLD"
"4252","Chronic lymphadenitis","D411.00",,"1365","CPRD_GOLD"
"4407","Acute adenitis","M04..12",,"9947","CPRD_GOLD"
"5111","Acute lymphadenitis of trunk","M040.00",,"2604","CPRD_GOLD"
"6273","[D]Lymph node enlargement","R056.00",,"18822","CPRD_GOLD"
"7182","O/E - inguinal lymphadenopathy","2C36.00",,"9189","CPRD_GOLD"
"8045","Acute lymphadenitis","M04..00",,"45822","CPRD_GOLD"
"8126","O/E - lymphadenopathy","2C3..00",,"72622","CPRD_GOLD"
"12032","O/E-sub-mental lymphadenopathy","2C33.00",,"2340","CPRD_GOLD"
"15737","[D]Lymph node enlargement NOS","R056z00",,"6201","CPRD_GOLD"
"15740","O/E - lymph nodes firm","2C41.00",,"141","CPRD_GOLD"
"15814","O/E - lymph nodes tender","2C46.00",,"1659","CPRD_GOLD"
"17458","[D]Generalized enlarged lymph nodes","R056300",,"433","CPRD_GOLD"
"18146","O/E - enlarged lymph nodes","2C3..12",,"2684","CPRD_GOLD"
"20897","[D]Localized enlarged lymph nodes","R056400",,"2868","CPRD_GOLD"
"21677","[D]Enlarged submandibular lymph gland","R056z12",,"789","CPRD_GOLD"
"22737","O/E-supraclav.lymphadenopathy","2C34.00",,"1407","CPRD_GOLD"
"24116","O/E -popliteal lymphadenopathy","2C37.00",,"42","CPRD_GOLD"
"24916","Acute lymphadenitis of upper limb","M041.00",,"75","CPRD_GOLD"
"25853","O/E - post-auricular lymphadenopathy","2C38.00",,"4175","CPRD_GOLD"
"33427","O/E - lymphadenopathy NOS","2C3Z.00",,"1060","CPRD_GOLD"
"42517","O/E - lymph nodes discrete","2C44.00",,"172","CPRD_GOLD"
"44408","O/E - lymph nodes fluctuant","2C45.00",,"13","CPRD_GOLD"
"47436","Acute lymphadenitis of lower limb","M042.00",,"75","CPRD_GOLD"
"50087","O/E - lymph nodes hard","2C42.00",,"27","CPRD_GOLD"
"68926","[X]Acute lymphadenitis of other sites","Myu0000",,"14","CPRD_GOLD"
"97483","[X]Other nonspecific lymphadenitis","Gyu8800",,"83","CPRD_GOLD"
"101030","[D]Reactive lymphadenopathy","R056500",,"2919","CPRD_GOLD"
