"MEDICAL_CODE_ID","DESCRIPTION","READ_CODE","SNOMED_CT_CODE","FREQUENCY","DATABASE"
"2C3..00","O/E - lymphadenopathy","2C3..00",,"63375","IMRD"
"2C3..11","O/E - adenopathy","2C3..11",,"4017","IMRD"
"2C3..12","O/E - enlarged lymph nodes","2C3..12",,"2481","IMRD"
"2C32.00","O/E -cervical lymphadenopathy","2C32.00",,"133166","IMRD"
"2C33.00","O/E-sub-mental lymphadenopathy","2C33.00",,"1984","IMRD"
"2C34.00","O/E-supraclav.lymphadenopathy","2C34.00",,"1177","IMRD"
"2C35.00","O/E -axillary lymphadenopathy","2C35.00",,"13145","IMRD"
"2C36.00","O/E - inguinal lymphadenopathy","2C36.00",,"8497","IMRD"
"2C37.00","O/E -popliteal lymphadenopathy","2C37.00",,"50","IMRD"
"2C38.00","O/E - post-auricular lymphadenopathy","2C38.00",,"3665","IMRD"
"2C3Z.00","O/E - lymphadenopathy NOS","2C3Z.00",,"1189","IMRD"
"2C41.00","O/E - lymph nodes firm","2C41.00",,"109","IMRD"
"2C42.00","O/E - lymph nodes hard","2C42.00",,"24","IMRD"
"2C43.00","O/E - lymph nodes tethered","2C43.00",,"0","IMRD"
"2C44.00","O/E - lymph nodes discrete","2C44.00",,"155","IMRD"
"2C45.00","O/E - lymph nodes fluctuant","2C45.00",,"9","IMRD"
"2C46.00","O/E - lymph nodes tender","2C46.00",,"1632","IMRD"
"D411.00","Chronic lymphadenitis","D411.00",,"1189","IMRD"
"Gyu8800","[X]Other nonspecific lymphadenitis","Gyu8800",,"69","IMRD"
"M04..00","Acute lymphadenitis","M04..00",,"35927","IMRD"
"M040.00","Acute lymphadenitis of trunk","M040.00",,"1777","IMRD"
"M041.00","Acute lymphadenitis of upper limb","M041.00",,"57","IMRD"
"M042.00","Acute lymphadenitis of lower limb","M042.00",,"83","IMRD"
"M043.00","Acute lymphadenitis of face, head and neck","M043.00",,"9896","IMRD"
"Myu0000","[X]Acute lymphadenitis of other sites","Myu0000",,"10","IMRD"
"R056.00","[D]Lymph node enlargement","R056.00",,"16911","IMRD"
"R056000","[D]Lymphadenopathy","R056000",,"176078","IMRD"
"R056100","[D]Swollen glands","R056100",,"91093","IMRD"
"R056300","[D]Generalized enlarged lymph nodes","R056300",,"365","IMRD"
"R056400","[D]Localized enlarged lymph nodes","R056400",,"2483","IMRD"
"R056500","[D]Reactive lymphadenopathy","R056500",,"2731","IMRD"
"R056z00","[D]Lymph node enlargement NOS","R056z00",,"4693","IMRD"
"R056z11","[D]Adenitis NOS","R056z11",,"3299","IMRD"
"R056z12","[D]Enlarged submandibular lymph gland","R056z12",,"591","IMRD"
