"MEDICAL_CODE_ID","DESCRIPTION","READ_CODE","SNOMED_CT_CODE","FREQUENCY","DATABASE"
"197551016","Acute adenitis","M04..12","41174002","9111","CPRD_AURUM"
"197552011","Acute lymphadenitis","M04..00","41174002","86683","CPRD_AURUM"
"255533011","O/E-sub-mental lymphadenopathy","2C33.00","164148003","8862","CPRD_AURUM"
"255535016","O/E -axillary lymphadenopathy","2C35.00","164150006","27038","CPRD_AURUM"
"255536015","O/E - inguinal lymphadenopathy","2C36.00","164151005","33721","CPRD_AURUM"
"255542016","O/E - lymph nodes tethered","2C43.00","164157009","7","CPRD_AURUM"
"255543014","O/E - lymph nodes discrete","2C44.00","164158004","2203","CPRD_AURUM"
"255545019","O/E - lymph nodes tender","2C46.00","164160002","24366","CPRD_AURUM"
"308378019","Acute lymphadenitis of trunk","M040.00","200697006","1742","CPRD_AURUM"
"308379010","Acute lymphadenitis of upper limb","M041.00","200698001","546","CPRD_AURUM"
"308380013","Acute lymphadenitis of lower limb","M042.00","200699009","615","CPRD_AURUM"
"308381012","Acute lymphadenitis of face, head and neck","M043.00","200700005","14597","CPRD_AURUM"
"357332017","Acute cervical adenitis","M04..13","238405002","23388","CPRD_AURUM"
"1227323013","Swollen glands","1692.00","30746006","164514","CPRD_AURUM"
"317361017","[D]Swollen glands","R056100","30746006","88449","CPRD_AURUM"
"255529016","O/E - enlarged lymph nodes","2C3..12","30746006","16056","CPRD_AURUM"
"255530014","O/E - adenopathy","2C3..11","30746006","5632","CPRD_AURUM"
"255532018","O/E -cervical lymphadenopathy","2C32.00","127086001","754779","CPRD_AURUM"
"300984010","[X]Other nonspecific lymphadenitis","Gyu8800","19471005","3303","CPRD_AURUM"
"309304011","[X]Acute lymphadenitis of other sites","Myu0000","41174002","226","CPRD_AURUM"
"317368011","[D]Generalized enlarged lymph nodes","R056300","274741002","756","CPRD_AURUM"
"255538019","O/E - lymphadenopathy NOS","2C3Z.00","274303007","8286","CPRD_AURUM"
"1222510010","[D]Enlarged submandibular lymph gland","R056z12","274740001","4540","CPRD_AURUM"
"255534017","O/E-supraclav.lymphadenopathy","2C34.00","164149006","4114","CPRD_AURUM"
"5565831000006115","Localized enlarged lymph nodes","","274744005","7","CPRD_AURUM"
"12453341000006118","O/E-supraclav.lymphadenopathy","","164149006","0","CPRD_AURUM"
"5565751000006116","Generalized lymphadenopathy","","274741002","0","CPRD_AURUM"
"4575851000006114","On examination - lymph nodes firm","","164155001","0","CPRD_AURUM"
"5561871000006115","O/E - lymph nodes","","274303007","462","CPRD_AURUM"
"4575911000006118","On examination - lymph nodes discrete","","164158004","0","CPRD_AURUM"
"2809121000006114","Inflammation of lymph node","","19471005","23","CPRD_AURUM"
"5565761000006119","Generalized enlarged lymph nodes","","274741002","0","CPRD_AURUM"
"4575951000006117","On examination - lymph nodes tender","","164160002","0","CPRD_AURUM"
"2995671000006112","Swollen lymph glands","","30746006","464","CPRD_AURUM"
"4575731000006110","On examination - sub-mental lymphadenopathy","","164148003","0","CPRD_AURUM"
"4063941000006111","PGL - Persistent generalised lymphadenopathy","","95892003","1","CPRD_AURUM"
"4575931000006112","On examination - lymph nodes fluctuant","","164159007","0","CPRD_AURUM"
"2995651000006119","LN - Lymphadenopathy","","30746006","0","CPRD_AURUM"
"5565841000006113","Regional lymphadenopathy","","274744005","0","CPRD_AURUM"
"2995681000006110","Swollen lymph nodes","","30746006","66","CPRD_AURUM"
"5565771000006114","Generalised lymph node enlargement","","274741002","0","CPRD_AURUM"
"6546361000006117","On examination - post-auricular lymphadenopathy","","394677008","0","CPRD_AURUM"
"882111000006112","Lymphadenitis NOS","D413.99","588971000000106","765","CPRD_AURUM"
"255528012","O/E - lymphadenopathy","2C3..00","30746006","148172","CPRD_AURUM"
"1488399012","O/E - post-auricular lymphadenopathy","2C38.00","394677008","8423","CPRD_AURUM"
"53532017","Chronic lymphadenitis","D411.00","32035007","2829","CPRD_AURUM"
"317369015","[D]Localized enlarged lymph nodes","R056400","274744005","8090","CPRD_AURUM"
"1667561000000117","[D]Reactive lymphadenopathy","R056500","445718006","17862","CPRD_AURUM"
"4063971000006115","PGL - Persistent generalized lymphadenopathy","","95892003","0","CPRD_AURUM"
"3819191000006119","Lymph node of neck","","81105003","5","CPRD_AURUM"
"4575741000006117","On examination - supraclavicular lymphadenopathy","","164149006","0","CPRD_AURUM"
"4682651000006118","Supraomohyoid lymph nodes neck dissection","","178287001","9","CPRD_AURUM"
"3819771000006119","Scalene lymph node","","81132008","0","CPRD_AURUM"
"3015931000006118","Chronic adenitis","","32035007","1","CPRD_AURUM"
"5565781000006112","Generalised lymphadenopathy","","274741002","5","CPRD_AURUM"
"4575811000006113","On examination - popliteal lymphadenopathy","","164152003","0","CPRD_AURUM"
"317359014","[D]Lymph node enlargement","R056.00","30746006","82213","CPRD_AURUM"
"317360016","[D]Lymphadenopathy","R056000","30746006","397650","CPRD_AURUM"
"255537012","O/E -popliteal lymphadenopathy","2C37.00","164152003","117","CPRD_AURUM"
"255540012","O/E - lymph nodes firm","2C41.00","164155001","1363","CPRD_AURUM"
"255541011","O/E - lymph nodes hard","2C42.00","164156000","200","CPRD_AURUM"
"4575871000006116","On examination - lymph nodes hard","","164156000","0","CPRD_AURUM"
"5565741000006118","Generalized lymph node enlargement","","274741002","0","CPRD_AURUM"
"317371015","[D]Lymph node enlargement NOS","R056z00","30746006","29583","CPRD_AURUM"
"255544015","O/E - lymph nodes fluctuant","2C45.00","164159007","80","CPRD_AURUM"
"1222511014","[D]Adenitis NOS","R056z11","19471005","6424","CPRD_AURUM"
"4063921000006116","Persistent generalised lymphadenopathy","","95892003","37","CPRD_AURUM"
"2995641000006116","LA - Lymphadenopathy","","30746006","1","CPRD_AURUM"
"4575791000006114","On examination - inguinal lymphadenopathy","","164151005","0","CPRD_AURUM"
"4063931000006118","Persistent generalized lymphadenopathy","","95892003","0","CPRD_AURUM"
"4575771000006113","On examination - axillary lymphadenopathy","","164150006","0","CPRD_AURUM"
"4575891000006115","On examination - lymph nodes tethered","","164157009","0","CPRD_AURUM"
"2740401000006112","Submandibular lymphadenitis","","15170009","12","CPRD_AURUM"
"4393601000006115","Occipital lymphadenopathy","","127076002","1","CPRD_AURUM"
"6568331000006118","Lymph node from regional lymph node dissection","","396359006","1","CPRD_AURUM"
"5213301000006111","Postauricular lymph node","","245328002","9","CPRD_AURUM"
"5902321000006113","No generalised lymphadenopathy","","302062002","29","CPRD_AURUM"
"4394401000006115","Retroperitoneal lymphadenopathy","","127154008","1","CPRD_AURUM"
"4394771000006119","Axillary lymphadenopathy","","127189005","22","CPRD_AURUM"
"4394091000006115","Left gastric lymphadenopathy","","127123009","1","CPRD_AURUM"
"5899631000006117","Finding of lymph node","","301855007","18","CPRD_AURUM"
"3448031000006111","Lymphadenectomy","","58347006","4","CPRD_AURUM"
"4394891000006112","Deep inguinal lymphadenopathy","","127200002","1","CPRD_AURUM"
"4393751000006114","Anterior cervical lymphadenopathy","","127090004","5","CPRD_AURUM"
"4394871000006111","Inguinal lymphadenopathy","","127199000","54","CPRD_AURUM"
"5902341000006118","No localised lymphadenopathy","","302063007","20","CPRD_AURUM"
"5887001000006112","Tender lymph node","","300942003","32","CPRD_AURUM"
"4393851000006115","Lateral pericardial lymphadenopathy","","127100006","1","CPRD_AURUM"
"3204721000006111","Fibrotic lymphadenopathy","","43766001","1","CPRD_AURUM"
"5892661000006115","Pain of lymph node","","301360004","4","CPRD_AURUM"
"4393731000006119","Supraclavicular lymphadenopathy","","127088000","3","CPRD_AURUM"
"3348351000006113","Mediastinal lymphadenopathy","","52324001","6","CPRD_AURUM"
"5061951000006119","Selective neck dissection of cervical lymph nodes","","234246002","8","CPRD_AURUM"
"5213251000006116","Posterior triangle cervical lymph node","","245324000","6","CPRD_AURUM"
"5898871000006111","Axillary lymph node procedure","","301796003","6","CPRD_AURUM"
"4406001000006114","Abdominal lymphadenopathy","","128235003","4","CPRD_AURUM"
