"MEDICAL_CODE_ID","DESCRIPTION","READ_CODE","SNOMED_CT_CODE","FREQUENCY","DATABASE"
"I88","Nonspecific lymphadenitis","I88","","0","ICD10"
"I888","Other nonspecific lymphadenitis","I88.8","","0","ICD10"
"I889","Nonspecific lymphadenitis, unspecified","I88.9","","0","ICD10"
"L04","Acute lymphadenitis","L04","","0","ICD10"
"L040","Acute lymphadenitis of face, head and neck","L04.0","","0","ICD10"
"L041","Acute lymphadenitis of trunk","L04.1","","0","ICD10"
"L042","Acute lymphadenitis of upper limb","L04.2","","0","ICD10"
"L043","Acute lymphadenitis of lower limb","L04.3","","0","ICD10"
"L048","Acute lymphadenitis of other sites","L04.8","","0","ICD10"
"L049","Acute lymphadenitis, unspecified","L04.9","","0","ICD10"
"R59","Enlarged lymph nodes","R59","","0","ICD10"
"R590","Localized enlarged lymph nodes","R59.0","","0","ICD10"
"R591","Generalized enlarged lymph nodes","R59.1","","0","ICD10"
"R599","Enlarged lymph nodes, unspecified","R59.9","","0","ICD10"
