"MEDICAL_CODE_ID","DESCRIPTION","READ_CODE","SNOMED_CT_CODE","FREQUENCY","DATABASE"
"138421012","Agitated depression","E135.00","83458005","116282","CPRD_AURUM"
"294646011","Senile dementia with depression","E002100","191459006","4257","CPRD_AURUM"
"294655014","Arteriosclerotic dementia with depression","E004300","191466007","391","CPRD_AURUM"
"294837015","Recurrent major depressive episodes, mild","E113100","191610000","10321","CPRD_AURUM"
"294838013","Recurrent major depressive episodes, moderate","E113200","191611001","23770","CPRD_AURUM"
"294860011","Manic-depressive - now depressed","E115.11","191627008","4085","CPRD_AURUM"
"295536013","Postviral depression","E2B0.00","192079006","2170","CPRD_AURUM"
"346972018","Endogenous depression first episode","E112.13","231499006","75869","CPRD_AURUM"
"346973011","Masked depression","E11z200","231500002","5529","CPRD_AURUM"
"410861011","Endogenous depression - recurrent","E113.11","274948002","170018","CPRD_AURUM"
"1488626018","Symptoms of depression","1B1U.00","394924000","440679","CPRD_AURUM"
"1773563015","Depression management programme","8BK0.00","401174001","6745","CPRD_AURUM"
"2474715017","On depression register","9HA0.00","413169006","89244","CPRD_AURUM"
"2533375017","Patient given advice about management of depression","8CAa.00","415044007","67757","CPRD_AURUM"
"2534091015","Depression interim review","9H92.00","413973005","2421413","CPRD_AURUM"
"2534092010","Depression medication review","9H91.00","413974004","993908","CPRD_AURUM"
"2534096013","Depression annual review","9H90.00","413972000","165604","CPRD_AURUM"
"213641000000111","[X]Mild depression","Eu32400","310495003","87015","CPRD_AURUM"
"300711000000119","Referral for guided self-help for depression","8HHq.00","199111000000100","3024","CPRD_AURUM"
"408521000000112","Depression monitoring first letter","9Ov0.00","717211000000107","49696","CPRD_AURUM"
"408561000000116","Depression monitoring third letter","9Ov2.00","716961000000102","7012","CPRD_AURUM"
"681801000000113","On full dose long term treatment for depression","9kQ..11","361761000000106","30","CPRD_AURUM"
"882401000006115","Reactive (neurotic) depression","E204.99","87414006","76037","CPRD_AURUM"
"1839551000006116","PHQ9 total score 5-9 (mild depression)","","1839551000006100","8069","CPRD_AURUM"
"1839561000006119","PHQ9 total score 10-14 (moderate depression)","","1839561000006103","11842","CPRD_AURUM"
"1876441000006113","No past history of depression","","1876441000006109","1","CPRD_AURUM"
"2282371000000116","No history of depression","115X.00","700143000","8344","CPRD_AURUM"
"294647019","Senile dementia with depressive or paranoid features NOS","E002z00","191457008","322","CPRD_AURUM"
"294836012","Recurrent major depressive episodes, unspecified","E113000","268621008","11640","CPRD_AURUM"
"296199015","[X]Other recurrent depressive disorders","Eu33y00","191616006","1226","CPRD_AURUM"
"401871010","[X]Other depressive episodes","Eu32y00","35489007","8411","CPRD_AURUM"
"401872015","[X]Depressive episode, unspecified","Eu32z00","35489007","620141","CPRD_AURUM"
"401873013","[X]Recurrent depressive disorder","Eu33.00","191616006","276355","CPRD_AURUM"
"401876017","[X]Recurrent depressive disorder, unspecified","Eu33z00","191616006","10336","CPRD_AURUM"
"2164009011","Low mood","1BT..11","366979004","4736881","CPRD_AURUM"
"182801000006114","Recurrent major depressive episodes,partial/unspec remission","E113500","764691000000109","662","CPRD_AURUM"
"294081000000110","Exception reporting: depression quality indicators","9hC..00","716111000000102","5706","CPRD_AURUM"
"359121000006116","[X] Reactive depression NOS","Eu32z14","87414006","363943","CPRD_AURUM"
"376721000006114","[X]Depressive episode","Eu32.00","35489007","1258769","CPRD_AURUM"
"376741000006119","[X]Depressive neurosis","Eu34111","78667006","3001","CPRD_AURUM"
"398351000006110","[X]Mild anxiety depression","Eu41211","231504006","24976","CPRD_AURUM"
"398841000006119","[X]Monopolar depression NOS","Eu33z11","35489007","122","CPRD_AURUM"
"399961000006118","[X]Neurotic depression","Eu34113","78667006","7953","CPRD_AURUM"
"408601000000116","Depression monitoring telephone invite","9Ov4.00","716421000000103","9608","CPRD_AURUM"
"424561000006110","[X]Recurrent brief depressive episodes","Eu3y111","40568001","365","CPRD_AURUM"
"424631000006119","[X]Recurrent episodes of depressive reaction","Eu33.11","191616006","1955","CPRD_AURUM"
"424651000006114","[X]Recurrent episodes of reactive depression","Eu33.13","191616006","5177","CPRD_AURUM"
"425751000006115","[X]Seasonal depressive disorder","Eu33.14","247803002","398","CPRD_AURUM"
"426931000006117","[X]Single episode of masked depression NOS","Eu32y12","231500002","102","CPRD_AURUM"
"426971000006119","[X]Single episode of reactive depression","Eu32.13","87414006","7963","CPRD_AURUM"
"488211000006112","Anxiety with depression","E200300","231504006","7676247","CPRD_AURUM"
"999901000006113","Excepted from depression quality indicators: Patient unsuita","9hC0.00","716831000000103","92137","CPRD_AURUM"
"999911000006111","Excepted from depression quality indicators: Informed dissen","9hC1.00","715831000000109","75956","CPRD_AURUM"
"294845013","Recurrent major depressive episode NOS","E113z00","268621008","11342","CPRD_AURUM"
"296180012","[X]Recurrent depressive disorder, current episode mild","Eu33000","310495003","6185","CPRD_AURUM"
"296181011","[X]Recurrent depressive disorder, current episode moderate","Eu33100","310496002","17160","CPRD_AURUM"
"296198011","[X]Recurrent depressive disorder, currently in remission","Eu33400","698957003","2739","CPRD_AURUM"
"142521000006110","Single major depressive episode, partial or unspec remission","E112500","70747007","463","CPRD_AURUM"
"419841000006116","[X]Persistant anxiety depression","Eu34114","231504006","15452","CPRD_AURUM"
"423611000006111","[X]Prolonged single episode of reactive depression","Eu32z13","87414006","1001","CPRD_AURUM"
"296137015","[X]Mild depressive episode","Eu32000","310495003","208472","CPRD_AURUM"
"296138013","[X]Moderate depressive episode","Eu32100","310496002","680672","CPRD_AURUM"
"401766011","Single major depressive episode","E112.00","36923009","410121","CPRD_AURUM"
"376751000006117","[X]Depressive personality disorder","Eu34112","1084061000000106","1743","CPRD_AURUM"
"294843018","Recurrent major depressive episodes, in full remission","E113600","46244001","940","CPRD_AURUM"
"3247071000006112","Recurrent major depression in full remission","","46244001","0","CPRD_AURUM"
"6000691000006114","Mild depression","","310495003","0","CPRD_AURUM"
"2809821000006115","Major depression, single episode, in complete remission","","19527009","0","CPRD_AURUM"
"4539971000006110","History of depression","","161469008","3","CPRD_AURUM"
"2809811000006111","Single episode of major depression in full remission","","19527009","0","CPRD_AURUM"
"4539961000006115","Has had depression","","161469008","0","CPRD_AURUM"
"6000711000006112","Moderate depression","","310496002","14931","CPRD_AURUM"
"6649631000006118","Depression management program","","401174001","0","CPRD_AURUM"
"2809831000006117","Major depression, single episode, in full remission","","19527009","0","CPRD_AURUM"
"882671000006112","Depression","E2B..98","609311000000100","298076","CPRD_AURUM"
"882681000006110","Depression NOS","E2B..99","609311000000100","215093","CPRD_AURUM"
"882821000006110","Moderate depression","Eu32199","465441000000108","14331","CPRD_AURUM"
"882831000006113","Severe depression","Eu32299","397701000000102","4534","CPRD_AURUM"
"8245201000006115","Depression care management","","784051000000106","14","CPRD_AURUM"
"2391541000000115","Referral for guided self-help for depression declined","8IH5200","933441000000101","56","CPRD_AURUM"
"1839571000006114","PHQ9 total score 15-19 (moderately severe depression)","","1839571000006105","12646","CPRD_AURUM"
"294894013","Atypical depressive disorder","E11y200","191659001","1195","CPRD_AURUM"
"226581000000119","Depression - enhanced service completed","9k40.00","166481000000107","4755","CPRD_AURUM"
"376691000006116","[X]Depression NOS","Eu32z11","35489007","4948418","CPRD_AURUM"
"376711000006118","[X]Depressive disorder NOS","Eu32z12","35489007","48282","CPRD_AURUM"
"675861000006113","Neurotic depression reactive type","E204.00","87414006","762510","CPRD_AURUM"
"1146851000000112","Feeling low or worried","16ZB100","1038231000000105","19563","CPRD_AURUM"
"1680571000006118","On full dose long term treatment depression - enh serv admin","9kQ..00","361761000000106","331","CPRD_AURUM"
"294831019","Single major depressive episode, in full remission","E112600","19527009","313","CPRD_AURUM"
"6000721000006116","Severe depression","","310497006","0","CPRD_AURUM"
"3650771000006113","Major depression, single episode, in partial remission","","70747007","0","CPRD_AURUM"
"12491591000006113","Depression care management","","784051000000106","0","CPRD_AURUM"
"12626331000006116","QOF (Quality and Outcomes Framework) depression quality indicator-related care invitation","","1110911000000106","442","CPRD_AURUM"
"2370061000000111","Referral for depression self-help video","8HHq000","923921000000104","16","CPRD_AURUM"
"1823881000006110","Depression confirmed","","1823881000006106","188","CPRD_AURUM"
"1839581000006112","PHQ9 total score 20-27 (severe depression)","","1839581000006108","10854","CPRD_AURUM"
"909681000006110","[RFC] Depression","","909681000006106","5978","CPRD_AURUM"
"406881000000111","Depression monitoring administration","9Ov..00","713831000000108","25260","CPRD_AURUM"
"408541000000117","Depression monitoring second letter","9Ov1.00","716681000000100","16469","CPRD_AURUM"
"2164005017","Depressed mood","1BT..00","366979004","1124183","CPRD_AURUM"
"441826016","Endogenous depression","E112.14","300706003","214908","CPRD_AURUM"
"294844012","Recurrent depression","E113700","191616006","301142","CPRD_AURUM"
"408581000000113","Depression monitoring verbal invite","9Ov3.00","717261000000109","5112","CPRD_AURUM"
"474171000006112","Agitated depression","E112.11","83458005","78917","CPRD_AURUM"
"642461000006116","Endogenous depression first episode","E112.12","231499006","50627","CPRD_AURUM"
"983861000006115","Sad mood","1BT..12","366979004","6015","CPRD_AURUM"
"1715181000006114","[X]Major depression, moderately severe","Eu32600","832007","11724","CPRD_AURUM"
"1715771000006112","[X]Major depression, mild","Eu32500","87512008","1044","CPRD_AURUM"
"294825017","Single major depressive episode, mild","E112100","79298009","53299","CPRD_AURUM"
"294826016","Single major depressive episode, moderate","E112200","15639000","47537","CPRD_AURUM"
"294824018","Single major depressive episode, unspecified","E112000","36923009","26446","CPRD_AURUM"
"4763361000006113","Drug-induced depression","","191495003","0","CPRD_AURUM"
"7965131000006117","Severe major depression, single episode","","251000119105","0","CPRD_AURUM"
"2918341000006116","ST segment depression","","26141007","8","CPRD_AURUM"
"3247081000006110","Recurrent major depression in complete remission","","46244001","0","CPRD_AURUM"
"2748031000006110","Moderate major depression, single episode","","15639000","0","CPRD_AURUM"
"294642013","Presenile dementia with depression","E001300","191455000","880","CPRD_AURUM"
"294644014","Senile dementia with depressive or paranoid features","E002.00","191457008","3945","CPRD_AURUM"
"295537016","Chronic depression","E2B1.00","192080009","268943","CPRD_AURUM"
"251629019","H/O: depression","1465.00","161469008","1195070","CPRD_AURUM"
"182721000006111","Recurrent major depressive episode","E113.00","268621008","54240","CPRD_AURUM"
"226411000000110","Depression - enhanced services administration","9k4..00","166291000000108","5366","CPRD_AURUM"
"3094941000006114","Major depression, single episode","","36923009","0","CPRD_AURUM"
"366561000006119","[X]Atypical depression","Eu32y11","191659001","1029","CPRD_AURUM"
"426911000006111","[X]Single episode of depressive reaction","Eu32.11","87414006","7378","CPRD_AURUM"
"294832014","Single major depressive episode NOS","E112z00","36923009","8515","CPRD_AURUM"
"5024071000006118","Anxiety depression","","231504006","40","CPRD_AURUM"
"3789581000006112","Mild major depression, single episode","","79298009","0","CPRD_AURUM"
"882811000006119","Mild depression","Eu32099","430421000000104","5307","CPRD_AURUM"
