"MEDICAL_CODE_ID","DESCRIPTION","READ_CODE","SNOMED_CT_CODE","FREQUENCY","DATABASE"
"543","[X]Depression NOS","Eu32z11",,"920170","CPRD_GOLD"
"595","Endogenous depression","E112.14",,"74177","CPRD_GOLD"
"655","Anxiety with depression","E200300",,"1076791","CPRD_GOLD"
"1055","Agitated depression","E135.00",,"55299","CPRD_GOLD"
"1131","Neurotic depression reactive type","E204.00",,"303122","CPRD_GOLD"
"1908","O/E - depressed","2257.00",,"136055","CPRD_GOLD"
"1996","Depressed","1B17.00",,"538033","CPRD_GOLD"
"2716","H/O: depression","1465.00",,"406985","CPRD_GOLD"
"2970","[X]Depressive episode, unspecified","Eu32z00",,"139558","CPRD_GOLD"
"2972","Postviral depression","E2B0.00",,"1539","CPRD_GOLD"
"3291","[X]Depressive disorder NOS","Eu32z12",,"20638","CPRD_GOLD"
"3292","[X]Recurrent depressive disorder","Eu33.00",,"53836","CPRD_GOLD"
"4323","Chronic depression","E2B1.00",,"68903","CPRD_GOLD"
"4639","[X]Depressive episode","Eu32.00",,"486703","CPRD_GOLD"
"4824","C/O - feeling depressed","1B17.11",,"371926","CPRD_GOLD"
"5879","Agitated depression","E112.11",,"54761","CPRD_GOLD"
"5987","[X] Reactive depression NOS","Eu32z14",,"105237","CPRD_GOLD"
"6482","Recurrent depression","E113700",,"67452","CPRD_GOLD"
"6546","Endogenous depression first episode","E112.12",,"19556","CPRD_GOLD"
"6854","[X]Other depressive episodes","Eu32y00",,"3834","CPRD_GOLD"
"6932","Endogenous depression - recurrent","E113.11",,"107496","CPRD_GOLD"
"6950","Endogenous depression first episode","E112.13",,"84636","CPRD_GOLD"
"7011","Single major depressive episode NOS","E112z00",,"3122","CPRD_GOLD"
"7604","[X]Single episode of reactive depression","Eu32.13",,"8509","CPRD_GOLD"
"7737","[X]Neurotic depression","Eu34113",,"5515","CPRD_GOLD"
"7749","[X]Mild anxiety depression","Eu41211",,"11255","CPRD_GOLD"
"8584","[X]Depressive neurosis","Eu34111",,"1536","CPRD_GOLD"
"8851","[X]Recurrent episodes of depressive reaction","Eu33.11",,"3242","CPRD_GOLD"
"8902","[X]Recurrent episodes of reactive depression","Eu33.13",,"4310","CPRD_GOLD"
"8928","Low mood","1BT..11",,"1426715","CPRD_GOLD"
"9055","[X]Single episode of depressive reaction","Eu32.11",,"10499","CPRD_GOLD"
"9183","Masked depression","E11z200",,"3869","CPRD_GOLD"
"9211","[X]Moderate depressive episode","Eu32100",,"116039","CPRD_GOLD"
"9796","Symptoms of depression","1B1U.00",,"290188","CPRD_GOLD"
"10015","Depressed mood","1BT..00",,"541235","CPRD_GOLD"
"10290","[X]Depressive personality disorder","Eu34112",,"681","CPRD_GOLD"
"10610","Single major depressive episode","E112.00",,"55917","CPRD_GOLD"
"10667","[X]Mild depression","Eu32400",,"19746","CPRD_GOLD"
"10720","[X]Atypical depression","Eu32y11",,"465","CPRD_GOLD"
"11717","[X]Mild depressive episode","Eu32000",,"51378","CPRD_GOLD"
"12122","Depression medication review","9H91.00",,"206638","CPRD_GOLD"
"12399","Depression annual review","9H90.00",,"26977","CPRD_GOLD"
"12831","Manic-depressive - now depressed","E115.11",,"1133","CPRD_GOLD"
"14709","Recurrent major depressive episodes, moderate","E113200",,"18765","CPRD_GOLD"
"15099","Recurrent major depressive episode","E113.00",,"21915","CPRD_GOLD"
"15155","Single major depressive episode, moderate","E112200",,"17845","CPRD_GOLD"
"15220","[X]Persistant anxiety depression","Eu34114",,"8165","CPRD_GOLD"
"16506","Single major depressive episode, mild","E112100",,"10984","CPRD_GOLD"
"19054","[X]Recurrent brief depressive episodes","Eu3y111",,"288","CPRD_GOLD"
"21887","Senile dementia with depression","E002100",,"916","CPRD_GOLD"
"22116","[X]Recurrent depressive disorder, currently in remission","Eu33400",,"686","CPRD_GOLD"
"25563","Recurrent major depressive episode NOS","E113z00",,"2158","CPRD_GOLD"
"26028","Sad mood","1BT..12",,"2272","CPRD_GOLD"
"27491","Atypical depressive disorder","E11y200",,"256","CPRD_GOLD"
"27677","Presenile dementia with depression","E001300",,"142","CPRD_GOLD"
"28248","[X]Prolonged single episode of reactive depression","Eu32z13",,"642","CPRD_GOLD"
"28756","[X]Seasonal depressive disorder","Eu33.14",,"148","CPRD_GOLD"
"28970","Excepted from depression quality indicators: Patient unsuita","9hC0.00",,"60771","CPRD_GOLD"
"29342","Recurrent major depressive episodes, mild","E113100",,"4452","CPRD_GOLD"
"29520","[X]Recurrent depressive disorder, current episode moderate","Eu33100",,"8522","CPRD_GOLD"
"29784","[X]Recurrent depressive disorder, current episode mild","Eu33000",,"3078","CPRD_GOLD"
"30405","Depression interim review","9H92.00",,"855007","CPRD_GOLD"
"30483","Patient given advice about management of depression","8CAa.00",,"97037","CPRD_GOLD"
"30583","Depression - enhanced services administration","9k4..00",,"48956","CPRD_GOLD"
"32841","Referral for guided self-help for depression","8HHq.00",,"3489","CPRD_GOLD"
"34390","Single major depressive episode, unspecified","E112000",,"1840","CPRD_GOLD"
"35671","Recurrent major depressive episodes, unspecified","E113000",,"721","CPRD_GOLD"
"36616","[X]Monopolar depression NOS","Eu33z11",,"43","CPRD_GOLD"
"41089","Senile dementia with depressive or paranoid features NOS","E002z00",,"54","CPRD_GOLD"
"42931","On depression register","9HA0.00",,"21786","CPRD_GOLD"
"43239","Excepted from depression quality indicators: Informed dissen","9hC1.00",,"48657","CPRD_GOLD"
"43292","Arteriosclerotic dementia with depression","E004300",,"120","CPRD_GOLD"
"43324","Single major depressive episode, partial or unspec remission","E112500",,"329","CPRD_GOLD"
"44300","[X]Recurrent depressive disorder, unspecified","Eu33z00",,"3259","CPRD_GOLD"
"44674","Senile dementia with depressive or paranoid features","E002.00",,"334","CPRD_GOLD"
"44848","Depression management programme","8BK0.00",,"169054","CPRD_GOLD"
"47731","[X]Other recurrent depressive disorders","Eu33y00",,"290","CPRD_GOLD"
"48970","Exception reporting: depression quality indicators","9hC..00",,"1795","CPRD_GOLD"
"51258","Depression monitoring administration","9Ov..00",,"22437","CPRD_GOLD"
"55384","Recurrent major depressive episodes, in full remission","E113600",,"523","CPRD_GOLD"
"56273","Recurrent major depressive episodes,partial/unspec remission","E113500",,"247","CPRD_GOLD"
"56609","[X]Single episode of masked depression NOS","Eu32y12",,"131","CPRD_GOLD"
"57409","Single major depressive episode, in full remission","E112600",,"165","CPRD_GOLD"
"65435","Depression - enhanced service completed","9k40.00",,"23625","CPRD_GOLD"
"71009","Depression monitoring first letter","9Ov0.00",,"33992","CPRD_GOLD"
"72966","Depression monitoring second letter","9Ov1.00",,"11194","CPRD_GOLD"
"85852","Depression monitoring telephone invite","9Ov4.00",,"964","CPRD_GOLD"
"88644","Depression monitoring verbal invite","9Ov3.00",,"2378","CPRD_GOLD"
"91105","Depression monitoring third letter","9Ov2.00",,"6352","CPRD_GOLD"
"96995","On full dose long term treatment depression - enh serv admin","9kQ..00",,"12","CPRD_GOLD"
"98252","[X]Major depression, moderately severe","Eu32600",,"2500","CPRD_GOLD"
"98346","[X]Major depression, mild","Eu32500",,"839","CPRD_GOLD"
"101422","Feeling low or worried","16ZB100",,"181","CPRD_GOLD"
"107657","No history of depression","115X.00",,"611","CPRD_GOLD"
"112682","Referral for guided self-help for depression declined","8IH5200",,"1","CPRD_GOLD"
