"MEDICAL_CODE_ID","DESCRIPTION","READ_CODE","SNOMED_CT_CODE","FREQUENCY","DATABASE"
"1465.00","H/O: depression","1465.00",,"357476","IMRD"
"16ZB100","Feeling low or worried","16ZB100",,"227","IMRD"
"1B17.00","Depressed","1B17.00",,"447522","IMRD"
"1B17.11","C/O - feeling depressed","1B17.11",,"337304","IMRD"
"1B1U.00","Symptoms of depression","1B1U.00",,"259234","IMRD"
"1BT..00","Depressed mood","1BT..00",,"499216","IMRD"
"1BT..11","Low mood","1BT..11",,"1317260","IMRD"
"1BT..12","Sad mood","1BT..12",,"2130","IMRD"
"8BK0.00","Depression management programme","8BK0.00",,"98219","IMRD"
"8CAa.00","Patient given advice about management of depression","8CAa.00",,"47552","IMRD"
"8HHq.00","Referral for guided self-help for depression","8HHq.00",,"2580","IMRD"
"8HHq000","Referral for depression self-help video","8HHq000",,"1","IMRD"
"8IH5200","Referral for guided self-help for depression declined","8IH5200",,"1","IMRD"
"9H90.00","Depression annual review","9H90.00",,"27323","IMRD"
"9H91.00","Depression medication review","9H91.00",,"144848","IMRD"
"9H92.00","Depression interim review","9H92.00",,"841666","IMRD"
"9HA0.00","On depression register","9HA0.00",,"13021","IMRD"
"9hC..00","Exception reporting: depression quality indicators","9hC..00",,"2159","IMRD"
"9hC0.00","Excepted from depression quality indicators: Patient unsuita","9hC0.00",,"53862","IMRD"
"9hC1.00","Excepted from depression quality indicators: Informed dissen","9hC1.00",,"48964","IMRD"
"9k4..00","Depression - enhanced services administration","9k4..00",,"25586","IMRD"
"9k40.00","Depression - enhanced service completed","9k40.00",,"11241","IMRD"
"9kQ..00","On full dose long term treatment depression - enh serv admin","9kQ..00",,"4","IMRD"
"9kQ..11","On full dose long term treatment for depression","9kQ..11",,"1","IMRD"
"9Ov..00","Depression monitoring administration","9Ov..00",,"21435","IMRD"
"9Ov0.00","Depression monitoring first letter","9Ov0.00",,"32311","IMRD"
"9Ov1.00","Depression monitoring second letter","9Ov1.00",,"10963","IMRD"
"9Ov2.00","Depression monitoring third letter","9Ov2.00",,"6105","IMRD"
"9Ov3.00","Depression monitoring verbal invite","9Ov3.00",,"3077","IMRD"
"9Ov4.00","Depression monitoring telephone invite","9Ov4.00",,"2070","IMRD"
"E001300","Presenile dementia with depression","E001300",,"129","IMRD"
"E002.00","Senile dementia with depressive or paranoid features","E002.00",,"288","IMRD"
"E002100","Senile dementia with depression","E002100",,"706","IMRD"
"E002z00","Senile dementia with depressive or paranoid features NOS","E002z00",,"43","IMRD"
"E004300","Arteriosclerotic dementia with depression","E004300",,"103","IMRD"
"E112.00","Single major depressive episode","E112.00",,"60294","IMRD"
"E112.11","Agitated depression","E112.11",,"39828","IMRD"
"E112.12","Endogenous depression first episode","E112.12",,"19756","IMRD"
"E112.13","Endogenous depression first episode","E112.13",,"85970","IMRD"
"E112.14","Endogenous depression","E112.14",,"56808","IMRD"
"E112000","Single major depressive episode, unspecified","E112000",,"2722","IMRD"
"E112100","Single major depressive episode, mild","E112100",,"9365","IMRD"
"E112200","Single major depressive episode, moderate","E112200",,"10919","IMRD"
"E112500","Single major depressive episode, partial or unspec remission","E112500",,"196","IMRD"
"E112600","Single major depressive episode, in full remission","E112600",,"97","IMRD"
"E112z00","Single major depressive episode NOS","E112z00",,"2690","IMRD"
"E113.00","Recurrent major depressive episode","E113.00",,"18756","IMRD"
"E113.11","Endogenous depression - recurrent","E113.11",,"108465","IMRD"
"E113000","Recurrent major depressive episodes, unspecified","E113000",,"557","IMRD"
"E113100","Recurrent major depressive episodes, mild","E113100",,"2979","IMRD"
"E113200","Recurrent major depressive episodes, moderate","E113200",,"9721","IMRD"
"E113500","Recurrent major depressive episodes,partial/unspec remission","E113500",,"73","IMRD"
"E113600","Recurrent major depressive episodes, in full remission","E113600",,"422","IMRD"
"E113700","Recurrent depression","E113700",,"58695","IMRD"
"E113z00","Recurrent major depressive episode NOS","E113z00",,"2227","IMRD"
"E11y200","Atypical depressive disorder","E11y200",,"173","IMRD"
"E11z200","Masked depression","E11z200",,"2913","IMRD"
"E135.00","Agitated depression","E135.00",,"43861","IMRD"
"E200300","Anxiety with depression","E200300",,"996282","IMRD"
"E204.00","Neurotic depression reactive type","E204.00",,"263227","IMRD"
"E2B0.00","Postviral depression","E2B0.00",,"1199","IMRD"
"E2B1.00","Chronic depression","E2B1.00",,"57563","IMRD"
"Eu32.00","[X]Depressive episode","Eu32.00",,"480308","IMRD"
"Eu32.11","[X]Single episode of depressive reaction","Eu32.11",,"9819","IMRD"
"Eu32.13","[X]Single episode of reactive depression","Eu32.13",,"7023","IMRD"
"Eu32000","[X]Mild depressive episode","Eu32000",,"49652","IMRD"
"Eu32100","[X]Moderate depressive episode","Eu32100",,"113842","IMRD"
"Eu32400","[X]Mild depression","Eu32400",,"19331","IMRD"
"Eu32500","[X]Major depression, mild","Eu32500",,"1218","IMRD"
"Eu32600","[X]Major depression, moderately severe","Eu32600",,"2729","IMRD"
"Eu32y00","[X]Other depressive episodes","Eu32y00",,"2544","IMRD"
"Eu32y11","[X]Atypical depression","Eu32y11",,"441","IMRD"
"Eu32y12","[X]Single episode of masked depression NOS","Eu32y12",,"151","IMRD"
"Eu32z00","[X]Depressive episode, unspecified","Eu32z00",,"125742","IMRD"
"Eu32z11","[X]Depression NOS","Eu32z11",,"854160","IMRD"
"Eu32z12","[X]Depressive disorder NOS","Eu32z12",,"17865","IMRD"
"Eu32z13","[X]Prolonged single episode of reactive depression","Eu32z13",,"526","IMRD"
"Eu32z14","[X] Reactive depression NOS","Eu32z14",,"95586","IMRD"
"Eu33.00","[X]Recurrent depressive disorder","Eu33.00",,"45898","IMRD"
"Eu33.11","[X]Recurrent episodes of depressive reaction","Eu33.11",,"3106","IMRD"
"Eu33.13","[X]Recurrent episodes of reactive depression","Eu33.13",,"4091","IMRD"
"Eu33.14","[X]Seasonal depressive disorder","Eu33.14",,"121","IMRD"
"Eu33000","[X]Recurrent depressive disorder, current episode mild","Eu33000",,"2751","IMRD"
"Eu33100","[X]Recurrent depressive disorder, current episode moderate","Eu33100",,"4498","IMRD"
"Eu33400","[X]Recurrent depressive disorder, currently in remission","Eu33400",,"593","IMRD"
"Eu33y00","[X]Other recurrent depressive disorders","Eu33y00",,"289","IMRD"
"Eu33z00","[X]Recurrent depressive disorder, unspecified","Eu33z00",,"1682","IMRD"
"Eu33z11","[X]Monopolar depression NOS","Eu33z11",,"20","IMRD"
"Eu34111","[X]Depressive neurosis","Eu34111",,"1336","IMRD"
"Eu34112","[X]Depressive personality disorder","Eu34112",,"545","IMRD"
"Eu34113","[X]Neurotic depression","Eu34113",,"4793","IMRD"
"Eu34114","[X]Persistant anxiety depression","Eu34114",,"6395","IMRD"
"Eu3y111","[X]Recurrent brief depressive episodes","Eu3y111",,"243","IMRD"
"Eu41211","[X]Mild anxiety depression","Eu41211",,"10059","IMRD"
