"MEDICAL_CODE_ID","DESCRIPTION","READ_CODE","SNOMED_CT_CODE","FREQUENCY","DATABASE"
"F32","Depressive episode","F32","","0","ICD10"
"F320","Mild depressive episode","F32.0","","0","ICD10"
"F321","Moderate depressive episode","F32.1","","0","ICD10"
"F328","Other depressive episodes","F32.8","","0","ICD10"
"F329","Depressive episode, unspecified","F32.9","","0","ICD10"
"F33","Recurrent depressive disorder","F33","","0","ICD10"
"F330","Recurrent depressive disorder, current episode mild","F33.0","","0","ICD10"
"F331","Recurrent depressive disorder, current episode moderate","F33.1","","0","ICD10"
"F334","Recurrent depressive disorder, currently in remission","F33.4","","0","ICD10"
"F338","Other recurrent depressive disorders","F33.8","","0","ICD10"
"F339","Recurrent depressive disorder, unspecified","F33.9","","0","ICD10"
