"MEDICAL_CODE_ID","DESCRIPTION","READ_CODE","SNOMED_CT_CODE","FREQUENCY","DATABASE"
"1480927011","Memory impairment","1S23.00","386807006","37328","CPRD_AURUM"
"495013011","Memory loss - amnesia","1B1A.00","48167000","109007","CPRD_AURUM"
"1222481019","[D]Memory deficit","R00z011","386807006","41692","CPRD_AURUM"
"711391000006112","Memory loss symptom","1B1A.12","48167000","738932","CPRD_AURUM"
"8271251000006117","Referral to memory assessment service","","823961000000102","2406","CPRD_AURUM"
"3279351000006113","LOM - Loss of memory","","48167000","0","CPRD_AURUM"
"4547151000006111","Temporary memory loss","","162200009","0","CPRD_AURUM"
"3279381000006117","Loss of memory","","48167000","34","CPRD_AURUM"
"6462171000006112","Memory problem","","386807006","738","CPRD_AURUM"
"12487831000006116","Memory: import.person not knwn","","165301001","0","CPRD_AURUM"
"3279341000006111","Memory loss","","48167000","46","CPRD_AURUM"
"5246181000006117","Short term memory loss","","247592009","13","CPRD_AURUM"
"6462201000006111","Disturbance of memory","","386807006","157","CPRD_AURUM"
"6462151000006119","Impaired memory","","386807006","2","CPRD_AURUM"
"2783021000006111","Invents experiences to compensate for loss of memory","","17842005","0","CPRD_AURUM"
"6462141000006116","Memory dysfunction","","386807006","3","CPRD_AURUM"
"4591221000006114","Memory: important person not known","","165301001","0","CPRD_AURUM"
"2534215016","Referral to memory clinic","8HTY.00","415276009","386798","CPRD_AURUM"
"2548507014","Disturbance of memory for order of events","1S21.00","416106008","352","CPRD_AURUM"
"3279361000006110","Memory gone","","48167000","0","CPRD_AURUM"
"295525018","Mild memory disturbance","E2A1000","192071009","146548","CPRD_AURUM"
"295526017","Organic memory impairment","E2A1100","192072002","7380","CPRD_AURUM"
"252928010","Temporary loss of memory","1B1A000","162200009","4966","CPRD_AURUM"
"710751000006111","Memory: present place not knwn","3A30.00","165286005","17473","CPRD_AURUM"
"711371000006111","Memory disturbance","1B1A.13","386807006","165677","CPRD_AURUM"
"369704019","Short-term memory loss","1B1A100","247592009","10831","CPRD_AURUM"
"257033017","Memory: present month not knwn","3A60.00","165295002","16072","CPRD_AURUM"
"4591091000006115","Memory: own date of birth not known","","165292004","0","CPRD_AURUM"
