"MEDICAL_CODE_ID","DESCRIPTION","READ_CODE","SNOMED_CT_CODE","FREQUENCY","DATABASE"
"1993","Memory loss - amnesia","1B1A.00",,"49595","CPRD_GOLD"
"2908","Memory disturbance","1B1A.13",,"33294","CPRD_GOLD"
"5777","Memory loss symptom","1B1A.12",,"227292","CPRD_GOLD"
"6061","Organic memory impairment","E2A1100",,"2505","CPRD_GOLD"
"6387","Mild memory disturbance","E2A1000",,"18571","CPRD_GOLD"
"7711","[D]Memory deficit","R00z011",,"3132","CPRD_GOLD"
"9786","Loss of memory for recent events","Z7CEC11",,"258","CPRD_GOLD"
"10123","Memory loss","Z7CE611",,"4407","CPRD_GOLD"
"10514","Memory impairment","Z7CEH00",,"5955","CPRD_GOLD"
"10571","Short-term memory loss","Z7CF811",,"3105","CPRD_GOLD"
"12057","Memory problem","Z7CEH14",,"10432","CPRD_GOLD"
"12277","LOM - Loss of memory","Z7CE616",,"142","CPRD_GOLD"
"12805","Memory loss - amnesia","Z7CE614",,"335","CPRD_GOLD"
"19297","Loss of memory","Z7CE615",,"868","CPRD_GOLD"
"22802","Referral to memory clinic","8HTY.00",,"65369","CPRD_GOLD"
"27788","Temporary loss of memory","1B1A000",,"621","CPRD_GOLD"
"32367","Impairment of working memory","Z7CEA11",,"239","CPRD_GOLD"
"39915","Memory dysfunction","Z7CEH11",,"188","CPRD_GOLD"
"47581","Long-term memory loss","Z7CFO11",,"26","CPRD_GOLD"
"47882","Transient memory loss","Z7CEG00",,"233","CPRD_GOLD"
"50418","Memory deficit","Z7CEH12",,"84","CPRD_GOLD"
"51379","Memory disturbance (& amnesia (& symptom))","Z7CE400",,"25","CPRD_GOLD"
"51724","Mild memory disturbance","Z7CEL00",,"30","CPRD_GOLD"
"52800","Memory: important event not kn","3A70.00",,"432","CPRD_GOLD"
"52801","Memory: import.person not knwn","3A80.00",,"444","CPRD_GOLD"
"52825","Memory: present month not knwn","3A60.00",,"423","CPRD_GOLD"
"52947","Memory: own age not known","3A10.00",,"316","CPRD_GOLD"
"52948","Memory: present year not known","3A40.00",,"495","CPRD_GOLD"
"53016","Memory: address recall unsucc.","3AA1.00",,"541","CPRD_GOLD"
"53125","Memory: own DOB not known","3A50.00",,"247","CPRD_GOLD"
"53146","Memory: present time not known","3A20.00",,"405","CPRD_GOLD"
"64892","Invents experiences to compensate for loss of memory","Z7CEN11",,"2","CPRD_GOLD"
"65696","Impairment of primary memory","Z7CEA13",,"23","CPRD_GOLD"
"67163","Disturbance of memory for order of events","1S21.00",,"31","CPRD_GOLD"
"67802","No memory for recent events","Z7CEC12",,"8","CPRD_GOLD"
"67838","Memory loss symptom","Z7CE412",,"58","CPRD_GOLD"
"68230","Memory gone","Z7CE612",,"2","CPRD_GOLD"
"67998","Temporary loss of memory","Z7CEF00",,"17","CPRD_GOLD"
"102880","Loss of memory","Z7CE415",,"11","CPRD_GOLD"
"103375","Memory loss - amnesia","Z7CE413",,"2","CPRD_GOLD"
"103453","Short-term memory loss","1B1A100",,"830","CPRD_GOLD"
"105538","Memory disturbance","Z7CE414",,"6","CPRD_GOLD"
"110307","Memory impairment","1S23.00",,"3808","CPRD_GOLD"
