"MEDICAL_CODE_ID","DESCRIPTION","READ_CODE","SNOMED_CT_CODE","FREQUENCY","DATABASE"
"1B1A.00","Memory loss - amnesia","1B1A.00",,"41093","IMRD"
"1B1A.12","Memory loss symptom","1B1A.12",,"202171","IMRD"
"1B1A.13","Memory disturbance","1B1A.13",,"26650","IMRD"
"1B1A000","Temporary loss of memory","1B1A000",,"485","IMRD"
"1B1A100","Short-term memory loss","1B1A100",,"700","IMRD"
"1S21.00","Disturbance of memory for order of events","1S21.00",,"6","IMRD"
"1S23.00","Memory impairment","1S23.00",,"2605","IMRD"
"3A10.00","Memory: own age not known","3A10.00",,"378","IMRD"
"3A20.00","Memory: present time not known","3A20.00",,"435","IMRD"
"3A30.00","Memory: present place not knwn","3A30.00",,"1202","IMRD"
"3A40.00","Memory: present year not known","3A40.00",,"670","IMRD"
"3A50.00","Memory: own DOB not known","3A50.00",,"294","IMRD"
"3A60.00","Memory: present month not knwn","3A60.00",,"516","IMRD"
"3A70.00","Memory: important event not kn","3A70.00",,"535","IMRD"
"3A80.00","Memory: import.person not knwn","3A80.00",,"579","IMRD"
"8HTY.00","Referral to memory clinic","8HTY.00",,"57117","IMRD"
"E2A1000","Mild memory disturbance","E2A1000",,"16378","IMRD"
"E2A1100","Organic memory impairment","E2A1100",,"1996","IMRD"
"R00z011","[D]Memory deficit","R00z011",,"2666","IMRD"
"Z7CE400","Memory disturbance (& amnesia (& symptom))","Z7CE400",,"21","IMRD"
"Z7CE412","Memory loss symptom","Z7CE412",,"68","IMRD"
"Z7CE413","Memory loss - amnesia","Z7CE413",,"2","IMRD"
"Z7CE414","Memory disturbance","Z7CE414",,"5","IMRD"
"Z7CE415","Loss of memory","Z7CE415",,"18","IMRD"
"Z7CE611","Memory loss","Z7CE611",,"4011","IMRD"
"Z7CE612","Memory gone","Z7CE612",,"4","IMRD"
"Z7CE614","Memory loss - amnesia","Z7CE614",,"316","IMRD"
"Z7CE615","Loss of memory","Z7CE615",,"743","IMRD"
"Z7CE616","LOM - Loss of memory","Z7CE616",,"135","IMRD"
"Z7CEA11","Impairment of working memory","Z7CEA11",,"229","IMRD"
"Z7CEA13","Impairment of primary memory","Z7CEA13",,"14","IMRD"
"Z7CEB11","Loss of memory for remote events","Z7CEB11",,"0","IMRD"
"Z7CEC11","Loss of memory for recent events","Z7CEC11",,"230","IMRD"
"Z7CEC12","No memory for recent events","Z7CEC12",,"8","IMRD"
"Z7CEF00","Temporary loss of memory","Z7CEF00",,"18","IMRD"
"Z7CEG00","Transient memory loss","Z7CEG00",,"194","IMRD"
"Z7CEH00","Memory impairment","Z7CEH00",,"4391","IMRD"
"Z7CEH11","Memory dysfunction","Z7CEH11",,"177","IMRD"
"Z7CEH12","Memory deficit","Z7CEH12",,"88","IMRD"
"Z7CEH14","Memory problem","Z7CEH14",,"8902","IMRD"
"Z7CEL00","Mild memory disturbance","Z7CEL00",,"33","IMRD"
"Z7CEN11","Invents experiences to compensate for loss of memory","Z7CEN11",,"1","IMRD"
"Z7CF811","Short-term memory loss","Z7CF811",,"2515","IMRD"
"Z7CFO11","Long-term memory loss","Z7CFO11",,"14","IMRD"
