"MEDICAL_CODE_ID","DESCRIPTION","READ_CODE","SNOMED_CT_CODE","FREQUENCY","DATABASE"
"407073019","C/O - excess tears","1B87.11","272031009","3000","CPRD_AURUM"
"397988011","Watery eyes","1B87.13","420103007","118111","CPRD_AURUM"
"6948271000006110","Watering eye","","420103007","3","CPRD_AURUM"
"397991011","Has watering eyes","1B87.00","420103007","95564","CPRD_AURUM"
"5532881000006115","Complaining of watering eyes","","272032002","2","CPRD_AURUM"
"407074013","C/O - watering eyes","1B87.12","272032002","33464","CPRD_AURUM"
"397990012","Tearing eyes","1B87.14","420103007","2685","CPRD_AURUM"
