"MEDICAL_CODE_ID","DESCRIPTION","READ_CODE","SNOMED_CT_CODE","FREQUENCY","DATABASE"
"1466.00","H/O: anxiety state","1466.00",,"71918","IMRD"
"173f.00","Anxiety about breathlessness","173f.00",,"138","IMRD"
"1B1..00","General nervous symptoms","1B1..00",,"795","IMRD"
"1B12.00","Nerves - nervousness","1B12.00",,"3201","IMRD"
"1B12.11","Nerves","1B12.11",,"10549","IMRD"
"1B12.12","Tension - nervous","1B12.12",,"12293","IMRD"
"1B13.00","Anxiousness","1B13.00",,"518638","IMRD"
"1B13.11","Anxiousness - symptom","1B13.11",,"787483","IMRD"
"1B13.12","Anxious","1B13.12",,"19102","IMRD"
"1B1V.00","C/O - panic attack","1B1V.00",,"73405","IMRD"
"1B1Z.00","General nervous symptom NOS","1B1Z.00",,"275","IMRD"
"225J.00","O/E - panic attack","225J.00",,"504","IMRD"
"8CAZ000","Patient given advice about management of anxiety","8CAZ000",,"366","IMRD"
"8HHp.00","Referral for guided self-help for anxiety","8HHp.00",,"1565","IMRD"
"8IH5300","Referral for guided self-help for anxiety declined","8IH5300",,"3","IMRD"
"8IH5700","Rf fr psych mgt of anxiety dcl","8IH5700",,"3","IMRD"
"8T23.00","Refer fr psychl mgt of anxiety","8T23.00",,"176","IMRD"
"E200.00","Anxiety states","E200.00",,"1339114","IMRD"
"E200000","Anxiety state unspecified","E200000",,"36009","IMRD"
"E200111","Panic attack","E200111",,"271185","IMRD"
"E200200","Generalised anxiety disorder","E200200",,"57383","IMRD"
"E200300","Anxiety with depression","E200300",,"996282","IMRD"
"E200400","Chronic anxiety","E200400",,"49791","IMRD"
"E200500","Recurrent anxiety","E200500",,"11120","IMRD"
"E200z00","Anxiety state NOS","E200z00",,"125497","IMRD"
"E202.12","Phobic anxiety","E202.12",,"5441","IMRD"
"E292000","Separation anxiety disorder","E292000",,"1113","IMRD"
"Eu05400","[X]Organic anxiety disorder","Eu05400",,"401","IMRD"
"Eu34114","[X]Persistant anxiety depression","Eu34114",,"6395","IMRD"
"Eu40.00","[X]Phobic anxiety disorders","Eu40.00",,"14450","IMRD"
"Eu40y00","[X]Other phobic anxiety disorders","Eu40y00",,"136","IMRD"
"Eu40z00","[X]Phobic anxiety disorder, unspecified","Eu40z00",,"821","IMRD"
"Eu41.00","[X]Other anxiety disorders","Eu41.00",,"12373","IMRD"
"Eu41000","[X]Panic disorder [episodic paroxysmal anxiety]","Eu41000",,"5867","IMRD"
"Eu41011","[X]Panic attack","Eu41011",,"9047","IMRD"
"Eu41100","[X]Generalized anxiety disorder","Eu41100",,"24505","IMRD"
"Eu41111","[X]Anxiety neurosis","Eu41111",,"4830","IMRD"
"Eu41112","[X]Anxiety reaction","Eu41112",,"1341","IMRD"
"Eu41113","[X]Anxiety state","Eu41113",,"3858","IMRD"
"Eu41200","[X]Mixed anxiety and depressive disorder","Eu41200",,"40579","IMRD"
"Eu41211","[X]Mild anxiety depression","Eu41211",,"10059","IMRD"
"Eu41300","[X]Other mixed anxiety disorders","Eu41300",,"271","IMRD"
"Eu41y00","[X]Other specified anxiety disorders","Eu41y00",,"201","IMRD"
"Eu41y11","[X]Anxiety hysteria","Eu41y11",,"175","IMRD"
"Eu41z00","[X]Anxiety disorder, unspecified","Eu41z00",,"5489","IMRD"
"Eu41z11","[X]Anxiety NOS","Eu41z11",,"15126","IMRD"
"Eu51511","[X]Dream anxiety disorder","Eu51511",,"247","IMRD"
"R2y2.00","[D]Nervousness","R2y2.00",,"13633","IMRD"
"R2y2.11","[D]Nerves","R2y2.11",,"379","IMRD"
"R2y2.12","[D]Nervous tension","R2y2.12",,"1727","IMRD"
"Z4I7.00","Acknowledging anxiety","Z4I7.00",,"429","IMRD"
"Z4I7100","Recognising anxiety","Z4I7100",,"6","IMRD"
"Z4I7200","Alleviating anxiety","Z4I7200",,"426","IMRD"
"Z4I7211","Reducing anxiety","Z4I7211",,"207","IMRD"
"Z4L1.00","Anxiety counselling","Z4L1.00",,"2110","IMRD"
