"MEDICAL_CODE_ID","DESCRIPTION","READ_CODE","SNOMED_CT_CODE","FREQUENCY","DATABASE"
"251630012","H/O: anxiety state","1466.00","161470009","198965","CPRD_AURUM"
"252894016","General nervous symptoms","1B1..00","162189001","3015","CPRD_AURUM"
"294961014","Recurrent anxiety","E200500","191709001","120479","CPRD_AURUM"
"339044013","Panic attack","E200111","225624000","846887","CPRD_AURUM"
"481154010","Generalised anxiety disorder","E200200","21897009","409100","CPRD_AURUM"
"1210253015","Panic disorder","E200100","371631005","330309","CPRD_AURUM"
"1488717011","C/O - panic attack","1B1V.00","395017009","79747","CPRD_AURUM"
"2536376012","Anxiousness","1B13.00","48694002","660848","CPRD_AURUM"
"2549895012","O/E - panic attack","225J.00","417676004","3942","CPRD_AURUM"
"300681000000118","Referral for guided self-help for anxiety","8HHp.00","199101000000102","4210","CPRD_AURUM"
"516601000000113","Anxious","1B13.12","48694002","53768","CPRD_AURUM"
"909691000006113","[RFC] Anxiety management","","909691000006109","669","CPRD_AURUM"
"972931000006117","** The treatment of anxiety disorders","","972931000006101","0","CPRD_AURUM"
"1808511000006119","Recurrent panic attacks","","1808511000006103","4","CPRD_AURUM"
"1976491000006113","Mixed anxiety and depressive reaction","","1976491000006109","1290","CPRD_AURUM"
"2287071000000115","Anxiety about breathlessness","173f.00","702535006","286","CPRD_AURUM"
"2335571000000115","Patient given advice about management of anxiety","8CAZ000","908541000000103","17420","CPRD_AURUM"
"2391581000000111","Referral for guided self-help for anxiety declined","8IH5300","933461000000100","24","CPRD_AURUM"
"2618361000000113","Referral for psychological management of anxiety","","1037451000000103","542","CPRD_AURUM"
"252973015","General nervous symptom NOS","1B1Z.00","424196004","409","CPRD_AURUM"
"294953016","Anxiety state unspecified","E200000","198288003","153112","CPRD_AURUM"
"294963012","Anxiety state NOS","E200z00","198288003","970598","CPRD_AURUM"
"296224013","[X]Phobic anxiety disorders","Eu40.00","386810004","22076","CPRD_AURUM"
"296237011","[X]Phobic anxiety disorder, unspecified","Eu40z00","386810004","3721","CPRD_AURUM"
"296238018","[X]Other anxiety disorders","Eu41.00","197480006","30434","CPRD_AURUM"
"317958013","[D]Nervousness","R2y2.00","424196004","13519","CPRD_AURUM"
"1222553010","[D]Nerves","R2y2.11","424196004","2069","CPRD_AURUM"
"291881000006114","'Nerves'","1B12.11","424196004","9402","CPRD_AURUM"
"291891000006112","'Nerves' - nervousness","1B12.00","424196004","22832","CPRD_AURUM"
"363641000006114","[X]Anxiety hysteria","Eu41y11","197480006","611","CPRD_AURUM"
"363651000006111","[X]Anxiety neurosis","Eu41111","207363009","16464","CPRD_AURUM"
"363671000006118","[X]Anxiety reaction","Eu41112","197480006","27430","CPRD_AURUM"
"378291000006117","[X]Dream anxiety disorder","Eu51511","419145002","383","CPRD_AURUM"
"388071000006116","[X]Generalized anxiety disorder","Eu41100","21897009","78375","CPRD_AURUM"
"398351000006110","[X]Mild anxiety depression","Eu41211","231504006","24976","CPRD_AURUM"
"398561000006117","[X]Mixed anxiety and depressive disorder","Eu41200","231504006","296926","CPRD_AURUM"
"403931000006116","[X]Organic anxiety disorder","Eu05400","17496003","884","CPRD_AURUM"
"418031000006113","[X]Panic attack","Eu41011","371631005","24796","CPRD_AURUM"
"488211000006112","Anxiety with depression","E200300","231504006","7676247","CPRD_AURUM"
"488251000006113","Anxiousness - symptom","1B13.11","48694002","483577","CPRD_AURUM"
"296236019","[X]Other phobic anxiety disorders","Eu40y00","386810004","603","CPRD_AURUM"
"419841000006116","[X]Persistant anxiety depression","Eu34114","231504006","15452","CPRD_AURUM"
"488201000006114","Anxiety states","E200.00","197480006","5509868","CPRD_AURUM"
"7663271000006111","Management of anxiety","","710060004","99","CPRD_AURUM"
"8297491000006114","Education about anxiety","","861611000000100","39","CPRD_AURUM"
"3265831000006118","Adjustment disorder with anxiety","","47372000","9","CPRD_AURUM"
"4539991000006111","History of anxiety state","","161470009","2","CPRD_AURUM"
"6358151000006115","Episodic paroxysmal anxiety disorder","","371631005","4","CPRD_AURUM"
"2907991000006110","Social anxiety disorder","","25501002","20","CPRD_AURUM"
"3287761000006110","Feeling anxious","","48694002","157","CPRD_AURUM"
"6025531000006111","Anxiety counseling","","313087008","0","CPRD_AURUM"
"2848311000006117","GAD - Generalised anxiety disorder","","21897009","532","CPRD_AURUM"
"3287741000006111","Anxiety","","48694002","72699","CPRD_AURUM"
"6025541000006118","Counseling for anxiety","","313087008","0","CPRD_AURUM"
"2848291000006116","Generalized anxiety disorder","","21897009","83","CPRD_AURUM"
"2848301000006115","GAD - Generalized anxiety disorder","","21897009","5","CPRD_AURUM"
"2618401000000116","Referral for psychological management of anxiety declined","","1037471000000107","168","CPRD_AURUM"
"296249012","[X]Anxiety disorder, unspecified","Eu41z00","197480006","85773","CPRD_AURUM"
"363661000006113","[X]Anxiety NOS","Eu41z11","197480006","504540","CPRD_AURUM"
"1222552017","[D]Nervous tension","R2y2.12","425131000","2660","CPRD_AURUM"
"6910391000006112","On examination - panic attack","","417676004","0","CPRD_AURUM"
"6025551000006116","Counselling for anxiety","","313087008","0","CPRD_AURUM"
"296239014","[X]Panic disorder [episodic paroxysmal anxiety]","Eu41000","371631005","27313","CPRD_AURUM"
"2652351000000117","Signposting to Anxiety UK","","1053831000000101","71","CPRD_AURUM"
"1861181000006114","Breathlessness causing anxiety","","1861181000006105","100","CPRD_AURUM"
"853241000006119","Phobic anxiety","","853241000006103","28","CPRD_AURUM"
"294960010","Chronic anxiety","E200400","191708009","277262","CPRD_AURUM"
"2777721000006112","Organic anxiety disorder","","17496003","0","CPRD_AURUM"
"6550101000006115","Complaining of panic attack","","395017009","0","CPRD_AURUM"
"296245018","[X]Other mixed anxiety disorders","Eu41300","231504006","1813","CPRD_AURUM"
"1806261000006117","Psycho-education - anxiety","","1806261000006101","1","CPRD_AURUM"
"3287771000006115","Anxiety reaction","","48694002","1","CPRD_AURUM"
"441512015","Separation anxiety disorder","E292000","11806006","5062","CPRD_AURUM"
"401881014","[X]Other specified anxiety disorders","Eu41y00","197480006","1255","CPRD_AURUM"
"109281000006110","Tension - nervous","1B12.12","425131000","17408","CPRD_AURUM"
"223641000000116","Phobic anxiety","E202.12","386810004","52430","CPRD_AURUM"
"363681000006115","[X]Anxiety state","Eu41113","198288003","61706","CPRD_AURUM"
"6025521000006113","Anxiety counselling","","313087008","992","CPRD_AURUM"
"5024071000006118","Anxiety depression","","231504006","40","CPRD_AURUM"
"12703831000006115","[X]Organic anxiety disorder","","17496003","0","CPRD_AURUM"
"304838011","Anxiety state","E200.99","198288003","162435","CPRD_AURUM"
