"MEDICAL_CODE_ID","DESCRIPTION","READ_CODE","SNOMED_CT_CODE","FREQUENCY","DATABASE"
"131","Anxiousness","1B13.00",,"658593","CPRD_GOLD"
"462","Panic attack","E200111",,"317800","CPRD_GOLD"
"514","Tension - nervous","1B12.12",,"16662","CPRD_GOLD"
"636","Anxiety states","E200.00",,"1507776","CPRD_GOLD"
"655","Anxiety with depression","E200300",,"1076791","CPRD_GOLD"
"962","[X]Anxiety neurosis","Eu41111",,"7442","CPRD_GOLD"
"1758","Chronic anxiety","E200400",,"60749","CPRD_GOLD"
"2509","[D]Nervousness","R2y2.00",,"18298","CPRD_GOLD"
"3328","General nervous symptoms","1B1..00",,"1088","CPRD_GOLD"
"3407","H/O: anxiety state","1466.00",,"68229","CPRD_GOLD"
"3586","'Nerves'","1B12.11",,"13323","CPRD_GOLD"
"4069","Panic disorder","E200100",,"161317","CPRD_GOLD"
"4534","Anxiety state NOS","E200z00",,"150130","CPRD_GOLD"
"4634","Recurrent anxiety","E200500",,"13122","CPRD_GOLD"
"4659","Generalised anxiety disorder","E200200",,"62742","CPRD_GOLD"
"5385","[X]Other anxiety disorders","Eu41.00",,"14637","CPRD_GOLD"
"5902","Anxiousness - symptom","1B13.11",,"833797","CPRD_GOLD"
"6221","Separation anxiety disorder","E292000",,"1295","CPRD_GOLD"
"6408","[X]Panic attack","Eu41011",,"10881","CPRD_GOLD"
"6939","Anxiety state unspecified","E200000",,"38686","CPRD_GOLD"
"7749","[X]Mild anxiety depression","Eu41211",,"11255","CPRD_GOLD"
"7999","Anxiety counselling","Z4L1.00",,"2824","CPRD_GOLD"
"8205","[X]Panic disorder [episodic paroxysmal anxiety]","Eu41000",,"7894","CPRD_GOLD"
"9386","[X]Phobic anxiety disorders","Eu40.00",,"16174","CPRD_GOLD"
"9944","Phobic anxiety","E202.12",,"5993","CPRD_GOLD"
"10344","[X]Generalized anxiety disorder","Eu41100",,"26254","CPRD_GOLD"
"10723","[D]Nervous tension","R2y2.12",,"2031","CPRD_GOLD"
"11890","C/O - panic attack","1B1V.00",,"82116","CPRD_GOLD"
"11913","[X]Mixed anxiety and depressive disorder","Eu41200",,"51757","CPRD_GOLD"
"15220","[X]Persistant anxiety depression","Eu34114",,"8165","CPRD_GOLD"
"17687","[X]Dream anxiety disorder","Eu51511",,"301","CPRD_GOLD"
"17853","[D]Nerves","R2y2.11",,"482","CPRD_GOLD"
"19000","O/E - panic attack","225J.00",,"763","CPRD_GOLD"
"20089","General nervous symptom NOS","1B1Z.00",,"395","CPRD_GOLD"
"20773","[X]Organic anxiety disorder","Eu05400",,"469","CPRD_GOLD"
"22159","Acknowledging anxiety","Z4I7.00",,"510","CPRD_GOLD"
"23838","[X]Anxiety disorder, unspecified","Eu41z00",,"11153","CPRD_GOLD"
"24066","[X]Other specified anxiety disorders","Eu41y00",,"241","CPRD_GOLD"
"25638","[X]Anxiety NOS","Eu41z11",,"19876","CPRD_GOLD"
"26295","Reducing anxiety","Z4I7211",,"231","CPRD_GOLD"
"27685","[X]Other phobic anxiety disorders","Eu40y00",,"142","CPRD_GOLD"
"28167","[X]Anxiety hysteria","Eu41y11",,"214","CPRD_GOLD"
"28381","Alleviating anxiety","Z4I7200",,"437","CPRD_GOLD"
"28925","Referral for guided self-help for anxiety","8HHp.00",,"1801","CPRD_GOLD"
"29608","'Nerves' - nervousness","1B12.00",,"3076","CPRD_GOLD"
"34064","[X]Phobic anxiety disorder, unspecified","Eu40z00",,"912","CPRD_GOLD"
"35825","[X]Anxiety reaction","Eu41112",,"1482","CPRD_GOLD"
"44321","[X]Other mixed anxiety disorders","Eu41300",,"322","CPRD_GOLD"
"50191","[X]Anxiety state","Eu41113",,"5500","CPRD_GOLD"
"62935","Recognising anxiety","Z4I7100",,"10","CPRD_GOLD"
"93401","Anxious","1B13.12",,"19586","CPRD_GOLD"
"107410","Anxiety about breathlessness","173f.00",,"152","CPRD_GOLD"
"108107","Patient given advice about management of anxiety","8CAZ000",,"735","CPRD_GOLD"
"114506","Referral for guided self-help for anxiety declined","8IH5300",,"1","CPRD_GOLD"
