"MEDICAL_CODE_ID","DESCRIPTION","READ_CODE","SNOMED_CT_CODE","FREQUENCY","DATABASE"
"F064","Organic anxiety disorder","F06.4","","0","ICD10"
"F40","Phobic anxiety disorders","F40","","0","ICD10"
"F408","Other phobic anxiety disorders","F40.8","","0","ICD10"
"F409","Phobic anxiety disorder, unspecified","F40.9","","0","ICD10"
"F41","Other anxiety disorders","F41","","0","ICD10"
"F410","Panic disorder [episodic paroxysmal anxiety]","F41.0","","0","ICD10"
"F411","Generalized anxiety disorder","F41.1","","0","ICD10"
"F412","Mixed anxiety and depressive disorder","F41.2","","0","ICD10"
"F413","Other mixed anxiety disorders","F41.3","","0","ICD10"
"F418","Other specified anxiety disorders","F41.8","","0","ICD10"
"F419","Anxiety disorder, unspecified","F41.9","","0","ICD10"
"F606","Anxious [avoidant] personality disorder","F60.6","","0","ICD10"
