"MEDICAL_CODE_ID","DESCRIPTION","READ_CODE","SNOMED_CT_CODE","FREQUENCY","DATABASE"
"K29","Gastritis and duodenitis","K29","","0","ICD10"
"K290","Acute haemorrhagic gastritis","K29.0","","0","ICD10"
"K291","Other acute gastritis","K29.1","","0","ICD10"
"K292","Alcoholic gastritis","K29.2","","0","ICD10"
"K293","Chronic superficial gastritis","K29.3","","0","ICD10"
"K294","Chronic atrophic gastritis","K29.4","","0","ICD10"
"K295","Chronic gastritis, unspecified","K29.5","","0","ICD10"
"K296","Other gastritis","K29.6","","0","ICD10"
"K297","Gastritis, unspecified","K29.7","","0","ICD10"
"K298","Duodenitis","K29.8","","0","ICD10"
"K299","Gastroduodenitis, unspecified","K29.9","","0","ICD10"
