"MEDICAL_CODE_ID","DESCRIPTION","READ_CODE","SNOMED_CT_CODE","FREQUENCY","DATABASE"
"376","Duodenitis","J157.00",,"91833","CPRD_GOLD"
"1138","Gastritis unspecified","J155.00",,"342860","CPRD_GOLD"
"2936","Chronic gastritis","J151.00",,"15906","CPRD_GOLD"
"3341","Gastritis and duodenitis","J15..00",,"154231","CPRD_GOLD"
"4506","Alcoholic gastritis","J153.00",,"11246","CPRD_GOLD"
"5635","Acute gastritis","J150.00",,"77284","CPRD_GOLD"
"5858","Other specified gastritis","J154.00",,"5210","CPRD_GOLD"
"6412","Waterbrash symptom","1953.11",,"3774","CPRD_GOLD"
"6420","Non-infective gastritis NOS","J4z0.00",,"32943","CPRD_GOLD"
"8566","Dietetic gastritis","J433000",,"2614","CPRD_GOLD"
"9731","Gastritis and duodenitis NOS","J15z.00",,"4105","CPRD_GOLD"
"10906","Helicobacter gastritis","J154400",,"13859","CPRD_GOLD"
"11497","Chronic inflammatory gastritis","J151100",,"507","CPRD_GOLD"
"11519","Irritant gastritis","J154200",,"768","CPRD_GOLD"
"14849","[D]Waterbrash","R071100",,"1192","CPRD_GOLD"
"14928","Helicobacter gastritis","A074313",,"1193","CPRD_GOLD"
"15025","Chronic atrophic gastritis","J151000",,"2759","CPRD_GOLD"
"18260","Other specified gastritis NOS","J154z00",,"3123","CPRD_GOLD"
"18596","[V]Dietary counselling in gastritis","ZV65316",,"350","CPRD_GOLD"
"19190","Chronic gastritis NOS","J151z00",,"1999","CPRD_GOLD"
"25544","Gastroduodenitis unspecified","J156.00",,"522","CPRD_GOLD"
"27763","Corrosive gastritis","J154300",,"249","CPRD_GOLD"
"29492","Acute haemorrhagic gastritis","J150000",,"1148","CPRD_GOLD"
"33772","Waterbrash","1953.00",,"1925","CPRD_GOLD"
"38638","Chronic superficial gastritis","J151200",,"425","CPRD_GOLD"
"45769","[X]Other gastritis","Jyu1300",,"3339","CPRD_GOLD"
"58313",,"K293 N",,"0","CPRD_GOLD"
"58480",,"K293 FN",,"0","CPRD_GOLD"
"73154","[X]Other acute gastritis","Jyu1200",,"242","CPRD_GOLD"
"74398",,"K294.00",,"0","CPRD_GOLD"
"75506",,"K299 P",,"0","CPRD_GOLD"
"75988",,"K293 P",,"0","CPRD_GOLD"
"76090",,"K296.00",,"0","CPRD_GOLD"
"76547",,"K2982",,"0","CPRD_GOLD"
"76836",,"K2941AN",,"0","CPRD_GOLD"
"77082",,"K2941A",,"0","CPRD_GOLD"
"77636",,"K291.00",,"0","CPRD_GOLD"
"81157",,"K298.00",,"0","CPRD_GOLD"
"82014",,"K299.00",,"0","CPRD_GOLD"
"82234",,"K2991",,"0","CPRD_GOLD"
"82600",,"K2912",,"0","CPRD_GOLD"
"84673",,"K2941AA",,"0","CPRD_GOLD"
"84816",,"K2921",,"0","CPRD_GOLD"
"85321",,"K291 L",,"0","CPRD_GOLD"
"86961",,"K2911",,"0","CPRD_GOLD"
"87248",,"K294 A",,"0","CPRD_GOLD"
"87305",,"K290.00",,"0","CPRD_GOLD"
"88540",,"K2922",,"0","CPRD_GOLD"
"89217",,"K2906A",,"0","CPRD_GOLD"
"89853",,"K294 FH",,"0","CPRD_GOLD"
"89945",,"K2981",,"0","CPRD_GOLD"
"90668",,"K293.00",,"0","CPRD_GOLD"
"91362",,"K293 C",,"0","CPRD_GOLD"
"91640",,"K294 B",,"0","CPRD_GOLD"
