"MEDICAL_CODE_ID","DESCRIPTION","READ_CODE","SNOMED_CT_CODE","FREQUENCY","DATABASE"
"1953.00","Waterbrash","1953.00",,"1899","IMRD"
"1953.11","Waterbrash symptom","1953.11",,"3098","IMRD"
"A074313","Helicobacter gastritis","A074313",,"1244","IMRD"
"J15..00","Gastritis and duodenitis","J15..00",,"138837","IMRD"
"J150.00","Acute gastritis","J150.00",,"76655","IMRD"
"J150000","Acute haemorrhagic gastritis","J150000",,"1066","IMRD"
"J151.00","Chronic gastritis","J151.00",,"15194","IMRD"
"J151000","Chronic atrophic gastritis","J151000",,"4275","IMRD"
"J151100","Chronic inflammatory gastritis","J151100",,"387","IMRD"
"J151200","Chronic superficial gastritis","J151200",,"379","IMRD"
"J151z00","Chronic gastritis NOS","J151z00",,"1594","IMRD"
"J153.00","Alcoholic gastritis","J153.00",,"9999","IMRD"
"J154.00","Other specified gastritis","J154.00",,"5587","IMRD"
"J154200","Irritant gastritis","J154200",,"629","IMRD"
"J154300","Corrosive gastritis","J154300",,"252","IMRD"
"J154400","Helicobacter gastritis","J154400",,"11935","IMRD"
"J154z00","Other specified gastritis NOS","J154z00",,"2598","IMRD"
"J155.00","Gastritis unspecified","J155.00",,"272808","IMRD"
"J156.00","Gastroduodenitis unspecified","J156.00",,"621","IMRD"
"J157.00","Duodenitis","J157.00",,"80978","IMRD"
"J15z.00","Gastritis and duodenitis NOS","J15z.00",,"4617","IMRD"
"J433000","Dietetic gastritis","J433000",,"2522","IMRD"
"J4z0.00","Non-infective gastritis NOS","J4z0.00",,"30057","IMRD"
"Jyu1200","[X]Other acute gastritis","Jyu1200",,"251","IMRD"
"Jyu1300","[X]Other gastritis","Jyu1300",,"3088","IMRD"
"R071100","[D]Waterbrash","R071100",,"960","IMRD"
"ZV65316","[V]Dietary counselling in gastritis","ZV65316",,"316","IMRD"
