"MEDICAL_CODE_ID","DESCRIPTION","READ_CODE","SNOMED_CT_CODE","FREQUENCY","DATABASE"
"4525015","Alcoholic gastritis","J153.00","2043009","28336","CPRD_AURUM"
"15005019","Chronic gastritis","J151.00","8493009","62081","CPRD_AURUM"
"42686017","Acute gastritis","J150.00","25458004","323633","CPRD_AURUM"
"119655018","Duodenitis","J157.00","72007001","238868","CPRD_AURUM"
"252557017","Waterbrash symptom","1953.11","162030005","5170","CPRD_AURUM"
"252558010","Waterbrash","1953.00","162030005","5808","CPRD_AURUM"
"302616010","Gastritis and duodenitis","J15..00","196731005","351212","CPRD_AURUM"
"302630017","Corrosive gastritis","J154300","196740009","1091","CPRD_AURUM"
"303032015","Dietetic gastritis","J433000","197028009","5306","CPRD_AURUM"
"478553011","Acute haemorrhagic gastritis","J150000","2367005","5234","CPRD_AURUM"
"990741000006116","Gastritis/duodenitis NOS","J15..99","196731005","37","CPRD_AURUM"
"302632013","Other specified gastritis NOS","J154z00","4556007","6219","CPRD_AURUM"
"302633015","Gastritis unspecified","J155.00","4556007","863260","CPRD_AURUM"
"302634014","Gastroduodenitis unspecified","J156.00","196731005","7851","CPRD_AURUM"
"302635010","Gastritis and duodenitis NOS","J15z.00","196731005","30769","CPRD_AURUM"
"303048019","Non-infective gastritis NOS","J4z0.00","4556007","39360","CPRD_AURUM"
"303749019","[X]Other acute gastritis","Jyu1200","25458004","6415","CPRD_AURUM"
"303750019","[X]Other gastritis","Jyu1300","4556007","109284","CPRD_AURUM"
"554831000006112","Chronic inflammatory gastritis","J151100","8493009","3297","CPRD_AURUM"
"2635681000006118","CG - Chronic gastritis","","8493009","0","CPRD_AURUM"
"3875681000006115","CAG - Chronic atrophic gastritis","","84568007","0","CPRD_AURUM"
"3875631000006116","Atrophic gastritis","","84568007","414","CPRD_AURUM"
"3875661000006113","AG - Atrophic gastritis","","84568007","0","CPRD_AURUM"
"2536601000006112","Acute hemorrhagic gastritis","","2367005","0","CPRD_AURUM"
"12727831000006117","Gastritis and duodenitis NOS","","607781000000104","0","CPRD_AURUM"
"886021000006118","Chronic (atrophic) gastritis","J151099","196733008","1749","CPRD_AURUM"
"886031000006115","Gastritis/duodenitis NOS","J15z.99","607781000000104","13347","CPRD_AURUM"
"70968018","Irritant gastritis","J154200","42541005","13348","CPRD_AURUM"
"317465013","[D]Waterbrash","R071100","16331000","3336","CPRD_AURUM"
"4784541000006117","CSG - Chronic superficial gastritis","","196735001","0","CPRD_AURUM"
"12717091000006118","Chronic atrophic gastritis","","196733008","0","CPRD_AURUM"
"302624017","Other specified gastritis","J154.00","4556007","14627","CPRD_AURUM"
"222841000000112","Helicobacter gastritis","J154400","89538001","40950","CPRD_AURUM"
"819571000006118","Helicobacter gastritis","A074313","89538001","75213","CPRD_AURUM"
"302623011","Chronic gastritis NOS","J151z00","8493009","8907","CPRD_AURUM"
"302619015","Chronic atrophic gastritis","J151000","84568007","13707","CPRD_AURUM"
"302621013","Chronic superficial gastritis","J151200","196735001","2552","CPRD_AURUM"
"1227775018","[V]Dietary counselling in gastritis","ZV65316","424753004","326","CPRD_AURUM"
"3474471000006113","Giant rugal gastritis","","60002000","0","CPRD_AURUM"
