"MEDICAL_CODE_ID","DESCRIPTION","READ_CODE","SNOMED_CT_CODE","FREQUENCY","DATABASE"
"H90","Conductive and sensorineural hearing loss","H90","","0","ICD10"
"H900","Conductive hearing loss, bilateral","H90.0","","0","ICD10"
"H901","Conductive hearing loss, unilateral with unrestricted hearing on the contralateral side","H90.1","","0","ICD10"
"H902","Conductive hearing loss, unspecified","H90.2","","0","ICD10"
"H903","Sensorineural hearing loss, bilateral","H90.3","","0","ICD10"
"H904","Sensorineural hearing loss, unilateral with unrestricted hearing on the contralateral side","H90.4","","0","ICD10"
"H905","Sensorineural hearing loss, unspecified","H90.5","","0","ICD10"
"H906","Mixed conductive and sensorineural hearing loss, bilateral","H90.6","","0","ICD10"
"H907","Mixed conductive and sensorineural hearing loss, unilateral with unrestricted hearing on the contralateral side","H90.7","","0","ICD10"
"H908","Mixed conductive and sensorineural hearing loss, unspecified","H90.8","","0","ICD10"
"H911","Presbycusis","H91.1","","0","ICD10"
