"MEDICAL_CODE_ID","DESCRIPTION","READ_CODE","SNOMED_CT_CODE","FREQUENCY","DATABASE"
"7308400","Placement of hearing implant in external ear","7308400",,"106","IMRD"
"7317C00","Placement of hearing implant in middle ear","7317C00",,"124","IMRD"
"7319.00","Attachment of bone anchored hearing prosthesis","7319.00",,"70","IMRD"
"7319100","Insertion fixtures bone anchored hearing prosthesis Stage 2","7319100",,"5","IMRD"
"7319200","Reduction soft tissue for bone anchored hearing prosthesis","7319200",,"4","IMRD"
"7319300","Attention to fixtures for bone anchored hearing prosthesis","7319300",,"5","IMRD"
"7319400","One stage insert fixtures bone anchored hearing prosthesis","7319400",,"16","IMRD"
"7319500","Fitting external hearing prosthesis bone anchored fixtures","7319500",,"10","IMRD"
"7319600","First stge ins fixtures for bone anchored hearing prosthesis","7319600",,"0","IMRD"
"7319700","Second stage ins fixtures for bone anchored hearing prosth","7319700",,"0","IMRD"
"7319y00","Other specified attachment bone anchored hearing prosthesis","7319y00",,"3","IMRD"
"7319z00","Attachment of bone anchored hearing prosthesis NOS","7319z00",,"12","IMRD"
"E2F3200","Articulatory defect due to conductive hearing loss","E2F3200",,"1","IMRD"
"E2F3211","Articulatory impairment due to conductive hearing loss","E2F3211",,"0","IMRD"
"F581200","Noise-induced hearing loss","F581200",,"1852","IMRD"
"F59..00","Hearing loss","F59..00",,"497196","IMRD"
"F590.00","Conductive hearing loss","F590.00",,"26482","IMRD"
"F590000","Unspecified conductive hearing loss","F590000",,"3410","IMRD"
"F590100","Conductive hearing loss due to disorder of external ear","F590100",,"15","IMRD"
"F590300","Conductive hearing loss due to disorder of middle ear","F590300",,"201","IMRD"
"F590400","Conductive hearing loss due to disorder of inner ear","F590400",,"11","IMRD"
"F590500","Conductive hearing loss, bilateral","F590500",,"2065","IMRD"
"F590y00","Combined conductive hearing loss","F590y00",,"14","IMRD"
"F590z00","Conductive hearing loss NOS","F590z00",,"1272","IMRD"
"F591.00","Sensorineural hearing loss","F591.00",,"87943","IMRD"
"F591.14","Perceptive hearing loss","F591.14",,"428","IMRD"
"F591000","Unspecified perceptive hearing loss","F591000",,"3505","IMRD"
"F591100","Sensory hearing loss","F591100",,"2969","IMRD"
"F591200","Neural hearing loss","F591200",,"1719","IMRD"
"F591300","Central hearing loss","F591300",,"14","IMRD"
"F591600","Sensorineural hearing loss, bilateral","F591600",,"10847","IMRD"
"F591900","Bilateral profound sensorineural hearing loss","F591900",,"87","IMRD"
"F591A00","Bilateral congenital sensorineural hearing loss","F591A00",,"68","IMRD"
"F591B00","Profound sensorineural hearing loss","F591B00",,"124","IMRD"
"F591D00","Mild sensorineural hearing loss","F591D00",,"1888","IMRD"
"F591E00","Severe sensorineural hearing loss","F591E00",,"179","IMRD"
"F591y00","Combined perceptive hearing loss","F591y00",,"75","IMRD"
"F591z00","Perceptive hearing loss NOS","F591z00",,"453","IMRD"
"F592.11","Mixed hearing loss","F592.11",,"1567","IMRD"
"F592100","Mixed conductive and sensorineural hearing loss, bilateral","F592100",,"540","IMRD"
"F597.00","Mild acquired hearing loss","F597.00",,"583","IMRD"
"F598.00","Moderate acquired hearing loss","F598.00",,"220","IMRD"
"F599.00","Severe acquired hearing loss","F599.00",,"84","IMRD"
"F59A.00","Profound acquired hearing loss","F59A.00",,"152","IMRD"
"F59y.00","Other specified forms of hearing loss","F59y.00",,"869","IMRD"
"FyuU100","[X]Other specified hearing loss","FyuU100",,"45","IMRD"
"ZE87.16","HL - Hearing loss","ZE87.16",,"1497","IMRD"
