"MEDICAL_CODE_ID","DESCRIPTION","READ_CODE","SNOMED_CT_CODE","FREQUENCY","DATABASE"
"338","Tinnitus","F583.00",,"476047","CPRD_GOLD"
"3494","Buzzing in ear","1C22.00",,"14973","CPRD_GOLD"
"9927","Tinnitus symptoms","1C2..00",,"42241","CPRD_GOLD"
"12809","Ringing in ear","1C23.00",,"12177","CPRD_GOLD"
"17555","Hissing in ear","1C24.00",,"1444","CPRD_GOLD"
"33737","Tinnitus NOS","F583z00",,"5151","CPRD_GOLD"
"36213","Tinnitus symptom NOS","1C2Z.00",,"3184","CPRD_GOLD"
"38400","Roaring in ear","1C25.00",,"262","CPRD_GOLD"
"44519","Subjective tinnitus","F583100",,"190","CPRD_GOLD"
"44714","Unspecified tinnitus","F583000",,"626","CPRD_GOLD"
"45977","Observation of tinnitus","ZEB..00",,"100","CPRD_GOLD"
"46011","Fit tinnitus masker","Z911200",,"62","CPRD_GOLD"
"59173","Objective tinnitus","F583200",,"35","CPRD_GOLD"
