"MEDICAL_CODE_ID","DESCRIPTION","READ_CODE","SNOMED_CT_CODE","FREQUENCY","DATABASE"
"1C2..00","Tinnitus symptoms","1C2..00",,"37019","IMRD"
"1C22.00","Buzzing in ear","1C22.00",,"12456","IMRD"
"1C23.00","Ringing in ear","1C23.00",,"9983","IMRD"
"1C24.00","Hissing in ear","1C24.00",,"1445","IMRD"
"1C25.00","Roaring in ear","1C25.00",,"254","IMRD"
"1C2Z.00","Tinnitus symptom NOS","1C2Z.00",,"2279","IMRD"
"F583.00","Tinnitus","F583.00",,"398651","IMRD"
"F583000","Unspecified tinnitus","F583000",,"567","IMRD"
"F583100","Subjective tinnitus","F583100",,"168","IMRD"
"F583200","Objective tinnitus","F583200",,"24","IMRD"
"F583z00","Tinnitus NOS","F583z00",,"4266","IMRD"
"Z911200","Fit tinnitus masker","Z911200",,"49","IMRD"
"ZEB..00","Observation of tinnitus","ZEB..00",,"80","IMRD"
