"MEDICAL_CODE_ID","DESCRIPTION","READ_CODE","SNOMED_CT_CODE","FREQUENCY","DATABASE"
"101130017","Tinnitus","F583.00","60862001","994288","CPRD_AURUM"
"253172016","Buzzing in ear","1C22.00","162351000","28990","CPRD_AURUM"
"253173014","Ringing in ear","1C23.00","162352007","28373","CPRD_AURUM"
"253174015","Hissing in ear","1C24.00","162353002","5840","CPRD_AURUM"
"299212019","Unspecified tinnitus","F583000","60862001","5903","CPRD_AURUM"
"299214018","Tinnitus NOS","F583z00","60862001","27018","CPRD_AURUM"
"3515311000006111","Tinnitus aurium","","62452009","0","CPRD_AURUM"
"3488681000006111","Ringing in ears","","60862001","1","CPRD_AURUM"
"253176018","Tinnitus symptom NOS","1C2Z.00","60862001","18925","CPRD_AURUM"
"253175019","Roaring in ear","1C25.00","162354008","1090","CPRD_AURUM"
"103798013","Subjective tinnitus","F583100","62452009","2620","CPRD_AURUM"
"4547941000006111","Observation of tinnitus","","162349004","0","CPRD_AURUM"
"3488671000006113","Noise in ears","","60862001","0","CPRD_AURUM"
"48076013","Objective tinnitus","F583200","28715001","231","CPRD_AURUM"
"102721000006110","Tinnitus symptoms","1C2..00","60862001","204231","CPRD_AURUM"
"5034681000006110","Tinnitus of vascular origin","","232322006","3","CPRD_AURUM"
"7980921000006110","Bilateral tinnitus","","4831000119102","32","CPRD_AURUM"
"5953181000006111","Referral to tinnitus management service","","306222006","8","CPRD_AURUM"
"5318441000006115","Tinnitus assessment","","252603000","14","CPRD_AURUM"
"5034641000006116","Noise-induced tinnitus","","232318001","16","CPRD_AURUM"
"5034691000006113","Pulsatile tinnitus","","232322006","26","CPRD_AURUM"
