"MEDICAL_CODE_ID","DESCRIPTION","READ_CODE","SNOMED_CT_CODE","FREQUENCY","DATABASE"
"251621016","H/O: purpura","1456.00","161461006","2386","CPRD_AURUM"
"254254010","O/E - mouth - purpuric spots","2535.00","163147004","149","CPRD_AURUM"
"255555015","O/E - Hess test for purpura","2C6..00","164169001","8","CPRD_AURUM"
"255775014","O/E - petechiae present","2F23.00","164331003","14768","CPRD_AURUM"
"294341011","Acute vascular purpura","D310012","191306005","889","CPRD_AURUM"
"982381000006114","Purpura","","982381000006105","58","CPRD_AURUM"
"53918014","Idiopathic purpura","D313011","32273002","399","CPRD_AURUM"
"294393013","Other specified haemorrhagic conditions","D31y.00","64779008","419","CPRD_AURUM"
"317224011","[D]Petechiae","R027000","271813007","10828","CPRD_AURUM"
"786601000006116","Idiopathic purpura","D313.13","32273002","422","CPRD_AURUM"
"786681000006113","Idiopathic thrombocytopenic purpura","D313.12","32273002","1578","CPRD_AURUM"
"294615012","[X]Other specified haemorrhagic conditions","Dyu3300","131148009","87","CPRD_AURUM"
"758831000006117","ITP - idiopathic thrombocytopenic purpura","D313012","32273002","49409","CPRD_AURUM"
"2836101000006115","Calcaneal petechiae","","21143006","5","CPRD_AURUM"
"3371641000006114","Solar purpura","","53751009","0","CPRD_AURUM"
"3319061000006113","Lung purpura with nephritis syndrome","","50581000","0","CPRD_AURUM"
"3413661000006110","Majocchi's purpura","","56231002","0","CPRD_AURUM"
"3019691000006114","ITP - idiopathic thrombocytopenic purpura","","32273002","0","CPRD_AURUM"
"4762441000006112","Henoch's purpura","","191306005","0","CPRD_AURUM"
"5065471000006117","Non-thrombocytopenic purpura","","234493006","0","CPRD_AURUM"
"6477801000006117","Disorder characterised by purpura","","387778001","0","CPRD_AURUM"
"3019661000006118","Idiopathic purpura","","32273002","0","CPRD_AURUM"
"4762451000006114","Autoimmune purpura","","191306005","0","CPRD_AURUM"
"5065491000006116","Secondary non-thrombocytopenic purpura","","234495004","0","CPRD_AURUM"
"297601000006113","Nonthrombocytopenic purpura NOS","D312z00","21112004","1039","CPRD_AURUM"
"371161000006111","[X]Coagul defects, purpura & other haemorrhagic conditions","Dyu3.00","362970003","16","CPRD_AURUM"
"882081000006118","Nonthrombocytop. purpura NOS","D312.99","275446004","217","CPRD_AURUM"
"89346015","Senile purpura","D312000","53751009","10843","CPRD_AURUM"
"294334017","Purpura and other haemorrhagic conditions","D31..00","387778001","11115","CPRD_AURUM"
"4576101000006111","On examination - Hess test for purpura","","164169001","0","CPRD_AURUM"
"2835591000006113","Vascular purpura","","21112004","0","CPRD_AURUM"
"11926311000006113","ITP - Idiopathic thrombocytopenic purpura","","32273002","0","CPRD_AURUM"
"4578781000006119","On examination - petechiae present","","164331003","0","CPRD_AURUM"
"1492272016","Purpura","D312100","387778001","30631","CPRD_AURUM"
"412281000006116","[X]Other nonthrombocytopenic purpura","Dyu3100","277791008","37","CPRD_AURUM"
"3371631000006116","Purpura senilis","","53751009","0","CPRD_AURUM"
"4539801000006110","History of purpura","","161461006","0","CPRD_AURUM"
"3770811000006115","TTP - Thrombotic thrombocytopenic purpura","","78129009","3","CPRD_AURUM"
"4558601000006118","On examination - mouth - purpuric spots","","163147004","0","CPRD_AURUM"
"6477811000006119","Disorder characterized by purpura","","387778001","0","CPRD_AURUM"
"406782013","Petechiae","2FS..00","271813007","29300","CPRD_AURUM"
"53913017","Idiopathic thrombocytopenic purpura","D313000","32273002","15661","CPRD_AURUM"
"25501000006115","Other nonthrombocytopenic purpura","D312.00","234493006","589","CPRD_AURUM"
"265211000006118","O/E - purpura in mouth","2534.11","163147004","48","CPRD_AURUM"
"3019701000006114","ITP - immune thrombocytopenic purpura","","32273002","5","CPRD_AURUM"
"3371651000006111","Bateman's purpura","","53751009","0","CPRD_AURUM"
"5683631000006113","Purpuric rash","","284078000","42","CPRD_AURUM"
"2957881000006112","Acute idiopathic thrombocytopenic purpura","","28505005","1","CPRD_AURUM"
"6220741000006113","Stasis purpura","","361210001","1","CPRD_AURUM"
"3311201000006117","Petechiae","","50091001","4","CPRD_AURUM"
"2823181000006119","Pigmented purpuric eruption","","20343006","1","CPRD_AURUM"
"5126311000006110","Itching purpura","","238781005","9","CPRD_AURUM"
"2697291000006118","Purpura","","12393003","310","CPRD_AURUM"
"5561981000006112","O/E - petechiae on skin","","274309006","14","CPRD_AURUM"
"2714031000006114","Purpura fulminans","","13507004","1","CPRD_AURUM"
"5453981000006112","Traumatic petechiae","","262530001","5","CPRD_AURUM"
