"MEDICAL_CODE_ID","DESCRIPTION","READ_CODE","SNOMED_CT_CODE","FREQUENCY","DATABASE"
"1456.00","H/O: purpura","1456.00",,"1789","IMRD"
"2534.11","O/E - purpura in mouth","2534.11",,"26","IMRD"
"2535.00","O/E - mouth - purpuric spots","2535.00",,"12","IMRD"
"2C6..00","O/E - Hess test for purpura","2C6..00",,"12","IMRD"
"2F23.00","O/E - petechiae present","2F23.00",,"10802","IMRD"
"2FS..00","Petechiae","2FS..00",,"4956","IMRD"
"D31..00","Purpura and other haemorrhagic conditions","D31..00",,"1743","IMRD"
"D310012","Acute vascular purpura","D310012",,"78","IMRD"
"D312.00","Other nonthrombocytopenic purpura","D312.00",,"82","IMRD"
"D312000","Senile purpura","D312000",,"4250","IMRD"
"D312100","Purpura","D312100",,"14767","IMRD"
"D312z00","Nonthrombocytopenic purpura NOS","D312z00",,"1689","IMRD"
"D313.12","Idiopathic thrombocytopenic purpura","D313.12",,"1652","IMRD"
"D313.13","Idiopathic purpura","D313.13",,"14","IMRD"
"D313000","Idiopathic thrombocytopenic purpura","D313000",,"3181","IMRD"
"D313011","Idiopathic purpura","D313011",,"360","IMRD"
"D313012","ITP - idiopathic thrombocytopenic purpura","D313012",,"10726","IMRD"
"D31y.00","Other specified haemorrhagic conditions","D31y.00",,"78","IMRD"
"Dyu3.00","[X]Coagul defects, purpura & other haemorrhagic conditions","Dyu3.00",,"0","IMRD"
"Dyu3100","[X]Other nonthrombocytopenic purpura","Dyu3100",,"1","IMRD"
"Dyu3300","[X]Other specified haemorrhagic conditions","Dyu3300",,"4","IMRD"
"R027000","[D]Petechiae","R027000",,"4384","IMRD"
