"MEDICAL_CODE_ID","DESCRIPTION","READ_CODE","SNOMED_CT_CODE","FREQUENCY","DATABASE"
"4166","[D]Petechiae","R027000",,"6133","CPRD_GOLD"
"5144","Idiopathic thrombocytopenic purpura","D313.12",,"2377","CPRD_GOLD"
"5181","ITP - idiopathic thrombocytopenic purpura","D313012",,"11909","CPRD_GOLD"
"6656","Petechiae","2FS..00",,"5703","CPRD_GOLD"
"7280","O/E - petechiae present","2F23.00",,"12397","CPRD_GOLD"
"8495","Purpura","D312100",,"17439","CPRD_GOLD"
"8532","Senile purpura","D312000",,"4885","CPRD_GOLD"
"9503","Purpura and other haemorrhagic conditions","D31..00",,"1805","CPRD_GOLD"
"12234","Idiopathic thrombocytopenic purpura","D313000",,"3430","CPRD_GOLD"
"15001","Nonthrombocytopenic purpura NOS","D312z00",,"2522","CPRD_GOLD"
"15417","H/O: purpura","1456.00",,"2077","CPRD_GOLD"
"21604","Idiopathic purpura","D313011",,"387","CPRD_GOLD"
"35436","O/E - purpura in mouth","2534.11",,"30","CPRD_GOLD"
"41784","Acute vascular purpura","D310012",,"99","CPRD_GOLD"
"47203","Other specified haemorrhagic conditions","D31y.00",,"81","CPRD_GOLD"
"52372","O/E - mouth - purpuric spots","2535.00",,"19","CPRD_GOLD"
"52667","Other nonthrombocytopenic purpura","D312.00",,"104","CPRD_GOLD"
"57543","O/E - Hess test for purpura","2C6..00",,"12","CPRD_GOLD"
"58691","[X]Other specified haemorrhagic conditions","Dyu3300",,"4","CPRD_GOLD"
"71257","Idiopathic purpura","D313.13",,"9","CPRD_GOLD"
"97714","[X]Other nonthrombocytopenic purpura","Dyu3100",,"2","CPRD_GOLD"
