"MEDICAL_CODE_ID","DESCRIPTION","READ_CODE","SNOMED_CT_CODE","FREQUENCY","DATABASE"
"305090010","Menopausal flushing","K5A2000","198436008","268465","CPRD_AURUM"
"2475621015","Hot flushes","1657.00","198436008","210781","CPRD_AURUM"
"4792701000006115","Hot flashes","","198436008","0","CPRD_AURUM"
"5529811000006117","Flushes","","271811009","0","CPRD_AURUM"
"828351000006118","Hot flushes - menopausal","K5A2011","198436008","362725","CPRD_AURUM"
"4792721000006113","Menopausal hot flashes","","198436008","0","CPRD_AURUM"
"4792691000006115","Hot flush","","198436008","1","CPRD_AURUM"
