"MEDICAL_CODE_ID","DESCRIPTION","READ_CODE","SNOMED_CT_CODE","FREQUENCY","DATABASE"
"67950018","Dysphagia","194..11","40739000","494999","CPRD_AURUM"
"252548011","Difficulty swallowing solids","1942.00","162024005","36457","CPRD_AURUM"
"252550015","Difficulty swallowing liquids","1943.00","162025006","6572","CPRD_AURUM"
"397908014","Swallowing symptoms","194..00","267048005","183732","CPRD_AURUM"
"982661000006112","Dysphagia","","982661000006108","2199","CPRD_AURUM"
"1668091000000116","Dysphagia screening completed","9Oq7.00","718191000000107","578","CPRD_AURUM"
"2297331000000116","Referral to feeding and swallowing service","8T0K.00","892141000000104","611","CPRD_AURUM"
"317469019","[D]Dysphagia NOS","R072z00","40739000","13579","CPRD_AURUM"
"5739371000006115","Difficulty swallowing food","","288945004","176","CPRD_AURUM"
"6617711000006115","Impaired swallowing","","399122003","3","CPRD_AURUM"
"2986821000006119","Painful swallowing","","30233002","1","CPRD_AURUM"
"6617701000006118","Swallowing problem","","399122003","1378","CPRD_AURUM"
"3155971000006116","Swallowing difficult","","40739000","2","CPRD_AURUM"
"4943671000006110","Choking during swallowing","","225589000","144","CPRD_AURUM"
"317467017","[D]Dysphagia","R072.00","40739000","74199","CPRD_AURUM"
"317468010","[D]Difficulty in swallowing","R072000","40739000","147690","CPRD_AURUM"
"252551016","Swallowing symptom NOS","194Z.00","258149004","12051","CPRD_AURUM"
"6617721000006111","Swallowing impairment","","399122003","0","CPRD_AURUM"
"460639017","[V]Problem with swallowing or mastication","ZV41600","243796009","1425","CPRD_AURUM"
"50596017","Painful swallowing","1944.00","30233002","35596","CPRD_AURUM"
"960231000006116","Difficulty/inability to chew/swallow/digest","","960231000006100","93","CPRD_AURUM"
"339003012","Chokes when swallowing","1946.00","225589000","2086","CPRD_AURUM"
"50595018","Odynophagia","1944.11","30233002","8700","CPRD_AURUM"
"1227659013","[V]Problems with swallowing","ZV41612","399122003","8360","CPRD_AURUM"
"4545991000006110","Difficulty swallowing fluid","","162025006","275","CPRD_AURUM"
"12223741000006117","Food sticks on swallowing","","288945004","1","CPRD_AURUM"
"2642911000000117","O/E - swallowing abnormality","","1049221000000102","331","CPRD_AURUM"
"8219461000006114","Dysphagia screen completed","","718191000000107","10","CPRD_AURUM"
"2986831000006116","Pain on swallowing","","30233002","2","CPRD_AURUM"
