"MEDICAL_CODE_ID","DESCRIPTION","READ_CODE","SNOMED_CT_CODE","FREQUENCY","DATABASE"
"727","[D]Difficulty in swallowing","R072000",,"79230","CPRD_GOLD"
"1241","Dysphagia","194..11",,"286516","CPRD_GOLD"
"4281","[D]Dysphagia","R072.00",,"10031","CPRD_GOLD"
"6300","Difficulty swallowing solids","1942.00",,"3271","CPRD_GOLD"
"10360","Swallowing symptoms","194..00",,"44880","CPRD_GOLD"
"16693","[V]Problems with swallowing","ZV41612",,"683","CPRD_GOLD"
"18878","Painful swallowing","1944.00",,"8566","CPRD_GOLD"
"26042","Difficulty swallowing liquids","1943.00",,"719","CPRD_GOLD"
"30955","[D]Dysphagia NOS","R072z00",,"1982","CPRD_GOLD"
"32194","Swallowing symptom NOS","194Z.00",,"1801","CPRD_GOLD"
"41885","Odynophagia","1944.11",,"204","CPRD_GOLD"
"45560","Dysphagia therapy regime","ZD34.00",,"40","CPRD_GOLD"
"48678","Protected swallow technique","ZD34100",,"36","CPRD_GOLD"
"48764","Swallowing promotion therapy","ZD5..00",,"103","CPRD_GOLD"
"51247","Warner dysphagia assessment","ZRrK.00",,"27","CPRD_GOLD"
"70256","[V]Problem with swallowing or mastication","ZV41600",,"265","CPRD_GOLD"
"103094","Dysphagia screening completed","9Oq7.00",,"38","CPRD_GOLD"
"108145","Referral to feeding and swallowing service","8T0K.00",,"201","CPRD_GOLD"
"110485","Chokes when swallowing","1946.00",,"210","CPRD_GOLD"
