"MEDICAL_CODE_ID","DESCRIPTION","READ_CODE","SNOMED_CT_CODE","FREQUENCY","DATABASE"
"194..00","Swallowing symptoms","194..00",,"37758","IMRD"
"194..11","Dysphagia","194..11",,"217102","IMRD"
"1942.00","Difficulty swallowing solids","1942.00",,"3333","IMRD"
"1943.00","Difficulty swallowing liquids","1943.00",,"759","IMRD"
"1944.00","Painful swallowing","1944.00",,"7455","IMRD"
"1944.11","Odynophagia","1944.11",,"165","IMRD"
"1946.00","Chokes when swallowing","1946.00",,"185","IMRD"
"194Z.00","Swallowing symptom NOS","194Z.00",,"1820","IMRD"
"25W1.00","O/E - swallowing abnormality","25W1.00",,"5","IMRD"
"8B3O300","Drug declined by patient - problem swallowing","8B3O300",,"457","IMRD"
"8T0K.00","Referral to feeding and swallowing service","8T0K.00",,"231","IMRD"
"9Oq7.00","Dysphagia screening completed","9Oq7.00",,"40","IMRD"
"R072.00","[D]Dysphagia","R072.00",,"7463","IMRD"
"R072000","[D]Difficulty in swallowing","R072000",,"63335","IMRD"
"R072z00","[D]Dysphagia NOS","R072z00",,"1769","IMRD"
"ZD34.00","Dysphagia therapy regime","ZD34.00",,"40","IMRD"
"ZD34100","Protected swallow technique","ZD34100",,"35","IMRD"
"ZD5..00","Swallowing promotion therapy","ZD5..00",,"71","IMRD"
"ZRrK.00","Warner dysphagia assessment","ZRrK.00",,"23","IMRD"
"ZV41600","[V]Problem with swallowing or mastication","ZV41600",,"236","IMRD"
"ZV41612","[V]Problems with swallowing","ZV41612",,"483","IMRD"
