"MEDICAL_CODE_ID","DESCRIPTION","READ_CODE","SNOMED_CT_CODE","FREQUENCY","DATABASE"
"295360013","Neurocirculatory asthenia","E262200","191962000","162","CPRD_AURUM"
"2162212015","[X]Neurocirculatory asthenia","Eu45314","231517009","8","CPRD_AURUM"
"376741000006119","[X]Depressive neurosis","Eu34111","78667006","3001","CPRD_AURUM"
"379431000006113","[X]Dysthymia","Eu34100","78667006","33472","CPRD_AURUM"
"399961000006118","[X]Neurotic depression","Eu34113","78667006","7953","CPRD_AURUM"
"423801000006114","[X]Psychasthenia neurosis","Eu46y15","111475002","8","CPRD_AURUM"
"399841000006110","[X]Neurasthenia","Eu46000","78667006","2022","CPRD_AURUM"
"677031000006115","Nervous exhaustion","E205.11","78667006","11744","CPRD_AURUM"
"11914901000006114","[X]Depressive personality disorder","","78667006","0","CPRD_AURUM"
"882421000006113","Depressive personality","E211299","78667006","2698","CPRD_AURUM"
"677321000006115","Neurasthenia - nervous debility","E205.00","78667006","229372","CPRD_AURUM"
"11924881000006115","Neurasthenia","","78667006","0","CPRD_AURUM"
"882411000006117","Nervous debility -neurasthenia","E205.99","52702003","1466","CPRD_AURUM"
"613781000006118","Depressive personality disorder","E211200","78667006","42057","CPRD_AURUM"
