"MEDICAL_CODE_ID","DESCRIPTION","READ_CODE","SNOMED_CT_CODE","FREQUENCY","DATABASE"
"253900014","O/E - hyperventilating","232A.00","162899009","13788","CPRD_AURUM"
"4554541000006113","O/E - tachypnea","","162916002","0","CPRD_AURUM"
"5529941000006111","Tachypnoeic","","271823003","5","CPRD_AURUM"
"5529901000006114","Tachypnoea","","271823003","0","CPRD_AURUM"
"317382011","[D]Hyperventilation","R060100","68978004","102002","CPRD_AURUM"
"253920010","O/E - tachypnoea","2353.00","162916002","15332","CPRD_AURUM"
"5529921000006116","Rapid respiration","","271823003","0","CPRD_AURUM"
"4554551000006110","On examination - tachypnea","","162916002","0","CPRD_AURUM"
"11989441000006118","Tachypnea","","271823003","0","CPRD_AURUM"
"5529931000006118","Rapid breathing","","271823003","36","CPRD_AURUM"
"5529951000006113","Tachypneic","","271823003","0","CPRD_AURUM"
"317386014","[D]Tachypnoea","R060300","271823003","7624","CPRD_AURUM"
"11905791000006119","Tachypnea","","271823003","3","CPRD_AURUM"
