"MEDICAL_CODE_ID","DESCRIPTION","READ_CODE","SNOMED_CT_CODE","FREQUENCY","DATABASE"
"295382018","Psychogenic constipation","E264500","191973007","923","CPRD_AURUM"
"303161017","Constipation - functional","J520.00","197118003","330094","CPRD_AURUM"
"303163019","Chronic constipation without overflow","J520200","197120000","16859","CPRD_AURUM"
"353853017","Chronic constipation","J520400","236069009","39834","CPRD_AURUM"
"484894013","Chronic constipation with overflow","J520100","31499008","50250","CPRD_AURUM"
"1783499018","Painful defaecation","19EC.00","225595004","13607","CPRD_AURUM"
"2162207016","Constipated","19C2.00","14760008","587266","CPRD_AURUM"
"909031000006119","[RFC] Constipation","","909031000006103","25615","CPRD_AURUM"
"960411000006111","Painful defecation","","960411000006107","673","CPRD_AURUM"
"1726521000006115","Chronic constipation","","1726521000006104","1903","CPRD_AURUM"
"1779381000000111","Education for constipation care","","795971000000104","74","CPRD_AURUM"
"303165014","Other specified constipation","J520y00","14760008","3004","CPRD_AURUM"
"303166010","Constipation NOS","19CZ.00","14760008","135820","CPRD_AURUM"
"590101000006113","Constipation NOS","J520z00","14760008","641773","CPRD_AURUM"
"255196012","O/E - defaec.ref.abn.-constip.","2AF2.00","163890000","181","CPRD_AURUM"
"4786191000006112","Functional constipation","","197118003","3","CPRD_AURUM"
"3007481000006116","Overflow incontinence due to constipation","","31499008","2","CPRD_AURUM"
"12454501000006110","O/E - defaec.ref.abn.-constip.","","163890000","0","CPRD_AURUM"
"2733901000006113","Difficult passing motion","","14760008","5","CPRD_AURUM"
"3219731000006112","Fecal impaction in rectum","","44635007","0","CPRD_AURUM"
"4786201000006110","Constipation-functional","","197118003","5","CPRD_AURUM"
"2733841000006117","Difficulty defaecating","","14760008","25","CPRD_AURUM"
"2733861000006118","Difficulty passing stool","","14760008","32","CPRD_AURUM"
"3219651000006110","Fecal impaction of rectum","","44635007","0","CPRD_AURUM"
"2733871000006113","Difficulty opening bowels","","14760008","130","CPRD_AURUM"
"2733891000006114","CN - Constipation","","14760008","0","CPRD_AURUM"
"2733851000006115","Difficulty defecating","","14760008","0","CPRD_AURUM"
"3219661000006112","Faecal impaction of rectum","","44635007","0","CPRD_AURUM"
"1824011000006112","Paediatric constipation clinical pathway protocol followed","","1824011000006108","1","CPRD_AURUM"
"906171000006112","[RFC] Constipation","","906171000006108","208","CPRD_AURUM"
"25076018","Constipation","19C..00","14760008","4433787","CPRD_AURUM"
"661991000006115","Faeces consistency: hard","4745.00","75295004","2145","CPRD_AURUM"
"4571321000006111","On examination - defecation reflex abnormal - constipated","","163890000","0","CPRD_AURUM"
"982721000006114","Constipation","","982721000006105","530","CPRD_AURUM"
"303162012","Acute constipation","J520000","197119006","15737","CPRD_AURUM"
"590111000006111","Constipation symptom","19C..11","14760008","1068846","CPRD_AURUM"
"2197541000000118","Constipation in children clinical pathway","8CMW100","847591000000107","243","CPRD_AURUM"
"4943831000006111","Painful defecation","","225595004","1","CPRD_AURUM"
"1824121000006115","Paediatric constipation clinical pathway protocol not followed","","1824121000006104","3","CPRD_AURUM"
"886331000006117","Faecal and other impaction","J503.99","62851005","217","CPRD_AURUM"
"493967017","Faecal impaction","J503100","44635007","28931","CPRD_AURUM"
"4571301000006118","On examination - defaecation reflex abnormal - constipated","","163890000","0","CPRD_AURUM"
"3219701000006116","Fecal impaction","","44635007","4","CPRD_AURUM"
"3596741000006115","Faecal impaction","","67409000","10","CPRD_AURUM"
"3068881000006119","Slow transit constipation","","35298007","65","CPRD_AURUM"
"3446061000006115","Intermittent constipation pattern","","58230007","1","CPRD_AURUM"
"3068901000006117","Constipation by delayed colonic transit","","35298007","1","CPRD_AURUM"
"7275421000006117","Dietary education for constipation","","443307007","82","CPRD_AURUM"
"7159921000006114","Atonic constipation","","432414001","1","CPRD_AURUM"
"5272771000006119","Constipation alternates with diarrhoea","","249517009","15","CPRD_AURUM"
"5089151000006118","Simple constipation","","236070005","120","CPRD_AURUM"
