"MEDICAL_CODE_ID","DESCRIPTION","READ_CODE","SNOMED_CT_CODE","FREQUENCY","DATABASE"
"1028","Constipation","19C..00",,"1386616","CPRD_GOLD"
"1709","Constipation - functional","J520.00",,"82885","CPRD_GOLD"
"2004","Constipation symptom","19C..11",,"924795","CPRD_GOLD"
"5803","Constipation NOS","J520z00",,"526119","CPRD_GOLD"
"6364","Chronic constipation with overflow","J520100",,"7704","CPRD_GOLD"
"8541","Painful defaecation","19EC.00",,"6778","CPRD_GOLD"
"10687","Faecal impaction","J503100",,"13006","CPRD_GOLD"
"15939","Psychogenic constipation","E264500",,"394","CPRD_GOLD"
"17652","Constipated","19C2.00",,"63541","CPRD_GOLD"
"20450","Constipation NOS","19CZ.00",,"18671","CPRD_GOLD"
"23641","Acute constipation","J520000",,"3163","CPRD_GOLD"
"24180","Other specified constipation","J520y00",,"913","CPRD_GOLD"
"25797","Chronic constipation without overflow","J520200",,"2829","CPRD_GOLD"
"52085","Faeces consistency: hard","4745.00",,"72","CPRD_GOLD"
"98785","O/E - defaec.ref.abn.-constip.","2AF2.00",,"8","CPRD_GOLD"
"99999","Chronic constipation","J520400",,"1959","CPRD_GOLD"
"105656","Constipation in children clinical pathway","8CMW100",,"118","CPRD_GOLD"
