"MEDICAL_CODE_ID","DESCRIPTION","READ_CODE","SNOMED_CT_CODE","FREQUENCY","DATABASE"
"19C..00","Constipation","19C..00",,"1156370","IMRD"
"19C..11","Constipation symptom","19C..11",,"788237","IMRD"
"19C2.00","Constipated","19C2.00",,"71775","IMRD"
"19CZ.00","Constipation NOS","19CZ.00",,"15012","IMRD"
"19EC.00","Painful defaecation","19EC.00",,"5851","IMRD"
"2AF2.00","O/E - defaec.ref.abn.-constip.","2AF2.00",,"15","IMRD"
"4745.00","Faeces consistency: hard","4745.00",,"16","IMRD"
"8CMW100","Constipation in children clinical pathway","8CMW100",,"120","IMRD"
"E264500","Psychogenic constipation","E264500",,"363","IMRD"
"J503100","Faecal impaction","J503100",,"10535","IMRD"
"J520.00","Constipation - functional","J520.00",,"83643","IMRD"
"J520000","Acute constipation","J520000",,"2592","IMRD"
"J520100","Chronic constipation with overflow","J520100",,"6952","IMRD"
"J520200","Chronic constipation without overflow","J520200",,"2194","IMRD"
"J520400","Chronic constipation","J520400",,"1766","IMRD"
"J520y00","Other specified constipation","J520y00",,"1166","IMRD"
"J520z00","Constipation NOS","J520z00",,"499231","IMRD"
