"MEDICAL_CODE_ID","DESCRIPTION","READ_CODE","SNOMED_CT_CODE","FREQUENCY","DATABASE"
"31960011","Mood swings","1BO..00","18963009","279100","CPRD_AURUM"
"294899015","Rebound mood swings","E11z100","191664002","17793","CPRD_AURUM"
"981181000006117","Mood swings","","981181000006101","2037","CPRD_AURUM"
"735811000006119","Labile personality","E216.13","191765005","1613","CPRD_AURUM"
"2800971000006118","Emotional lability","","18963009","1","CPRD_AURUM"
"2801051000006117","Labile mood","","18963009","0","CPRD_AURUM"
"2801031000006112","Changeable mood","","18963009","1","CPRD_AURUM"
"2801011000006118","Mood swing","","18963009","11","CPRD_AURUM"
"2800991000006117","Emotionally labile","","18963009","1","CPRD_AURUM"
"2800981000006115","Emotional instability","","18963009","15","CPRD_AURUM"
"2801021000006114","Variable mood","","18963009","1","CPRD_AURUM"
"2801001000006116","Labile in mood","","18963009","1","CPRD_AURUM"
"2801041000006119","Unstable mood","","18963009","0","CPRD_AURUM"
"5964081000006117","Cyclic mood swings","","307076007","17","CPRD_AURUM"
"4944671000006113","Volatile Mood","","225657003","7","CPRD_AURUM"
"5717601000006115","Moody","","286641001","40","CPRD_AURUM"
