"MEDICAL_CODE_ID","DESCRIPTION","READ_CODE","SNOMED_CT_CODE","FREQUENCY","DATABASE"
"41978016","Ingrowing nail with infection","M230400","25055007","176707","CPRD_AURUM"
"73525013","Beau's lines","M23yF00","44087005","1139","CPRD_AURUM"
"75590012","Yellow nail syndrome","M23yE00","400211001","1836","CPRD_AURUM"
"255933019","O/E - nails - NAD","2G31.00","164463005","11214","CPRD_AURUM"
"255934013","O/E - nails ridged","2G32.00","164464004","4788","CPRD_AURUM"
"255935014","O/E - nails brittle","2G33.00","164465003","6822","CPRD_AURUM"
"255936010","O/E - nails - koilonychia","2G34.00","164466002","1021","CPRD_AURUM"
"255937018","O/E - koilonychia","2G34.11","164466002","533","CPRD_AURUM"
"255938011","O/E - nails - pitting","2G35.00","164467006","3661","CPRD_AURUM"
"308980017","Eggshell nail","M23y300","201117001","527","CPRD_AURUM"
"336601014","Clubbed nail pachydermoperiostosis","M23yG00","223726008","459","CPRD_AURUM"
"411430018","Enlarged nails","PH54.11","275445000","446","CPRD_AURUM"
"453159015","Injection of triamcinolone into nail bed","7L19900","309690003","33","CPRD_AURUM"
"460110018","Splitting toenail","2G37.00","315592004","10316","CPRD_AURUM"
"1494870019","Toenail bruise","SE43.11","17048005","15606","CPRD_AURUM"
"2549113016","Nail changes","M23yJ00","416596008","28271","CPRD_AURUM"
"889411000006111","In Growing Toenail","M230099","201108001","3258","CPRD_AURUM"
"959951000006117","Hypertrophy of nails","","959951000006101","60","CPRD_AURUM"
"1016931000033119","Curanail","","1016931000033103","0","CPRD_AURUM"
"1102401000006110","Adverse reaction to Curanail","","1102401000006106","6","CPRD_AURUM"
"1727511000006114","Nail symptoms","","1727511000006105","3568","CPRD_AURUM"
"2334381000000111","Concerned about appearance of fingernails","1G3..00","908061000000106","777","CPRD_AURUM"
"2334471000000115","Concerned about appearance of toenails","1G4..00","908101000000108","6719","CPRD_AURUM"
"37265017","Nail-patella syndrome","PGy3.00","22199006","1189","CPRD_AURUM"
"255942014","O/E - nails - NOS","2G3Z.00","164462000","6441","CPRD_AURUM"
"308972012","Ingrowing nail NOS","M230z00","400097005","9230","CPRD_AURUM"
"309353011","[X]Nail disorders in other diseases classified elsewhere","Myu6100","238714008","123","CPRD_AURUM"
"315318019","Specified nail anomalies NOS","PH5z.00","17790008","2979","CPRD_AURUM"
"317134013","[D]Clubbing of fingers","R015.00","30760008","9171","CPRD_AURUM"
"399928016","Other specified nail disease NOS","M23yz00","17790008","1086","CPRD_AURUM"
"133631000006118","Specified anomalies of nails","PH5..00","17790008","2989","CPRD_AURUM"
"327601000006113","[SO]Nail","7N74.00","72651009","23258","CPRD_AURUM"
"327611000006111","[SO]Nail bed","7N74000","56820002","1661","CPRD_AURUM"
"327621000006115","[SO]Nail bed of fifth toe","7N74Q00","181602003","125","CPRD_AURUM"
"327631000006117","[SO]Nail bed of fourth toe","7N74P00","181601005","68","CPRD_AURUM"
"327641000006110","[SO]Nail bed of great toe","7N74L00","181598000","1411","CPRD_AURUM"
"327661000006114","[SO]Nail bed of little finger","7N74B00","181589003","227","CPRD_AURUM"
"327671000006119","[SO]Nail bed of middle finger","7N74900","181587001","411","CPRD_AURUM"
"327681000006116","[SO]Nail bed of ring finger","7N74A00","181588006","300","CPRD_AURUM"
"327701000006118","[SO]Nail bed of third toe","7N74N00","181600006","168","CPRD_AURUM"
"327731000006114","[SO]Nail bed of unspecified toe","7N74K00","244200000","129","CPRD_AURUM"
"327741000006116","[SO]Nail NEC","7N74z00","72651009","638","CPRD_AURUM"
"327751000006119","[SO]Nail of fifth toe","7N74J00","22740002","381","CPRD_AURUM"
"327761000006117","[SO]Nail of fourth toe","7N74H00","6194002","190","CPRD_AURUM"
"327771000006112","[SO]Nail of great toe","7N74E00","38790000","23851","CPRD_AURUM"
"327781000006110","[SO]Nail of index finger","7N74200","63288009","422","CPRD_AURUM"
"327791000006113","[SO]Nail of little finger","7N74500","44431006","171","CPRD_AURUM"
"327801000006114","[SO]Nail of middle finger","7N74300","61366001","297","CPRD_AURUM"
"327811000006112","[SO]Nail of ring finger","7N74400","51596007","217","CPRD_AURUM"
"327821000006116","[SO]Nail of second toe","7N74F00","8770002","326","CPRD_AURUM"
"327851000006113","[SO]Nail of unspecified finger","7N74100","91456000","220","CPRD_AURUM"
"333261000006117","[SO]Specified nail NEC","7N74y00","72651009","45","CPRD_AURUM"
"682361000006117","Nail(s) brittle","M23yz11","69192004","13330","CPRD_AURUM"
"726771000006113","Hypertrophic nails","PH55.11","30654002","3044","CPRD_AURUM"
"778361000006119","Ingrowing finger nail (excluding thumb)","M230300","201112007","1102","CPRD_AURUM"
"778371000006114","Ingrowing great toe nail","M230000","201108001","1235697","CPRD_AURUM"
"778411000006110","Ingrowing thumb nail","M230200","201110004","886","CPRD_AURUM"
"828061000006118","Horn nail","M23y111","30654002","219","CPRD_AURUM"
"3745461000006113","Toenail","","76578001","4","CPRD_AURUM"
"4580841000006114","On examination - nails - pitting","","164467006","0","CPRD_AURUM"
"3210101000006114","Beaus lines","","44087005","0","CPRD_AURUM"
"7613681000006110","Finger clubbing absent","","707199000","106","CPRD_AURUM"
"3422981000006111","Nail matrix","","56820002","0","CPRD_AURUM"
"12454191000006110","O/E - nails-splinter haemorrh.","","164468001","0","CPRD_AURUM"
"3215771000006113","Nail of little finger","","44431006","0","CPRD_AURUM"
"3336031000006119","Nail of fourth finger","","51596007","0","CPRD_AURUM"
"2995881000006114","FC - Finger clubbing","","30760008","0","CPRD_AURUM"
"12191621000006114","Nail of second digit of hand","","63288009","0","CPRD_AURUM"
"5244791000006113","Nail splitting","","247493001","2","CPRD_AURUM"
"2568521000006113","Club nail","","4373005","0","CPRD_AURUM"
"3529181000006110","Nail of second finger","","63288009","0","CPRD_AURUM"
"2523601000006116","Nail of third toe","","1569005","0","CPRD_AURUM"
"3210061000006111","Transverse furrows","","44087005","0","CPRD_AURUM"
"6634631000006116","Ingrown nail","","400097005","2","CPRD_AURUM"
"2953841000006110","Thumbnail","","28274006","3","CPRD_AURUM"
"3215761000006118","Structure of nail of little finger","","44431006","9","CPRD_AURUM"
"3215781000006111","Nail of fifth finger","","44431006","0","CPRD_AURUM"
"4704551000006119","Nail bed of thumb","","181590007","113","CPRD_AURUM"
"2568501000006115","Hippocratic nails","","4373005","0","CPRD_AURUM"
"2995861000006116","Clubbed fingers","","30760008","0","CPRD_AURUM"
"2639921000006112","Nail of second toe","","8770002","0","CPRD_AURUM"
"4704631000006113","Nail bed of hallux","","181598000","0","CPRD_AURUM"
"3985801000006111","Structure of nail of finger","","91456000","37","CPRD_AURUM"
"4316061000006116","Nail sample","","119327009","0","CPRD_AURUM"
"4580751000006117","On examination - nails - no abnormality detected","","164463005","0","CPRD_AURUM"
"2995841000006115","Finger clubbing","","30760008","678","CPRD_AURUM"
"3210081000006118","Transverse nail groove","","44087005","0","CPRD_AURUM"
"3336011000006113","Structure of nail of ring finger","","51596007","7","CPRD_AURUM"
"2598771000006117","Nail of fourth toe","","6194002","0","CPRD_AURUM"
"3681461000006111","Human nail structure","","72651009","0","CPRD_AURUM"
"3745451000006111","Nail of toe","","76578001","3","CPRD_AURUM"
"4580851000006111","On examination - nails - splinter haemorrhage","","164468001","0","CPRD_AURUM"
"3529171000006112","Nail of index finger","","63288009","3","CPRD_AURUM"
"3497061000006112","Structure of nail of middle finger","","61366001","19","CPRD_AURUM"
"4704531000006114","Nail bed of ring finger","","181588006","41","CPRD_AURUM"
"3357741000006111","Hook nail","","52897009","0","CPRD_AURUM"
"2862261000006118","Nail of small toe","","22740002","0","CPRD_AURUM"
"12190851000006110","Nail of third digit of hand","","61366001","0","CPRD_AURUM"
"12183301000006113","Nail of fifth digit of hand","","44431006","0","CPRD_AURUM"
"3529161000006117","Structure of nail of index finger","","63288009","13","CPRD_AURUM"
"4704641000006115","Nail bed of second toe","","181599008","50","CPRD_AURUM"
"4919391000006114","Pachydermoperiostosis of nail","","223726008","17","CPRD_AURUM"
"3577781000006117","Spoon-shaped nails","","66270006","0","CPRD_AURUM"
"3577771000006115","Spoon nails","","66270006","0","CPRD_AURUM"
"2568491000006111","Clubbing of nail","","4373005","7","CPRD_AURUM"
"4704661000006116","Nail bed of fourth toe","","181601005","19","CPRD_AURUM"
"4580771000006110","On examination - nails ridged","","164464004","0","CPRD_AURUM"
"5197921000006110","Nail bed of finger","","244199003","4","CPRD_AURUM"
"4580821000006119","On examination - nails - koilonychia","","164466002","0","CPRD_AURUM"
"4704621000006110","Nail bed of first toe","","181598000","0","CPRD_AURUM"
"12727291000006119","Nail disease NOS","","679991000000104","0","CPRD_AURUM"
"308974013","Other specified nail disease","M23y.00","17790008","782","CPRD_AURUM"
"894691000006118","Clubbing of fingers/toes [D]","R015.99","496221000000109","57","CPRD_AURUM"
"889401000006113","Ingrowing toenail","M230.99","400097005","47293","CPRD_AURUM"
"493666011","Hippocratic nail","M23y400","4373005","21","CPRD_AURUM"
"452424019","Toenail thickened","2G38.00","309085000","18295","CPRD_AURUM"
"308973019","Nail deformity","M231.00","201114008","260289","CPRD_AURUM"
"255926019","O/E - hands - finger clubbing","2G28.00","164457001","3526","CPRD_AURUM"
"86258016","Racket nail","M23y600","51806005","9","CPRD_AURUM"
"308992017","Nail disease NOS","M23z.00","17790008","116935","CPRD_AURUM"
"327651000006112","[SO]Nail bed of index finger","7N74800","181586005","530","CPRD_AURUM"
"327691000006118","[SO]Nail bed of second toe","7N74M00","181599008","249","CPRD_AURUM"
"327831000006118","[SO]Nail of third toe","7N74G00","1569005","236","CPRD_AURUM"
"327861000006110","[SO]Nail of unspecified toe","7N74D00","76578001","1183","CPRD_AURUM"
"623181000006112","Diseases of nail","M23..00","17790008","99079","CPRD_AURUM"
"778421000006119","Ingrowing toe nail (excluding great toe)","M230100","201109009","50203","CPRD_AURUM"
"3210071000006116","Transverse groove in nails","","44087005","0","CPRD_AURUM"
"2862251000006115","Nail of fifth toe","","22740002","1","CPRD_AURUM"
"2953831000006117","Nail of thumb","","28274006","0","CPRD_AURUM"
"3681451000006114","Nail","","72651009","3","CPRD_AURUM"
"2598761000006112","Structure of nail of fourth toe","","6194002","9","CPRD_AURUM"
"6660371000006113","Tinea of nail","","402134005","0","CPRD_AURUM"
"3985821000006118","Fingernail","","91456000","0","CPRD_AURUM"
"3422971000006113","Nail bed","","56820002","1","CPRD_AURUM"
"4704651000006118","Nail bed of third toe","","181600006","25","CPRD_AURUM"
"2862241000006117","Structure of nail of fifth toe","","22740002","17","CPRD_AURUM"
"12717641000006119","[D]Clubbing of fingers","","496221000000109","0","CPRD_AURUM"
"2377271000000113","Involuted toenail","M232.00","713608008","1101","CPRD_AURUM"
"1727601000006112","O/E trophic nail changes","","1727601000006108","53","CPRD_AURUM"
"308982013","Parrot-beak nail","M23y500","201119003","106","CPRD_AURUM"
"308983015","Reedy nail","M23y700","201120009","62","CPRD_AURUM"
"308984014","Turtleback nail","M23y800","201121008","44","CPRD_AURUM"
"51304019","Hypertrophy of nail","M23y100","30654002","6821","CPRD_AURUM"
"110061010","Koilonychia","M23y200","66270006","2426","CPRD_AURUM"
"125874018","Separation of nail plate","M23yD11","75789001","712","CPRD_AURUM"
"327721000006111","[SO]Nail bed of unspecified finger","7N74700","244199003","173","CPRD_AURUM"
"129891000006116","Splitting nail","M23yH00","247493001","3164","CPRD_AURUM"
"4580741000006119","On examination - nails - NAD","","164463005","0","CPRD_AURUM"
"2853621000006112","Nail-patella syndrome","","22199006","6","CPRD_AURUM"
"4580681000006119","On examination - hands - finger clubbing","","164457001","0","CPRD_AURUM"
"2523591000006112","Structure of nail of third toe","","1569005","12","CPRD_AURUM"
"7706531000006112","Involution of toenail","","713608008","47","CPRD_AURUM"
"4580721000006114","On examination - nails","","164462000","0","CPRD_AURUM"
"3497081000006119","Nail of third finger","","61366001","0","CPRD_AURUM"
"4704671000006111","Nail bed of fifth toe","","181602003","21","CPRD_AURUM"
"3985811000006114","Nail of finger","","91456000","0","CPRD_AURUM"
"3336021000006117","Nail of ring finger","","51596007","1","CPRD_AURUM"
"4704521000006111","Nail bed of middle finger","","181587001","59","CPRD_AURUM"
"1717191000006117","Nail specimen","","119327009","59","CPRD_AURUM"
"309352018","[X]Other nail disorders","Myu6000","17790008","21228","CPRD_AURUM"
"3732221000006114","Detachment of nail plate","","75789001","0","CPRD_AURUM"
"1834151000006110","O/E - severe finger clubbing","","1834151000006106","47","CPRD_AURUM"
"991531000006111","Diseases of nail NOS","M23..99","17790008","8","CPRD_AURUM"
"875601000006119","Nailing of bone","7K1D.99","179010008","140","CPRD_AURUM"
"3124281000006112","Structure of nail of great toe","","38790000","248","CPRD_AURUM"
"3210091000006115","Beau lines","","44087005","0","CPRD_AURUM"
"3497071000006117","Nail of middle finger","","61366001","0","CPRD_AURUM"
"484671014","Nail hypertrophy","M23y199","30654002","285","CPRD_AURUM"
"1779359015","Ingrowing nail","M230.00","400097005","592454","CPRD_AURUM"
"255927011","O/E - finger clubbing","2G28.11","164457001","5142","CPRD_AURUM"
"255932012","O/E - nails","2G3..00","164462000","55253","CPRD_AURUM"
"4580871000006118","On examination - nails - splinter hemorrhage","","164468001","0","CPRD_AURUM"
"3915601000006113","Dystrophic nail","","87065009","157","CPRD_AURUM"
"2993911000006110","Nail overgrowth","","30654002","0","CPRD_AURUM"
"327711000006115","[SO]Nail bed of thumb","7N74C00","181590007","556","CPRD_AURUM"
"327841000006111","[SO]Nail of thumb","7N74600","28274006","1614","CPRD_AURUM"
"255940018","O/E - nails-splinter haemorrh.","2G36.00","164468001","2001","CPRD_AURUM"
"5197931000006113","Nail bed of toe","","244200000","2","CPRD_AURUM"
"4580791000006111","On examination - nails brittle","","164465003","0","CPRD_AURUM"
"4704541000006116","Nail bed of little finger","","181589003","22","CPRD_AURUM"
"2770691000006118","Contusion of toenail","","17048005","104","CPRD_AURUM"
"3625331000006117","Brittle nails","","69192004","11","CPRD_AURUM"
"12186251000006113","Nail of fourth digit of hand","","51596007","0","CPRD_AURUM"
"889441000006110","Diseases of nail NOS","M23z.99","679991000000104","2406","CPRD_AURUM"
"6045651000006117","Nail plate structure","","314410003","4","CPRD_AURUM"
"5245061000006119","Azure half-moon nail","","247514006","1","CPRD_AURUM"
"3947771000006113","Nail discolouration","","89077005","793","CPRD_AURUM"
"5245131000006112","Nail bed finding","","247518009","5","CPRD_AURUM"
"5529141000006114","Ridged nails","","271768001","2","CPRD_AURUM"
"8433931000006117","Nail regrowth following phenolisation of nail bed","","1060961000000101","2","CPRD_AURUM"
"5244691000006118","Overcurvature of nail","","247487009","4","CPRD_AURUM"
"5244891000006119","Thickness of nail","","247502003","14","CPRD_AURUM"
"3958201000006114","Pitting of nails","","89704006","6","CPRD_AURUM"
"5123921000006111","Psoriatic nail dystrophy","","238605006","12","CPRD_AURUM"
"5244751000006119","Abnormality of nail tissue","","247491004","13","CPRD_AURUM"
"5869611000006114","Longitudinal nail ridge","","299665002","2","CPRD_AURUM"
"5869621000006118","Transverse nail ridge","","299666001","1","CPRD_AURUM"
"5244601000006113","Nail finding","","247480006","158","CPRD_AURUM"
"5125471000006116","Developmental abnormality of nail","","238715009","1","CPRD_AURUM"
"5687571000006118","Examination of thumbnail","","284439007","2","CPRD_AURUM"
"7532061000006117","Toenail abnormality","","700189007","1","CPRD_AURUM"
"6636551000006119","Ingrowing toenail","","400200009","2335","CPRD_AURUM"
"5848871000006119","Nail absent","","298140008","1","CPRD_AURUM"
"7340011000006117","Debridement of nail bed","","447442008","1","CPRD_AURUM"
"5566081000006116","Nail examination - NAD","","274764000","4","CPRD_AURUM"
"4202021000006119","Thickened nails","","111982005","189","CPRD_AURUM"
"5563821000006117","Bone nailing","","274478003","12","CPRD_AURUM"
"5245101000006116","Nailfold haemorrhages","","247516008","1","CPRD_AURUM"
"5244671000006119","Shape of nail","","247485001","1","CPRD_AURUM"
"5244921000006113","Colour of nail","","247505001","1","CPRD_AURUM"
"5245081000006112","Nail fold finding","","247515007","1","CPRD_AURUM"
"5244911000006117","Bitten nails","","247504002","2","CPRD_AURUM"
"6636581000006110","IGTN - Ingrowing toenail","","400200009","11","CPRD_AURUM"
"5529151000006111","Splinter haemorrhages under nail","","271770005","4","CPRD_AURUM"
"5848901000006119","Transverse overcurvature of nail","","298142000","76","CPRD_AURUM"
"5244641000006110","Nails not growing","","247482003","2","CPRD_AURUM"
"3231621000006114","Yellow nails","","45342007","9","CPRD_AURUM"
"3884741000006114","Longitudinal split nail","","85136002","1","CPRD_AURUM"
"3947781000006111","Nail discoloration","","89077005","1","CPRD_AURUM"
"5846991000006110","Nail problem","","297989000","755","CPRD_AURUM"
"5124761000006117","Lichen planus of nail","","238658001","2","CPRD_AURUM"
"5687351000006115","Examination of nail","","284420002","1","CPRD_AURUM"
"5687361000006118","Examination of fingernail","","284421003","1","CPRD_AURUM"
"5244821000006116","Nails crumble","","247495008","3","CPRD_AURUM"
"3835791000006110","Lamellar nail splitting","","82144009","1","CPRD_AURUM"
"5846891000006119","Finding of nail hygiene","","297984005","7","CPRD_AURUM"
"5687371000006113","Examination of toenail","","284422005","139","CPRD_AURUM"
"6045681000006113","Nail bed of lesser toe","","314413001","1","CPRD_AURUM"
"5123931000006114","Psoriatic nail involvement","","238605006","1","CPRD_AURUM"
"3958211000006112","Nail pitting","","89704006","1","CPRD_AURUM"
"5585261000006111","Skin, hair and nail finding","","276437003","234","CPRD_AURUM"
"6636561000006117","Ingrown toenail","","400200009","9","CPRD_AURUM"
"5244761000006117","Nail shedding","","247492006","7","CPRD_AURUM"
"8271541000006117","Phenolisation of nail bed","","824221000000102","58","CPRD_AURUM"
"5846911000006117","Finding of colour of nail bed","","297985006","8","CPRD_AURUM"
"5123911000006115","Psoriasis of nail","","238604005","19","CPRD_AURUM"
"5846971000006114","Normal nail growth","","297987003","7","CPRD_AURUM"
"3077411000006115","Nailing","","35860002","1","CPRD_AURUM"
"5846871000006115","Finding of appearance of nail","","297983004","12","CPRD_AURUM"
"2504391000006113","Clubbing","","367004","1","CPRD_AURUM"
"5244621000006115","Growth of nails","","247481005","7","CPRD_AURUM"
"5244981000006112","White nails","","247508004","1","CPRD_AURUM"
"4943001000006113","Finding of general nail condition","","225554002","31","CPRD_AURUM"
"5244971000006114","Physiological brown stripes in nails","","247507009","6","CPRD_AURUM"
"5846981000006112","Nail normal","","297988008","228","CPRD_AURUM"
"5129031000006113","Ectodermal dysplasia with hair-tooth-nail-sweating defect","","239006001","1","CPRD_AURUM"
"5244651000006112","Excessive growth of nails","","247483008","1","CPRD_AURUM"
"3538131000006116","Thin nails","","63829008","2","CPRD_AURUM"
"5125501000006111","Median nail dystrophy of Heller","","238718006","1","CPRD_AURUM"
