"MEDICAL_CODE_ID","DESCRIPTION","READ_CODE","SNOMED_CT_CODE","FREQUENCY","DATABASE"
"L603","Nail dystrophy","L60.3","","0","ICD10"
"L60","Nail disorders","L60","","0","ICD10"
"L600","Ingrowing nail","L60.0","","0","ICD10"
"L604","Beau lines","L60.4","","0","ICD10"
"L605","Yellow nail syndrome","L60.5","","0","ICD10"
"L608","Other nail disorders","L60.8","","0","ICD10"
"L609","Nail disorder, unspecified","L60.9","","0","ICD10"
"L62","Nail disorders in diseases classified elsewhere","L62","","0","ICD10"
"L620","Clubbed nail pachydermoperiostosis","L62.0","","0","ICD10"
"L628","Nail disorders in other diseases classified elsewhere","L62.8","","0","ICD10"
"Q845","Enlarged and hypertrophic nails","Q84.5","","0","ICD10"
"R683","Clubbing of fingers","R68.3","","0","ICD10"
