"MEDICAL_CODE_ID","DESCRIPTION","READ_CODE","SNOMED_CT_CODE","FREQUENCY","DATABASE"
"821","Ingrowing nail","M230.00",,"546983","CPRD_GOLD"
"3021","Nail deformity","M231.00",,"24686","CPRD_GOLD"
"3022","Nail disease NOS","M23z.00",,"43253","CPRD_GOLD"
"4100","Eggshell nail","M23y300",,"1011","CPRD_GOLD"
"4120","Diseases of nail","M23..00",,"45438","CPRD_GOLD"
"5162","Koilonychia","M23y200",,"951","CPRD_GOLD"
"5926","Ingrowing great toe nail","M230000",,"330026","CPRD_GOLD"
"6088","[SO]Nail","7N74.00",,"28680","CPRD_GOLD"
"6965","O/E - nails - pitting","2G35.00",,"1354","CPRD_GOLD"
"7144","Toenail bruise","SE43.11",,"6861","CPRD_GOLD"
"7575","O/E - finger clubbing","2G28.11",,"3879","CPRD_GOLD"
"7599","Ingrowing nail NOS","M230z00",,"2342","CPRD_GOLD"
"7779","O/E - nails","2G3..00",,"22348","CPRD_GOLD"
"8368","Nail(s) brittle","M23yz11",,"10701","CPRD_GOLD"
"8534","O/E - koilonychia","2G34.11",,"588","CPRD_GOLD"
"10427","Specified anomalies of nails","PH5..00",,"2074","CPRD_GOLD"
"11278","Hypertrophy of nail","M23y100",,"3203","CPRD_GOLD"
"14752","[D]Clubbing of fingers","R015.00",,"2368","CPRD_GOLD"
"16865","Ingrowing toe nail (excluding great toe)","M230100",,"6084","CPRD_GOLD"
"17274","Ingrowing thumb nail","M230200",,"282","CPRD_GOLD"
"17445","O/E - nails-splinter haemorrh.","2G36.00",,"796","CPRD_GOLD"
"18495","Splitting nail","M23yH00",,"1281","CPRD_GOLD"
"19331","Nail changes","M23yJ00",,"5362","CPRD_GOLD"
"20551","Ingrowing nail with infection","M230400",,"20633","CPRD_GOLD"
"21967","Other specified nail disease NOS","M23yz00",,"815","CPRD_GOLD"
"22547","Specified nail anomalies NOS","PH5z.00",,"5813","CPRD_GOLD"
"22667","Separation of nail plate","M23yD11",,"546","CPRD_GOLD"
"25162","Horn nail","M23y111",,"229","CPRD_GOLD"
"27710","Ingrowing finger nail (excluding thumb)","M230300",,"406","CPRD_GOLD"
"28618","Yellow nail syndrome","M23yE00",,"784","CPRD_GOLD"
"30341","O/E - nails ridged","2G32.00",,"269","CPRD_GOLD"
"30453","Clubbed nail pachydermoperiostosis","M23yG00",,"301","CPRD_GOLD"
"31146","O/E - nails - NAD","2G31.00",,"1584","CPRD_GOLD"
"31967","O/E - nails - NOS","2G3Z.00",,"1234","CPRD_GOLD"
"33864","Parrot-beak nail","M23y500",,"79","CPRD_GOLD"
"34267","Injection of triamcinolone into nail bed","7L19900",,"38","CPRD_GOLD"
"35088","[SO]Nail NEC","7N74z00",,"128","CPRD_GOLD"
"36014","Hippocratic nail","M23y400",,"5","CPRD_GOLD"
"38522","Hypertrophic nails","PH55.11",,"155","CPRD_GOLD"
"39056","Reedy nail","M23y700",,"41","CPRD_GOLD"
"40037","Splitting toenail","2G37.00",,"444","CPRD_GOLD"
"43878","[SO]Nail of thumb","7N74600",,"113","CPRD_GOLD"
"44587","O/E - nails brittle","2G33.00",,"384","CPRD_GOLD"
"44806","Other specified nail disease","M23y.00",,"415","CPRD_GOLD"
"45644","Nail-patella syndrome","PGy3.00",,"340","CPRD_GOLD"
"47817","[SO]Nail bed","7N74000",,"180","CPRD_GOLD"
"49860","[SO]Nail of great toe","7N74E00",,"777","CPRD_GOLD"
"51048","O/E - hands - finger clubbing","2G28.00",,"926","CPRD_GOLD"
"52812","[SO]Nail bed of great toe","7N74L00",,"154","CPRD_GOLD"
"52908","[X]Nail disorders in other diseases classified elsewhere","Myu6100",,"8","CPRD_GOLD"
"53053","[SO]Nail of third toe","7N74G00",,"13","CPRD_GOLD"
"53740","[X]Other nail disorders","Myu6000",,"537","CPRD_GOLD"
"53926","[SO]Nail bed of thumb","7N74C00",,"49","CPRD_GOLD"
"55890","[SO]Nail of ring finger","7N74400",,"33","CPRD_GOLD"
"56501","Turtleback nail","M23y800",,"28","CPRD_GOLD"
"59760","O/E - nails - koilonychia","2G34.00",,"93","CPRD_GOLD"
"61142","[SO]Specified nail NEC","7N74y00",,"5","CPRD_GOLD"
"61348","[SO]Nail of unspecified toe","7N74D00",,"158","CPRD_GOLD"
"61355","[SO]Nail of unspecified finger","7N74100",,"71","CPRD_GOLD"
"62053","[SO]Nail of fourth toe","7N74H00",,"11","CPRD_GOLD"
"63572","[SO]Nail of middle finger","7N74300",,"29","CPRD_GOLD"
"64114","[SO]Nail bed of middle finger","7N74900",,"23","CPRD_GOLD"
"65540","Racket nail","M23y600",,"14","CPRD_GOLD"
"67736","[SO]Nail bed of ring finger","7N74A00",,"25","CPRD_GOLD"
"68747","[SO]Nail bed of index finger","7N74800",,"36","CPRD_GOLD"
"70652","[SO]Nail of little finger","7N74500",,"15","CPRD_GOLD"
"73136","[SO]Nail of second toe","7N74F00",,"21","CPRD_GOLD"
"89466","Enlarged nails","PH54.11",,"4","CPRD_GOLD"
"94596","[SO]Nail bed of unspecified toe","7N74K00",,"61","CPRD_GOLD"
"94602","[SO]Nail bed of unspecified finger","7N74700",,"16","CPRD_GOLD"
"95011","[SO]Nail bed of little finger","7N74B00",,"19","CPRD_GOLD"
"96074","[SO]Nail of index finger","7N74200",,"23","CPRD_GOLD"
"97342","[SO]Nail bed of second toe","7N74M00",,"4","CPRD_GOLD"
"98664","[SO]Nail bed of fifth toe","7N74Q00",,"8","CPRD_GOLD"
"99544","[SO]Nail of fifth toe","7N74J00",,"19","CPRD_GOLD"
"99669","[SO]Nail bed of third toe","7N74N00",,"3","CPRD_GOLD"
"104119","Toenail thickened","2G38.00",,"4868","CPRD_GOLD"
"108077","Concerned about appearance of toenails","1G4..00",,"4609","CPRD_GOLD"
"108112","Concerned about appearance of fingernails","1G3..00",,"459","CPRD_GOLD"
"109293","Involuted toenail","M232.00",,"66","CPRD_GOLD"
"114412","[SO]Nail bed of fourth toe","7N74P00",,"2","CPRD_GOLD"
