"MEDICAL_CODE_ID","DESCRIPTION","READ_CODE","SNOMED_CT_CODE","FREQUENCY","DATABASE"
"1G3..00","Concerned about appearance of fingernails","1G3..00",,"441","IMRD"
"1G4..00","Concerned about appearance of toenails","1G4..00",,"4545","IMRD"
"2G28.00","O/E - hands - finger clubbing","2G28.00",,"846","IMRD"
"2G28.11","O/E - finger clubbing","2G28.11",,"3238","IMRD"
"2G3..00","O/E - nails","2G3..00",,"22058","IMRD"
"2G31.00","O/E - nails - NAD","2G31.00",,"1462","IMRD"
"2G32.00","O/E - nails ridged","2G32.00",,"329","IMRD"
"2G33.00","O/E - nails brittle","2G33.00",,"441","IMRD"
"2G34.00","O/E - nails - koilonychia","2G34.00",,"152","IMRD"
"2G34.11","O/E - koilonychia","2G34.11",,"530","IMRD"
"2G35.00","O/E - nails - pitting","2G35.00",,"1267","IMRD"
"2G36.00","O/E - nails-splinter haemorrh.","2G36.00",,"736","IMRD"
"2G37.00","Splitting toenail","2G37.00",,"431","IMRD"
"2G38.00","Toenail thickened","2G38.00",,"4486","IMRD"
"2G3Z.00","O/E - nails - NOS","2G3Z.00",,"1328","IMRD"
"7L19900","Injection of triamcinolone into nail bed","7L19900",,"25","IMRD"
"7N74.00","[SO]Nail","7N74.00",,"26424","IMRD"
"7N74000","[SO]Nail bed","7N74000",,"184","IMRD"
"7N74100","[SO]Nail of unspecified finger","7N74100",,"34","IMRD"
"7N74200","[SO]Nail of index finger","7N74200",,"35","IMRD"
"7N74300","[SO]Nail of middle finger","7N74300",,"24","IMRD"
"7N74400","[SO]Nail of ring finger","7N74400",,"22","IMRD"
"7N74500","[SO]Nail of little finger","7N74500",,"16","IMRD"
"7N74600","[SO]Nail of thumb","7N74600",,"89","IMRD"
"7N74700","[SO]Nail bed of unspecified finger","7N74700",,"22","IMRD"
"7N74800","[SO]Nail bed of index finger","7N74800",,"22","IMRD"
"7N74900","[SO]Nail bed of middle finger","7N74900",,"22","IMRD"
"7N74A00","[SO]Nail bed of ring finger","7N74A00",,"13","IMRD"
"7N74B00","[SO]Nail bed of little finger","7N74B00",,"11","IMRD"
"7N74C00","[SO]Nail bed of thumb","7N74C00",,"40","IMRD"
"7N74D00","[SO]Nail of unspecified toe","7N74D00",,"116","IMRD"
"7N74E00","[SO]Nail of great toe","7N74E00",,"774","IMRD"
"7N74F00","[SO]Nail of second toe","7N74F00",,"18","IMRD"
"7N74G00","[SO]Nail of third toe","7N74G00",,"12","IMRD"
"7N74H00","[SO]Nail of fourth toe","7N74H00",,"11","IMRD"
"7N74J00","[SO]Nail of fifth toe","7N74J00",,"18","IMRD"
"7N74K00","[SO]Nail bed of unspecified toe","7N74K00",,"13","IMRD"
"7N74L00","[SO]Nail bed of great toe","7N74L00",,"303","IMRD"
"7N74M00","[SO]Nail bed of second toe","7N74M00",,"2","IMRD"
"7N74N00","[SO]Nail bed of third toe","7N74N00",,"10","IMRD"
"7N74P00","[SO]Nail bed of fourth toe","7N74P00",,"4","IMRD"
"7N74Q00","[SO]Nail bed of fifth toe","7N74Q00",,"7","IMRD"
"7N74y00","[SO]Specified nail NEC","7N74y00",,"10","IMRD"
"7N74z00","[SO]Nail NEC","7N74z00",,"170","IMRD"
"M23..00","Diseases of nail","M23..00",,"39819","IMRD"
"M230.00","Ingrowing nail","M230.00",,"446104","IMRD"
"M230000","Ingrowing great toe nail","M230000",,"300794","IMRD"
"M230100","Ingrowing toe nail (excluding great toe)","M230100",,"5258","IMRD"
"M230200","Ingrowing thumb nail","M230200",,"246","IMRD"
"M230300","Ingrowing finger nail (excluding thumb)","M230300",,"354","IMRD"
"M230400","Ingrowing nail with infection","M230400",,"19807","IMRD"
"M230z00","Ingrowing nail NOS","M230z00",,"2589","IMRD"
"M231.00","Nail deformity","M231.00",,"20907","IMRD"
"M232.00","Involuted toenail","M232.00",,"61","IMRD"
"M23y.00","Other specified nail disease","M23y.00",,"436","IMRD"
"M23y100","Hypertrophy of nail","M23y100",,"2976","IMRD"
"M23y111","Horn nail","M23y111",,"138","IMRD"
"M23y200","Koilonychia","M23y200",,"808","IMRD"
"M23y300","Eggshell nail","M23y300",,"644","IMRD"
"M23y400","Hippocratic nail","M23y400",,"5","IMRD"
"M23y500","Parrot-beak nail","M23y500",,"57","IMRD"
"M23y600","Racket nail","M23y600",,"8","IMRD"
"M23y700","Reedy nail","M23y700",,"36","IMRD"
"M23y800","Turtleback nail","M23y800",,"31","IMRD"
"M23yD11","Separation of nail plate","M23yD11",,"508","IMRD"
"M23yE00","Yellow nail syndrome","M23yE00",,"664","IMRD"
"M23yG00","Clubbed nail pachydermoperiostosis","M23yG00",,"253","IMRD"
"M23yH00","Splitting nail","M23yH00",,"1100","IMRD"
"M23yJ00","Nail changes","M23yJ00",,"4591","IMRD"
"M23yz00","Other specified nail disease NOS","M23yz00",,"1016","IMRD"
"M23yz11","Nail(s) brittle","M23yz11",,"9549","IMRD"
"M23z.00","Nail disease NOS","M23z.00",,"39066","IMRD"
"Myu6000","[X]Other nail disorders","Myu6000",,"524","IMRD"
"Myu6100","[X]Nail disorders in other diseases classified elsewhere","Myu6100",,"6","IMRD"
"PGy3.00","Nail-patella syndrome","PGy3.00",,"311","IMRD"
"PH5..00","Specified anomalies of nails","PH5..00",,"1844","IMRD"
"PH54.11","Enlarged nails","PH54.11",,"5","IMRD"
"PH55.11","Hypertrophic nails","PH55.11",,"139","IMRD"
"PH5z.00","Specified nail anomalies NOS","PH5z.00",,"5540","IMRD"
"R015.00","[D]Clubbing of fingers","R015.00",,"1797","IMRD"
"SE43.11","Toenail bruise","SE43.11",,"6314","IMRD"
