"MEDICAL_CODE_ID","DESCRIPTION","READ_CODE","SNOMED_CT_CODE","FREQUENCY","DATABASE"
"2886014","Facial myokymia","F31y000","1070000","3626","CPRD_AURUM"
"255411012","O/E - twitching eyes","2BJ6.00","164050008","23436","CPRD_AURUM"
"3841571000006119","Flickering muscles","","82470000","0","CPRD_AURUM"
"2917261000006114","Quivering","","26079004","0","CPRD_AURUM"
"2515371000006113","Facial myokymia (muscle quivering)","","1070000","0","CPRD_AURUM"
"3841581000006116","Fluttering muscles","","82470000","1","CPRD_AURUM"
"2917221000006115","Involuntary quiver","","26079004","0","CPRD_AURUM"
"5280351000006117","Myokymia, hyperhidrosis, impaired muscle relaxation syndrome","","250081005","1","CPRD_AURUM"
"5274841000006112","Anal twitching","","249652007","2","CPRD_AURUM"
"5234961000006118","Superior oblique myokymia","","246781001","2","CPRD_AURUM"
"5278971000006119","Twitching","","249966004","3","CPRD_AURUM"
"3478341000006115","Muscle twitch","","60238002","1","CPRD_AURUM"
"2944021000006112","Myokymia","","27678003","7","CPRD_AURUM"
"7521271000006111","Twitching eye","","699377006","4","CPRD_AURUM"
