"MEDICAL_CODE_ID","DESCRIPTION","READ_CODE","SNOMED_CT_CODE","FREQUENCY","DATABASE"
"44097017","Poor concentration","1BW..00","26329005","52333","CPRD_AURUM"
"254837013","O/E - disorientated","284..00","163608000","3762","CPRD_AURUM"
"369925011","Reduced concentration span","1BR0.00","247762003","2934","CPRD_AURUM"
"479781013","Disorientated in time","2842.00","19657006","1108","CPRD_AURUM"
"734521000006111","Loss of concentration","","734521000006107","65336","CPRD_AURUM"
"959781000006111","Scattering of attention","","959781000006107","1","CPRD_AURUM"
"960431000006117","Limited concentration","","960431000006101","48","CPRD_AURUM"
"981101000006114","Narrowed to scattered attention/focus","","981101000006105","9","CPRD_AURUM"
"1008771000006116","PHQ9 score - trouble concentrating on things","","1008771000006100","336566","CPRD_AURUM"
"2288201000000116","Mild cognitive impairment","28E0.00","386805003","52245","CPRD_AURUM"
"318032013","[X]Disorientation, unspecified","Ryu5700","62476001","356","CPRD_AURUM"
"294651000006116","[D]Disorientation, unspecified","R00zX00","62476001","6326","CPRD_AURUM"
"369926012","Short attention span","1BR0.11","247762003","2936","CPRD_AURUM"
"3515721000006116","Disorientation","","62476001","1","CPRD_AURUM"
"5248301000006113","Limited concentration","","247761005","0","CPRD_AURUM"
"4566701000006117","On examination - disorientated","","163608000","0","CPRD_AURUM"
"915181000006117","Disorientated at home","","915181000006101","1248","CPRD_AURUM"
"5248331000006117","Reduced attention span","","247762003","1","CPRD_AURUM"
"369924010","Reduced concentration","1BR..00","247761005","50433","CPRD_AURUM"
"3520551000006118","Disorientation for person","","62766000","1","CPRD_AURUM"
"3677971000006113","Disorientated in place","","72440003","4","CPRD_AURUM"
