"MEDICAL_CODE_ID","DESCRIPTION","READ_CODE","SNOMED_CT_CODE","FREQUENCY","DATABASE"
"1BR..00","Reduced concentration","1BR..00",,"13568","IMRD"
"1BR0.00","Reduced concentration span","1BR0.00",,"313","IMRD"
"1BR0.11","Short attention span","1BR0.11",,"1150","IMRD"
"1BW..00","Poor concentration","1BW..00",,"8328","IMRD"
"284..00","O/E - disorientated","284..00",,"2386","IMRD"
"2842.00","Disorientated in time","2842.00",,"18","IMRD"
"28E1.00","Moderate cognitive impairment","28E1.00",,"385","IMRD"
"Eu90000","[X]Disturbance of activity and attention","Eu90000",,"2355","IMRD"
"R00zX00","[D]Disorientation, unspecified","R00zX00",,"1465","IMRD"
"Ryu5700","[X]Disorientation, unspecified","Ryu5700",,"14","IMRD"
"Z7C5300","Reduced concentration span","Z7C5300",,"687","IMRD"
"Z7C5311","Reduced attention span","Z7C5311",,"81","IMRD"
"Z7C5312","Short attention span","Z7C5312",,"321","IMRD"
"Z7CC300","Disorientated","Z7CC300",,"627","IMRD"
"Z7CC400","Disorientated in time","Z7CC400",,"64","IMRD"
"Z7CC500","Disorientated in place","Z7CC500",,"41","IMRD"
"Z7CC600","Disorientation for person","Z7CC600",,"11","IMRD"
"Z7CC611","Disorientated in person","Z7CC611",,"7","IMRD"
"Z7CC700","Spatial disorientation","Z7CC700",,"41","IMRD"
"Z7CC800","Right-left disorientation","Z7CC800",,"2","IMRD"
