"MEDICAL_CODE_ID","DESCRIPTION","READ_CODE","SNOMED_CT_CODE","FREQUENCY","DATABASE"
"1694","O/E - disorientated","284..00",,"3175","CPRD_GOLD"
"10378","Poor concentration","1BW..00",,"11336","CPRD_GOLD"
"10741","Reduced concentration","1BR..00",,"25011","CPRD_GOLD"
"11735","Disorientated","Z7CC300",,"768","CPRD_GOLD"
"20683","[D]Disorientation, unspecified","R00zX00",,"1728","CPRD_GOLD"
"22789","Short attention span","Z7C5312",,"343","CPRD_GOLD"
"28394","Short attention span","1BR0.11",,"1536","CPRD_GOLD"
"38194","Reduced concentration span","Z7C5300",,"875","CPRD_GOLD"
"41993","Disorientated in time","Z7CC400",,"184","CPRD_GOLD"
"41994","Disorientated in place","Z7CC500",,"95","CPRD_GOLD"
"41995","Disorientated in person","Z7CC611",,"8","CPRD_GOLD"
"42988","Reduced concentration span","1BR0.00",,"329","CPRD_GOLD"
"52439","Reduced attention span","Z7C5311",,"81","CPRD_GOLD"
"52811","[X]Disorientation, unspecified","Ryu5700",,"15","CPRD_GOLD"
"55460","Spatial disorientation","Z7CC700",,"49","CPRD_GOLD"
"66012","Disorientation for person","Z7CC600",,"13","CPRD_GOLD"
"66271","Disorientated in time","2842.00",,"33","CPRD_GOLD"
"113860","Right-left disorientation","Z7CC800",,"1","CPRD_GOLD"
