"MEDICAL_CODE_ID","DESCRIPTION","READ_CODE","SNOMED_CT_CODE","FREQUENCY","DATABASE"
"E2F0.00","Specific reading disorder","E2F0.00",,"313","IMRD"
"E2F0000","Reading disorder unspecified","E2F0000",,"670","IMRD"
"E2F0z00","Specific reading disorder NOS","E2F0z00",,"16","IMRD"
"Eu81000","[X]Specific reading disorder","Eu81000",,"106","IMRD"
"Z7C8300","Difficulty reading","Z7C8300",,"914","IMRD"
"ZR1X.00","Assessing reading difficulties","ZR1X.00",,"42","IMRD"
"ZS32.11","Specific reading difficulty","ZS32.11",,"28","IMRD"
