"MEDICAL_CODE_ID","DESCRIPTION","READ_CODE","SNOMED_CT_CODE","FREQUENCY","DATABASE"
"295627019","Specific reading disorder","E2F0.00","192136006","831","CPRD_AURUM"
"295631013","Specific reading disorder NOS","E2F0z00","192136006","64","CPRD_AURUM"
"982651000006110","Difficulty reading or writing","","982651000006106","1150","CPRD_AURUM"
"427291000006110","[X]Specific reading disorder","Eu81000","192136006","451","CPRD_AURUM"
"295628012","Reading disorder unspecified","E2F0000","192136006","1496","CPRD_AURUM"
"3470701000006119","Specific reading difficulty","","59770006","12","CPRD_AURUM"
"5702011000006110","Difficulty performing lip spreading","","285489009","2","CPRD_AURUM"
"5986571000006119","Unable to read","","309252004","78","CPRD_AURUM"
"5547591000006116","Assessing reading difficulties","","273285006","2","CPRD_AURUM"
"5986581000006116","Difficulty reading","","309253009","40","CPRD_AURUM"
