"MEDICAL_CODE_ID","DESCRIPTION","READ_CODE","SNOMED_CT_CODE","FREQUENCY","DATABASE"
"3009","Reading disorder unspecified","E2F0000",,"1008","CPRD_GOLD"
"24971","Difficulty reading","Z7C8300",,"1043","CPRD_GOLD"
"28330","[X]Specific reading disorder","Eu81000",,"131","CPRD_GOLD"
"31567","Specific reading disorder","E2F0.00",,"323","CPRD_GOLD"
"36713","Assessing reading difficulties","ZR1X.00",,"51","CPRD_GOLD"
"57256","Specific reading difficulty","ZS32.11",,"47","CPRD_GOLD"
"62096","Specific reading disorder NOS","E2F0z00",,"23","CPRD_GOLD"
