"MEDICAL_CODE_ID","DESCRIPTION","READ_CODE","SNOMED_CT_CODE","FREQUENCY","DATABASE"
"99845013","Inhibited female orgasm","E227400","60103007","925","CPRD_AURUM"
"135863015","Inhibited male orgasm","E227500","81903006","1267","CPRD_AURUM"
"390161000006111","[X]Inhibited orgasm","Eu52311","82636008","168","CPRD_AURUM"
"404071000006115","[X]Orgasmic dysfunction","Eu52300","82636008","2100","CPRD_AURUM"
"423831000006118","[X]Psychogenic anorgasmy","Eu52312","62607004","1411","CPRD_AURUM"
"3844221000006116","Orgasm disorder","","82636008","6","CPRD_AURUM"
"3831781000006110","Male orgasmic disorder","","81903006","0","CPRD_AURUM"
"3476011000006117","Female orgasmic disorder","","60103007","0","CPRD_AURUM"
"3208621000006112","Premature orgasm - male","","44001008","0","CPRD_AURUM"
"3517921000006111","Frigidity proper","","62607004","0","CPRD_AURUM"
"3844231000006118","Abnormal orgasm","","82636008","0","CPRD_AURUM"
"3476021000006113","Inhibited female orgasm, psychogenic","","60103007","0","CPRD_AURUM"
"3517911000006115","Orgasm incapacity","","62607004","8","CPRD_AURUM"
"5262011000006117","Ejaculation without orgasm","","248788002","5","CPRD_AURUM"
"5262081000006112","Erection without orgasm","","248793004","3","CPRD_AURUM"
"5262111000006118","Weak orgasm","","248796007","1","CPRD_AURUM"
"5262031000006111","Failure of orgasm","","248790001","1","CPRD_AURUM"
