"MEDICAL_CODE_ID","DESCRIPTION","READ_CODE","SNOMED_CT_CODE","FREQUENCY","DATABASE"
"371","Ichthyosis - acquired","M211.12",,"3555","CPRD_GOLD"
"2359","O/E - dry skin","2F13.00",,"1016991","CPRD_GOLD"
"3103","O/E - rough skin","2F15.00",,"975","CPRD_GOLD"
"7439","O/E - skin scales","2F9..00",,"1683","CPRD_GOLD"
"8587","O/E - abdominal skin dry","2587.12",,"2127","CPRD_GOLD"
"12220","C/O: dry skin","1N03.00",,"85803","CPRD_GOLD"
"19034","Drying skin creases","Z1O1300",,"1351","CPRD_GOLD"
"24109","Xerosis cutis","M26y100",,"1423","CPRD_GOLD"
"36353","O/E - skin scales NOS","2F9Z.00",,"71","CPRD_GOLD"
"47422","O/E - skin scales present","2F92.00",,"245","CPRD_GOLD"
"51625","O/E - skin - large scales","2F94.00",,"35","CPRD_GOLD"
"61358","O/E - skin - small scales","2F93.00",,"36","CPRD_GOLD"
