"MEDICAL_CODE_ID","DESCRIPTION","READ_CODE","SNOMED_CT_CODE","FREQUENCY","DATABASE"
"1N03.00","C/O: dry skin","1N03.00",,"84885","IMRD"
"2587.12","O/E - abdominal skin dry","2587.12",,"1916","IMRD"
"2F13.00","O/E - dry skin","2F13.00",,"882439","IMRD"
"2F15.00","O/E - rough skin","2F15.00",,"816","IMRD"
"2F9..00","O/E - skin scales","2F9..00",,"1809","IMRD"
"2F92.00","O/E - skin scales present","2F92.00",,"434","IMRD"
"2F93.00","O/E - skin - small scales","2F93.00",,"43","IMRD"
"2F94.00","O/E - skin - large scales","2F94.00",,"47","IMRD"
"2F9Z.00","O/E - skin scales NOS","2F9Z.00",,"80","IMRD"
"M211.12","Ichthyosis - acquired","M211.12",,"2658","IMRD"
"M26y100","Xerosis cutis","M26y100",,"1300","IMRD"
"Z1O1300","Drying skin creases","Z1O1300",,"1233","IMRD"
