"MEDICAL_CODE_ID","DESCRIPTION","READ_CODE","SNOMED_CT_CODE","FREQUENCY","DATABASE"
"255763016","O/E - dry skin","2F13.00","164323008","1702304","CPRD_AURUM"
"255768013","O/E - rough skin","2F15.00","164325001","1982","CPRD_AURUM"
"255816010","O/E - skin scales","2F9..00","164365002","2610","CPRD_AURUM"
"255824017","O/E - skin - large scales","2F94.00","164369008","189","CPRD_AURUM"
"411934017","O/E - abdominal skin dry","2587.12","275958007","2205","CPRD_AURUM"
"982421000006116","Dry skin","","982421000006100","35315","CPRD_AURUM"
"255825016","O/E - skin scales NOS","2F9Z.00","164365002","417","CPRD_AURUM"
"787041000006112","Ichthyosis - acquired","M211.12","8691004","3583","CPRD_AURUM"
"4579371000006111","On examination - skin - large scales","","164369008","0","CPRD_AURUM"
"4579311000006119","On examination - skin scales","","164365002","0","CPRD_AURUM"
"4578681000006113","On examination - dry skin","","164323008","1","CPRD_AURUM"
"6889351000006119","Complaining of dry skin","","416247002","0","CPRD_AURUM"
"5579261000006119","On examination - abdominal skin dry","","275958007","0","CPRD_AURUM"
"2548751015","C/O: dry skin","1N03.00","416247002","326284","CPRD_AURUM"
"857011000006119","Icthyosis","","857011000006103","7838","CPRD_AURUM"
"255823011","O/E - skin - small scales","2F93.00","164368000","332","CPRD_AURUM"
"15337014","Acquired ichthyosis","M211600","8691004","2135","CPRD_AURUM"
"2707271000006112","Ichthyosis","","13059002","0","CPRD_AURUM"
"402549010","O/E - skin scales present","2F92.00","268989009","2437","CPRD_AURUM"
"147751015","Xerosis cutis","M26y100","89105000","4740","CPRD_AURUM"
"4579351000006118","On examination - skin - small scales","","164368000","0","CPRD_AURUM"
"5509661000006112","On examination - skin scales present","","268989009","0","CPRD_AURUM"
"4936761000006119","Drying skin creases","","225138008","6","CPRD_AURUM"
"5529011000006111","Scaly skin","","271761007","104","CPRD_AURUM"
"2759801000006117","Dry skin","","16386004","11267","CPRD_AURUM"
"3598261000006114","Ichthyosis hystrix","","67510007","1","CPRD_AURUM"
