"MEDICAL_CODE_ID","DESCRIPTION","READ_CODE","SNOMED_CT_CODE","FREQUENCY","DATABASE"
"14AP.00","History of ventricular tachycardia","14AP.00",,"923","IMRD"
"14AQ.00","History of supraventricular tachycardia","14AQ.00",,"8557","IMRD"
"2426.00","O/E - pulse rate tachycardia","2426.00",,"8326","IMRD"
"2426.11","O/E - tachycardia","2426.11",,"23925","IMRD"
"321C100","ECG: sinus tachycardia","321C100",,"31","IMRD"
"3282.00","ECG: ventricular tachycardia","3282.00",,"923","IMRD"
"G570.00","Paroxysmal supraventricular tachycardia","G570.00",,"13990","IMRD"
"G570000","Paroxysmal atrial tachycardia","G570000",,"5649","IMRD"
"G570100","Paroxysmal atrioventricular tachycardia","G570100",,"206","IMRD"
"G570200","Paroxysmal junctional tachycardia","G570200",,"49","IMRD"
"G570300","Paroxysmal nodal tachycardia","G570300",,"325","IMRD"
"G570z00","Paroxysmal supraventricular tachycardia NOS","G570z00",,"388","IMRD"
"G571.00","Paroxysmal ventricular tachycardia","G571.00",,"6019","IMRD"
"G571.11","Ventricular tachycardia","G571.11",,"3850","IMRD"
"G572.00","Paroxysmal tachycardia unspecified","G572.00",,"1147","IMRD"
"G572000","Essential paroxysmal tachycardia","G572000",,"26","IMRD"
"G572z00","Paroxysmal tachycardia NOS","G572z00",,"6596","IMRD"
"G57y700","Sinus tachycardia","G57y700",,"23361","IMRD"
"G57y900","Supraventricular tachycardia NOS","G57y900",,"60299","IMRD"
"R050.00","[D]Tachycardia, unspecified","R050.00",,"50798","IMRD"
"R050.11","[D]Rapid heart beat","R050.11",,"630","IMRD"
