"MEDICAL_CODE_ID","DESCRIPTION","READ_CODE","SNOMED_CT_CODE","FREQUENCY","DATABASE"
"19216010","Sinus tachycardia","G57y700","11092001","113026","CPRD_AURUM"
"42864016","Ventricular tachycardia","G571.11","25569003","31081","CPRD_AURUM"
"110733013","Paroxysmal ventricular tachycardia","G571.00","66657009","23484","CPRD_AURUM"
"111643014","Paroxysmal supraventricular tachycardia","G570.00","67198005","107382","CPRD_AURUM"
"254026011","O/E - pulse rate tachycardia","2426.00","162992001","25481","CPRD_AURUM"
"256484015","ECG: ventricular tachycardia","3282.00","164895002","4157","CPRD_AURUM"
"303101000000110","History of ventricular tachycardia","14AP.00","200061000000108","1666","CPRD_AURUM"
"303131000000116","History of supraventricular tachycardia","14AQ.00","200071000000101","11253","CPRD_AURUM"
"884371000006114","Paroxysmal ventric. tachyc.","G571.99","66657009","998","CPRD_AURUM"
"960151000006115","Excessively rapid heart rate","","960151000006104","471","CPRD_AURUM"
"1960981000006114","Rapid pulse","","86651002","79","CPRD_AURUM"
"300119010","Paroxysmal supraventricular tachycardia NOS","G570z00","67198005","2406","CPRD_AURUM"
"300126010","Paroxysmal tachycardia unspecified","G572.00","12026006","6844","CPRD_AURUM"
"1222503016","[D]Rapid heart beat","R050.11","3424008","4232","CPRD_AURUM"
"5590611000006118","Atrial tachycardia","","276796006","857","CPRD_AURUM"
"3309351000006110","Multifocal atrial tachycardia","","49982000","97","CPRD_AURUM"
"4586741000006117","EKG: ventricular tachycardia","","164895002","0","CPRD_AURUM"
"3909141000006115","Tachycardia - pulse","","86651002","0","CPRD_AURUM"
"3400781000006115","Syndrome of short P-R interval, normal QRS complexes AND supraventricular tachycardias","","55475008","0","CPRD_AURUM"
"3909131000006113","Pulse fast","","86651002","21","CPRD_AURUM"
"2553641000006118","Increased heart rate","","3424008","0","CPRD_AURUM"
"4777381000006118","PAT - Paroxysmal atrial tachycardia","","195069001","0","CPRD_AURUM"
"2691431000006114","PT - Paroxysmal tachycardia","","12026006","0","CPRD_AURUM"
"4777451000006119","Nodal paroxysmal tachycardia","","195072008","0","CPRD_AURUM"
"4777351000006114","Atrial paroxysmal tachycardia","","195069001","63","CPRD_AURUM"
"2908961000006115","VT - Ventricular tachycardia","","25569003","1","CPRD_AURUM"
"4777431000006114","Junctional paroxysmal tachycardia","","195071001","0","CPRD_AURUM"
"4777411000006115","Atrioventricular paroxysmal tachycardia","","195070000","0","CPRD_AURUM"
"20729015","Essential paroxysmal tachycardia","G572000","12026006","98","CPRD_AURUM"
"7046521000006117","Inappropriate sinus tachycardia","","425582007","501","CPRD_AURUM"
"4586751000006115","Electrocardiographic ventricular tachycardia","","164895002","0","CPRD_AURUM"
"4555821000006119","On examination - pulse rate tachycardia","","162992001","0","CPRD_AURUM"
"4777401000006118","AV paroxysmal tachycardia","","195070000","0","CPRD_AURUM"
"300129015","Paroxysmal tachycardia NOS","G572z00","12026006","13941","CPRD_AURUM"
"300167017","Supraventricular tachycardia NOS","G57y900","6456007","248564","CPRD_AURUM"
"300110014","Paroxysmal atrioventricular tachycardia","G570100","195070000","1531","CPRD_AURUM"
"300111013","Paroxysmal junctional tachycardia","G570200","195071001","1056","CPRD_AURUM"
"274941000006115","O/E - tachycardia","2426.11","162992001","31941","CPRD_AURUM"
"2602941000006117","SVT - Supraventricular tachycardia","","6456007","51","CPRD_AURUM"
"8059821000006119","H/O: ventricular tachycardia","","200061000000108","0","CPRD_AURUM"
"300106011","Paroxysmal atrial tachycardia","G570000","195069001","34258","CPRD_AURUM"
"317327019","[D]Tachycardia, unspecified","R050.00","3424008","165613","CPRD_AURUM"
"884361000006119","Parox. supravent. tachycardia","G570.99","67198005","8433","CPRD_AURUM"
"2676303012","ECG: sinus tachycardia","","427084000","23443","CPRD_AURUM"
"300114017","Paroxysmal nodal tachycardia","G570300","195072008","1502","CPRD_AURUM"
"2553651000006116","Heart rate fast","","3424008","108","CPRD_AURUM"
