"MEDICAL_CODE_ID","DESCRIPTION","READ_CODE","SNOMED_CT_CODE","FREQUENCY","DATABASE"
"1297","Paroxysmal atrial tachycardia","G570000",,"6442","CPRD_GOLD"
"1381","Paroxysmal tachycardia NOS","G572z00",,"9165","CPRD_GOLD"
"1501","[D]Tachycardia, unspecified","R050.00",,"67588","CPRD_GOLD"
"1536","Supraventricular tachycardia NOS","G57y900",,"71590","CPRD_GOLD"
"3418","Paroxysmal ventricular tachycardia","G571.00",,"7444","CPRD_GOLD"
"4924","ECG: ventricular tachycardia","3282.00",,"2563","CPRD_GOLD"
"4940","Paroxysmal supraventricular tachycardia","G570.00",,"14332","CPRD_GOLD"
"7005","Sinus tachycardia","G57y700",,"27209","CPRD_GOLD"
"7128","O/E - tachycardia","2426.11",,"35308","CPRD_GOLD"
"7794","Ventricular tachycardia","G571.11",,"4451","CPRD_GOLD"
"12375","History of supraventricular tachycardia","14AQ.00",,"9877","CPRD_GOLD"
"21955","[D]Rapid heart beat","R050.11",,"749","CPRD_GOLD"
"23647","Paroxysmal atrioventricular tachycardia","G570100",,"229","CPRD_GOLD"
"25266","Paroxysmal tachycardia unspecified","G572.00",,"1429","CPRD_GOLD"
"26716","O/E - pulse rate tachycardia","2426.00",,"12356","CPRD_GOLD"
"29491","Paroxysmal nodal tachycardia","G570300",,"383","CPRD_GOLD"
"30712","History of ventricular tachycardia","14AP.00",,"1045","CPRD_GOLD"
"35124","Paroxysmal supraventricular tachycardia NOS","G570z00",,"407","CPRD_GOLD"
"51845","Paroxysmal junctional tachycardia","G570200",,"64","CPRD_GOLD"
"60047","Essential paroxysmal tachycardia","G572000",,"26","CPRD_GOLD"
