"MEDICAL_CODE_ID","DESCRIPTION","READ_CODE","SNOMED_CT_CODE","FREQUENCY","DATABASE"
"140589013","Abnormal urinary stream","","84800009","139","CPRD_AURUM"
"397940013","Cannot pass urine - retention","1A32.00","267064002","24089","CPRD_AURUM"
"418913016","Difficulty initiating bladder emptying","","281017002","262","CPRD_AURUM"
"906291000006116","[RFC] Retention of urine","","906291000006100","584","CPRD_AURUM"
"1935511000006110","Minimum micturition volume","","1935511000006106","43","CPRD_AURUM"
"317515018","[D]Retention of urine","R082.00","267064002","306264","CPRD_AURUM"
"317521019","[D]Chronic retention of urine","R082300","236650000","35226","CPRD_AURUM"
"317522014","[D]Retention of urine unspecified","R082400","267064002","5600","CPRD_AURUM"
"317538015","[D]Deficient urine secretion","R085200","271846001","45","CPRD_AURUM"
"317539011","[D]Suppressed urine secretion","R085300","271848000","28","CPRD_AURUM"
"317542017","[D]Slowing of urinary stream","R086000","84471002","14440","CPRD_AURUM"
"455440013","[D]Poor urinary stream","R086300","162128006","10082","CPRD_AURUM"
"169481000006113","Retention - symptom","1A32.11","267064002","5442","CPRD_AURUM"
"1222518015","[D]Difficulty with micturition","R086.11","102835006","2655","CPRD_AURUM"
"5269631000006111","Incomplete bladder emptying","","249288007","13","CPRD_AURUM"
"5498171000006110","Unable to pass urine","","267064002","167","CPRD_AURUM"
"4571171000006110","O/E- micturition reflex abnormal retention and overflow","","163885003","0","CPRD_AURUM"
"5498211000006112","Not passing urine","","267064002","3","CPRD_AURUM"
"4081211000006119","Difficulty passing urine","","102835006","1866","CPRD_AURUM"
"5498181000006113","Urinary retention","","267064002","1223","CPRD_AURUM"
"4546731000006118","Poor flow of urine","","162128006","50","CPRD_AURUM"
"5097091000006115","ARU - Acute retention of urine","","236648008","0","CPRD_AURUM"
"3388901000006115","Bladder distension","","54768000","0","CPRD_AURUM"
"4546751000006113","Weak urinary stream","","162128006","0","CPRD_AURUM"
"4081231000006113","Difficulty in urination","","102835006","2","CPRD_AURUM"
"5498201000006114","Unable to empty bladder","","267064002","4","CPRD_AURUM"
"5097101000006114","Acute urinary retention","","236648008","202","CPRD_AURUM"
"4081221000006110","Difficulty in voiding","","102835006","2","CPRD_AURUM"
"4571191000006111","On examination - micturition reflex abnormal retention and overflow","","163885003","0","CPRD_AURUM"
"1231994019","Hesitancy of micturition","1A34.11","5972002","35318","CPRD_AURUM"
"1231995018","Hesitancy","1A34.00","5972002","12763","CPRD_AURUM"
"252800015","Micturition stream poor","1A33.00","162128006","26762","CPRD_AURUM"
"317520018","[D]Acute retention of urine","R082200","236648008","124452","CPRD_AURUM"
"5097131000006118","CRU - Chronic retention of urine","","236650000","0","CPRD_AURUM"
"2594851000006110","Urinary hesitancy","","5972002","0","CPRD_AURUM"
"255420015","Difficulty with micturition","1AZ3.00","102835006","17883","CPRD_AURUM"
"74671000006113","Urinary stream - intermittent","","74671000006109","213","CPRD_AURUM"
"867921000006118","Urinary bladder distension","7B2C499","588891000000104","180","CPRD_AURUM"
"4451851000006116","Bladder retention of urine","","130951007","9","CPRD_AURUM"
"5880361000006111","Bladder emptying inefficient","","300464001","1","CPRD_AURUM"
"5097111000006112","Acute-on-chronic retention of urine","","236649000","8","CPRD_AURUM"
"5269481000006114","Must strain to pass urine","","249279003","8","CPRD_AURUM"
"4451861000006119","Urinary retention","","130951007","4","CPRD_AURUM"
