"MEDICAL_CODE_ID","DESCRIPTION","READ_CODE","SNOMED_CT_CODE","FREQUENCY","DATABASE"
"1A32.00","Cannot pass urine - retention","1A32.00",,"3961","IMRD"
"1A32.11","Retention - symptom","1A32.11",,"4178","IMRD"
"1A33.00","Micturition stream poor","1A33.00",,"7942","IMRD"
"1A34.00","Hesitancy","1A34.00",,"2569","IMRD"
"1A34.11","Hesitancy of micturition","1A34.11",,"17511","IMRD"
"1AZ3.00","Difficulty with micturition","1AZ3.00",,"5350","IMRD"
"R082.00","[D]Retention of urine","R082.00",,"117067","IMRD"
"R082200","[D]Acute retention of urine","R082200",,"12802","IMRD"
"R082300","[D]Chronic retention of urine","R082300",,"2355","IMRD"
"R082400","[D]Retention of urine unspecified","R082400",,"1016","IMRD"
"R085200","[D]Deficient urine secretion","R085200",,"28","IMRD"
"R085300","[D]Suppressed urine secretion","R085300",,"17","IMRD"
"R086.11","[D]Difficulty with micturition","R086.11",,"238","IMRD"
"R086000","[D]Slowing of urinary stream","R086000",,"7745","IMRD"
"R086300","[D]Poor urinary stream","R086300",,"291","IMRD"
