"MEDICAL_CODE_ID","DESCRIPTION","READ_CODE","SNOMED_CT_CODE","FREQUENCY","DATABASE"
"1052","[D]Retention of urine","R082.00",,"153822","CPRD_GOLD"
"3002","[D]Acute retention of urine","R082200",,"16366","CPRD_GOLD"
"5038","[D]Slowing of urinary stream","R086000",,"11140","CPRD_GOLD"
"5375","Cannot pass urine - retention","1A32.00",,"4584","CPRD_GOLD"
"5994","Retention - symptom","1A32.11",,"4927","CPRD_GOLD"
"6158","[D]Retention of urine unspecified","R082400",,"1285","CPRD_GOLD"
"7487","Hesitancy of micturition","1A34.11",,"21961","CPRD_GOLD"
"9274","Micturition stream poor","1A33.00",,"8804","CPRD_GOLD"
"12727","Difficulty with micturition","1AZ3.00",,"6295","CPRD_GOLD"
"25649","Hesitancy","1A34.00",,"2453","CPRD_GOLD"
"28017","[D]Chronic retention of urine","R082300",,"2630","CPRD_GOLD"
"28788","[D]Difficulty with micturition","R086.11",,"278","CPRD_GOLD"
"41605","[D]Poor urinary stream","R086300",,"353","CPRD_GOLD"
"63647","[D]Suppressed urine secretion","R085300",,"13","CPRD_GOLD"
"73726","[D]Deficient urine secretion","R085200",,"34","CPRD_GOLD"
