"MEDICAL_CODE_ID","DESCRIPTION","READ_CODE","SNOMED_CT_CODE","FREQUENCY","DATABASE"
"750","[D]Insomnia NOS","R005200",,"720208","CPRD_GOLD"
"1244","[D]Sleep disturbance, unspecified","R005000",,"89885","CPRD_GOLD"
"3523","Initial insomnia","1B1B000",,"5003","CPRD_GOLD"
"4023","Insomnia NOS","E274111",,"207705","CPRD_GOLD"
"4537","C/O - insomnia","1B1B.11",,"691227","CPRD_GOLD"
"4597","Late insomnia","1B1B200",,"4991","CPRD_GOLD"
"5675","Middle insomnia","1B1B100",,"1075","CPRD_GOLD"
"5921","Disorders of initiating and maintaining sleep","Fy00.00",,"82236","CPRD_GOLD"
"7819","Non-organic sleep disorders","E274.00",,"54097","CPRD_GOLD"
"8084","[D]Sleep disturbances","R005.00",,"434101","CPRD_GOLD"
"10349","[D]Insomnia - symptom","R005.11",,"18969","CPRD_GOLD"
"15515","Transient insomnia","E274100",,"13292","CPRD_GOLD"
"16115","Persistent insomnia","E274200",,"3413","CPRD_GOLD"
"16434","Unspecified non-organic sleep disorder","E274000",,"138","CPRD_GOLD"
"19514","Restless sleep","E274D11",,"1250","CPRD_GOLD"
"21305","Cannot sleep - insomnia","1B1B.00",,"78447","CPRD_GOLD"
"22465","Early morning waking","1BX3.00",,"4735","CPRD_GOLD"
"22819","[X]Nonorganic sleep disorder, unspecified","Eu51z00",,"82","CPRD_GOLD"
"24894","[X]Nonorganic sleep disorders","Eu51.00",,"553","CPRD_GOLD"
"26546","Insomnia due to nonorganic sleep disorder","E274.12",,"211","CPRD_GOLD"
"27649","Non-organic sleep disorder NOS","E274z00",,"142","CPRD_GOLD"
"30626","[X]Nonorganic insomnia","Eu51000",,"2614","CPRD_GOLD"
"32987","'Short-sleeper'","E274E00",,"211","CPRD_GOLD"
"42847","Delayed onset of sleep","1BX0.00",,"2930","CPRD_GOLD"
"43098","Other non-organic sleep disorder","E274y00",,"104","CPRD_GOLD"
"48539","[D]Insomnia with sleep apnoea","R005100",,"177","CPRD_GOLD"
"62925","[X]Other nonorganic sleep disorders","Eu51y00",,"8","CPRD_GOLD"
"96037","Sleep hygiene behaviour education","8G9B.00",,"4665","CPRD_GOLD"
"101913","Disturbing sleep","Z1M1.00",,"34","CPRD_GOLD"
