"MEDICAL_CODE_ID","DESCRIPTION","READ_CODE","SNOMED_CT_CODE","FREQUENCY","DATABASE"
"1B1B.00","Cannot sleep - insomnia","1B1B.00",,"76580","IMRD"
"1B1B.11","C/O - insomnia","1B1B.11",,"638069","IMRD"
"1B1B000","Initial insomnia","1B1B000",,"4312","IMRD"
"1B1B100","Middle insomnia","1B1B100",,"1031","IMRD"
"1B1B200","Late insomnia","1B1B200",,"3927","IMRD"
"1BX0.00","Delayed onset of sleep","1BX0.00",,"803","IMRD"
"1BX3.00","Early morning waking","1BX3.00",,"3381","IMRD"
"8G9B.00","Sleep hygiene behaviour education","8G9B.00",,"4404","IMRD"
"E274.00","Non-organic sleep disorders","E274.00",,"42832","IMRD"
"E274.12","Insomnia due to nonorganic sleep disorder","E274.12",,"194","IMRD"
"E274000","Unspecified non-organic sleep disorder","E274000",,"97","IMRD"
"E274100","Transient insomnia","E274100",,"8245","IMRD"
"E274111","Insomnia NOS","E274111",,"154842","IMRD"
"E274200","Persistent insomnia","E274200",,"2745","IMRD"
"E274D11","Restless sleep","E274D11",,"847","IMRD"
"E274y00","Other non-organic sleep disorder","E274y00",,"87","IMRD"
"E274z00","Non-organic sleep disorder NOS","E274z00",,"138","IMRD"
"Eu51.00","[X]Nonorganic sleep disorders","Eu51.00",,"546","IMRD"
"Eu51000","[X]Nonorganic insomnia","Eu51000",,"1577","IMRD"
"Eu51y00","[X]Other nonorganic sleep disorders","Eu51y00",,"11","IMRD"
"Eu51z00","[X]Nonorganic sleep disorder, unspecified","Eu51z00",,"23","IMRD"
"Fy00.00","Disorders of initiating and maintaining sleep","Fy00.00",,"75885","IMRD"
"R005.00","[D]Sleep disturbances","R005.00",,"197575","IMRD"
"R005.11","[D]Insomnia - symptom","R005.11",,"13202","IMRD"
"R005000","[D]Sleep disturbance, unspecified","R005000",,"62339","IMRD"
"R005100","[D]Insomnia with sleep apnoea","R005100",,"173","IMRD"
"R005200","[D]Insomnia NOS","R005200",,"498688","IMRD"
"Z1M1.00","Disturbing sleep","Z1M1.00",,"29","IMRD"
