"MEDICAL_CODE_ID","DESCRIPTION","READ_CODE","SNOMED_CT_CODE","FREQUENCY","DATABASE"
"252385016","Breathless - moderate exertion","1732.00","161939006","588701","CPRD_AURUM"
"252386015","Breathless - mild exertion","1733.00","161940008","447845","CPRD_AURUM"
"498862013","Dyspnoea on exertion","173C.11","60845006","92285","CPRD_AURUM"
"1485144011","MRC Breathlessness Scale: grade 1","173H.00","391120009","784998","CPRD_AURUM"
"1485148014","MRC Breathlessness Scale: grade 3","173J.00","391124000","930673","CPRD_AURUM"
"1485150018","MRC Breathlessness Scale: grade 5","173L.00","391126003","121532","CPRD_AURUM"
"1780468018","Borg Breathlessness Score: 1 very slight","173P.00","401279002","670","CPRD_AURUM"
"1780469014","Borg Breathlessness Score: 2 slight","173Q.00","401280004","1445","CPRD_AURUM"
"1780471014","Borg Breathlessness Score: 4 somewhat severe","173S.00","401282007","844","CPRD_AURUM"
"1780473012","Borg Breathlessness Score: 5 severe","173T.00","401284008","621","CPRD_AURUM"
"1780475017","Borg Breathlessness Score: 6 severe (+)","173V.00","401286005","207","CPRD_AURUM"
"1780480014","Borg Breathlessness Score: 8 very severe (+)","173X.00","401291006","134","CPRD_AURUM"
"1763721000006114","Mod. shuttle walk test-objective breathlessness at end of test","","1763721000006105","1","CPRD_AURUM"
"1807851000006117","O/E - dyspnoea on exertion","","1807851000006101","334","CPRD_AURUM"
"1970561000006119","COPD assessment test score - breathless walking up hill/stairs","","1970561000006103","14253","CPRD_AURUM"
"2287881000000112","Breathlessness causing difficulty eating","173g.00","702581006","27","CPRD_AURUM"
"3488361000006114","Dyspnea on effort","","60845006","0","CPRD_AURUM"
"6519301000006117","Medical Research Council Breathlessness Scale: grade 3","","391124000","0","CPRD_AURUM"
"3488371000006119","Dyspnoea on effort","","60845006","1","CPRD_AURUM"
"3488351000006112","Breathlessness on exertion","","60845006","44","CPRD_AURUM"
"3488381000006116","Exertional dyspnoea","","60845006","13","CPRD_AURUM"
"6519361000006116","Medical Research Council Breathlessness Scale grade 5","","391126003","0","CPRD_AURUM"
"3488391000006118","Dyspnea on exertion","","60845006","0","CPRD_AURUM"
"11932081000006117","MRC (Medical Research Council) Breathlessness Scale grade 5b","","1061001000000106","0","CPRD_AURUM"
"2002191000006115","MRC (Medical Research Council) Breathlessness Scale grade 5a","","1060991000000107","20","CPRD_AURUM"
"11932071000006115","MRC (Medical Research Council) Breathlessness Scale grade 5a","","1060991000000107","0","CPRD_AURUM"
"1861171000006111","Breathlessness causing difficulty eating","","1861171000006107","0","CPRD_AURUM"
"1485149018","MRC Breathlessness Scale: grade 4","173K.00","391125004","509734","CPRD_AURUM"
"911011000006110","Borg Breathlessness Score: 9 very, very sev (almost maximal)","173Y.00","401292004","54","CPRD_AURUM"
"3488411000006118","SOBOE - Shortness of breath on exertion","","60845006","2497","CPRD_AURUM"
"6519351000006118","Medical Research Council (MRC) Breathlessness Scale: grade 5","","391126003","0","CPRD_AURUM"
"6519221000006115","Medical Research Council (MRC) Breathlessness Scale: grade 1","","391120009","0","CPRD_AURUM"
"1780479011","Borg Breathlessness Score: 7 very severe","173W.00","401290007","317","CPRD_AURUM"
"2002201000006117","MRC (Medical Research Council) Breathlessness Scale grade 5b","","1061001000000106","11","CPRD_AURUM"
"910921000006114","Borg Breathlessness Score: 0.5 very, very slight","173N.00","401323002","347","CPRD_AURUM"
"7563281000006118","Difficulty eating due to breathlessness","","702581006","0","CPRD_AURUM"
"6519231000006117","Medical Research Council Breathlessness Scale grade 1","","391120009","0","CPRD_AURUM"
"1484903015","Short of breath dressing/undressing","173F.00","390870001","1119","CPRD_AURUM"
"1484904014","Breathless - strenuous exertion","173G.00","390871002","75050","CPRD_AURUM"
"1485147016","MRC Breathlessness Scale: grade 2","173I.00","391123006","1320924","CPRD_AURUM"
"1780470010","Borg Breathlessness Score: 3 moderate","173R.00","401281000","3230","CPRD_AURUM"
"1780482018","Borg Breathlessness Score: 10 maximal","173a.00","401293009","74","CPRD_AURUM"
"6519321000006110","Medical Research Council (MRC) Breathlessness Scale: grade 4","","391125004","0","CPRD_AURUM"
"6519281000006116","Medical Research Council Breathlessness Scale grade 2","","391123006","0","CPRD_AURUM"
"6519271000006119","Medical Research Council (MRC) Breathlessness Scale: grade 2","","391123006","0","CPRD_AURUM"
"6519331000006113","Medical Research Council Breathlessness Scale grade 4","","391125004","0","CPRD_AURUM"
