"MEDICAL_CODE_ID","DESCRIPTION","READ_CODE","SNOMED_CT_CODE","FREQUENCY","DATABASE"
"168..00","Tiredness symptom","168..00",,"688631","IMRD"
"168..11","Fatigue - symptom","168..11",,"126884","IMRD"
"168..12","Lethargy - symptom","168..12",,"182770","IMRD"
"168..14","C/O Muzzy head","168..14",,"9750","IMRD"
"1682.00","Fatigue","1682.00",,"153084","IMRD"
"1683.00","Tired all the time","1683.00",,"695924","IMRD"
"1683.11","C/O - tired all the time","1683.11",,"165931","IMRD"
"1684.00","Malaise/lethargy","1684.00",,"15548","IMRD"
"1686.00","Heavy legs","1686.00",,"4577","IMRD"
"1687.00","Heavy feeling","1687.00",,"2357","IMRD"
"1688.00","Exhaustion","1688.00",,"9439","IMRD"
"168Z.00","Tiredness symptom NOS","168Z.00",,"11385","IMRD"
"E205.12","Tired all the time","E205.12",,"117907","IMRD"
"R007.00","[D]Malaise and fatigue","R007.00",,"3165","IMRD"
"R007100","[D]Fatigue","R007100",,"29601","IMRD"
"R007300","[D]Lethargy","R007300",,"128922","IMRD"
"R007500","[D]Tiredness","R007500",,"311676","IMRD"
"R007z00","[D]Malaise and fatigue NOS","R007z00",,"3278","IMRD"
"R007z11","[D]Lassitude","R007z11",,"9642","IMRD"
