"MEDICAL_CODE_ID","DESCRIPTION","READ_CODE","SNOMED_CT_CODE","FREQUENCY","DATABASE"
"1147","[D]Tiredness","R007500",,"450932","CPRD_GOLD"
"1371","[D]Lethargy","R007300",,"171082","CPRD_GOLD"
"1404","Fatigue","1682.00",,"189343","CPRD_GOLD"
"1688","[D]Fatigue","R007100",,"30377","CPRD_GOLD"
"5418","C/O 'Muzzy head'","168..14",,"11157","CPRD_GOLD"
"5583","Lethargy - symptom","168..12",,"207956","CPRD_GOLD"
"5751","Tired all the time","1683.00",,"708306","CPRD_GOLD"
"5794","Tiredness symptom","168..00",,"762450","CPRD_GOLD"
"5814","[D]Lassitude","R007z11",,"12076","CPRD_GOLD"
"6242","Fatigue - symptom","168..11",,"134932","CPRD_GOLD"
"7235","Tired all the time","E205.12",,"130415","CPRD_GOLD"
"9220","Exhaustion","1688.00",,"10134","CPRD_GOLD"
"13027","Heavy legs","1686.00",,"5123","CPRD_GOLD"
"15516","C/O - 'tired all the time'","1683.11",,"179587","CPRD_GOLD"
"17736","Malaise/lethargy","1684.00",,"17699","CPRD_GOLD"
"21460","Heavy feeling","1687.00",,"2849","CPRD_GOLD"
"23932","[D]Malaise and fatigue NOS","R007z00",,"3790","CPRD_GOLD"
"29292","Tiredness symptom NOS","168Z.00",,"10329","CPRD_GOLD"
"44215","[D]Malaise and fatigue","R007.00",,"2910","CPRD_GOLD"
