"MEDICAL_CODE_ID","DESCRIPTION","READ_CODE","SNOMED_CT_CODE","FREQUENCY","DATABASE"
"1612.00","Appetite loss - anorexia","1612.00",,"24726","IMRD"
"1612.11","Anorexia symptom","1612.11",,"28295","IMRD"
"1612.12","Loss of appetite - symptom","1612.12",,"19183","IMRD"
"1615.00","Reduced appetite","1615.00",,"37828","IMRD"
"E275600","Non-organic loss of appetite","E275600",,"999","IMRD"
"Eu50y12","[X]Psychogenic loss of appetite","Eu50y12",,"305","IMRD"
"R030.00","[D]Anorexia","R030.00",,"33035","IMRD"
"R030000","[D]Appetite loss","R030000",,"45052","IMRD"
"R030z00","[D]Anorexia NOS","R030z00",,"725","IMRD"
