"MEDICAL_CODE_ID","DESCRIPTION","READ_CODE","SNOMED_CT_CODE","FREQUENCY","DATABASE"
"295444010","Non-organic loss of appetite","E275600","192017004","1317","CPRD_AURUM"
"372208017","Anorexia symptom","1612.11","249468005","34587","CPRD_AURUM"
"499835012","Reduced appetite","1615.00","64379006","165745","CPRD_AURUM"
"982541000006112","Reduced appetite","","982541000006108","561","CPRD_AURUM"
"1834191000006116","Small appetite","","1834191000006100","444","CPRD_AURUM"
"424051000006119","[X]Psychogenic loss of appetite","Eu50y12","192017004","673","CPRD_AURUM"
"734511000006115","Loss of appetite - symptom","1612.12","79890006","84825","CPRD_AURUM"
"3547231000006112","Poor appetite","","64379006","358","CPRD_AURUM"
"3799281000006110","Off food","","79890006","2","CPRD_AURUM"
"3799271000006112","No appetite","","79890006","3","CPRD_AURUM"
"3799261000006117","Anorexic","","79890006","1","CPRD_AURUM"
"3547211000006118","Decrease in appetite","","64379006","26764","CPRD_AURUM"
"12717671000006110","[D]Anorexia","","496871000000107","217","CPRD_AURUM"
"960281000006115","Anorexia","","960281000006104","1247","CPRD_AURUM"
"317234019","[D]Appetite loss","R030000","79890006","104913","CPRD_AURUM"
"317235018","[D]Anorexia NOS","R030z00","79890006","2830","CPRD_AURUM"
"404431014","Appetite loss - anorexia","1612.00","249468005","118497","CPRD_AURUM"
"4766621000006118","Loss of appetite, psychogenic","","192017004","0","CPRD_AURUM"
"3799251000006119","Anorexia","","79890006","20","CPRD_AURUM"
"317233013","[D]Anorexia","R030.00","496871000000107","51110","CPRD_AURUM"
"5272121000006116","No interest in food","","249469002","11","CPRD_AURUM"
