"MEDICAL_CODE_ID","DESCRIPTION","READ_CODE","SNOMED_CT_CODE","FREQUENCY","DATABASE"
"912","[D]Anorexia","R030.00",,"44673","CPRD_GOLD"
"1855","[D]Appetite loss","R030000",,"55962","CPRD_GOLD"
"6607","Loss of appetite - symptom","1612.12",,"25275","CPRD_GOLD"
"7608","Appetite loss - anorexia","1612.00",,"29099","CPRD_GOLD"
"7744","Anorexia symptom","1612.11",,"32659","CPRD_GOLD"
"13081","Reduced appetite","1615.00",,"50897","CPRD_GOLD"
"17203","[X]Psychogenic loss of appetite","Eu50y12",,"367","CPRD_GOLD"
"22820","Non-organic loss of appetite","E275600",,"1162","CPRD_GOLD"
"53746","[D]Anorexia NOS","R030z00",,"1003","CPRD_GOLD"
