"MEDICAL_CODE_ID","DESCRIPTION","READ_CODE","SNOMED_CT_CODE","FREQUENCY","DATABASE"
"1412","[D]Dysphonia","R044400",,"15387","CPRD_GOLD"
"1921","[D]Hoarseness","R044500",,"17542","CPRD_GOLD"
"2246","Voice hoarseness","1CA2.11",,"177148","CPRD_GOLD"
"2735","[D]Voice disturbance, unspecified","R044000",,"1403","CPRD_GOLD"
"3184","[D]Loss of voice","R044200",,"10385","CPRD_GOLD"
"4105","Aphonia - hysterical","E201z11",,"408","CPRD_GOLD"
"4820","[D]Aphonia","R044100",,"1564","CPRD_GOLD"
"5281","[D]Change in voice","R044300",,"6236","CPRD_GOLD"
"5936","Hoarse","1CA2.00",,"74417","CPRD_GOLD"
"6423","[D]Voice disturbance","R044.00",,"7002","CPRD_GOLD"
"6517","Hoarseness symptom","1CA..00",,"62988","CPRD_GOLD"
"6760","O/E - aphonia","2DE6.00",,"337","CPRD_GOLD"
"7277","[V]Problem with voice production","ZV41400",,"3632","CPRD_GOLD"
"7848","O/E - dysphonia","2DE5.00",,"2819","CPRD_GOLD"
"10277","Dysphonia","ZS21.00",,"8399","CPRD_GOLD"
"11627","Hoarseness - throat symptom","1CA..11",,"2666","CPRD_GOLD"
"12147","[X]Psychogenic aphonia","Eu44411",,"44","CPRD_GOLD"
"12280","Loss of voice","ZT11.00",,"1703","CPRD_GOLD"
"16810","O/E - hoarseness","2DE4.00",,"2500","CPRD_GOLD"
"18490","Spasmodic dysphonia","ZS26.00",,"216","CPRD_GOLD"
"18801","[X]Psychogenic dysphonia","Eu44412",,"459","CPRD_GOLD"
"19051","Change in voice","ZT15.00",,"2053","CPRD_GOLD"
"22331","Hyperfunctional dysphonia","ZS21300",,"84","CPRD_GOLD"
"35056","Spastic dysphonia","ZS26.11",,"41","CPRD_GOLD"
"36615","Aphonia","ZS22.00",,"975","CPRD_GOLD"
"38120","Hoarseness symptom NOS","1CAZ.00",,"1738","CPRD_GOLD"
"39933","Weakness of voice","ZS28.11",,"352","CPRD_GOLD"
"40106","Disorder of voice","ZS2..00",,"305","CPRD_GOLD"
"41615","Psychogenic aphonia","E261500",,"100","CPRD_GOLD"
"43769","Hypofunctional dysphonia","ZS21200",,"54","CPRD_GOLD"
"45504","Dysphonia therapy","ZD31.11",,"51","CPRD_GOLD"
"46563","Adductor spasmodic dysphonia","ZS26100",,"52","CPRD_GOLD"
"48456","[D]Other voice disturbance NOS","R044z00",,"83","CPRD_GOLD"
"49366","Hyperkinetic dysphonia","ZS21100",,"19","CPRD_GOLD"
"54751","Abductor spasmodic dysphonia","ZS26200",,"15","CPRD_GOLD"
"63535","Adductor spastic dysphonia","ZS26111",,"6","CPRD_GOLD"
"69141","Breathy voice","ZS27.00",,"16","CPRD_GOLD"
"94084","Hypofunctional aphonia","ZS22200",,"3","CPRD_GOLD"
"97636","[X]Other and unspecified voice disturbances","Ryu6200",,"11","CPRD_GOLD"
"99125","Hyperfunctional aphonia","ZS22300",,"2","CPRD_GOLD"
"106145","Abductor spastic dysphonia","ZS26211",,"3","CPRD_GOLD"
