"MEDICAL_CODE_ID","DESCRIPTION","READ_CODE","SNOMED_CT_CODE","FREQUENCY","DATABASE"
"1CA..00","Hoarseness symptom","1CA..00",,"55429","IMRD"
"1CA..11","Hoarseness - throat symptom","1CA..11",,"2334","IMRD"
"1CA2.00","Hoarse","1CA2.00",,"65341","IMRD"
"1CA2.11","Voice hoarseness","1CA2.11",,"127796","IMRD"
"1CAZ.00","Hoarseness symptom NOS","1CAZ.00",,"1078","IMRD"
"2DE4.00","O/E - hoarseness","2DE4.00",,"2358","IMRD"
"2DE5.00","O/E - dysphonia","2DE5.00",,"2477","IMRD"
"2DE6.00","O/E - aphonia","2DE6.00",,"302","IMRD"
"E201z11","Aphonia - hysterical","E201z11",,"334","IMRD"
"E261500","Psychogenic aphonia","E261500",,"66","IMRD"
"Eu44411","[X]Psychogenic aphonia","Eu44411",,"38","IMRD"
"Eu44412","[X]Psychogenic dysphonia","Eu44412",,"526","IMRD"
"R044.00","[D]Voice disturbance","R044.00",,"6067","IMRD"
"R044000","[D]Voice disturbance, unspecified","R044000",,"742","IMRD"
"R044100","[D]Aphonia","R044100",,"1010","IMRD"
"R044200","[D]Loss of voice","R044200",,"8279","IMRD"
"R044300","[D]Change in voice","R044300",,"3926","IMRD"
"R044400","[D]Dysphonia","R044400",,"11906","IMRD"
"R044500","[D]Hoarseness","R044500",,"16098","IMRD"
"R044z00","[D]Other voice disturbance NOS","R044z00",,"82","IMRD"
"Ryu6200","[X]Other and unspecified voice disturbances","Ryu6200",,"9","IMRD"
"ZD31.11","Dysphonia therapy","ZD31.11",,"52","IMRD"
"ZS2..00","Disorder of voice","ZS2..00",,"287","IMRD"
"ZS21.00","Dysphonia","ZS21.00",,"7648","IMRD"
"ZS21100","Hyperkinetic dysphonia","ZS21100",,"17","IMRD"
"ZS21200","Hypofunctional dysphonia","ZS21200",,"44","IMRD"
"ZS21300","Hyperfunctional dysphonia","ZS21300",,"79","IMRD"
"ZS22.00","Aphonia","ZS22.00",,"862","IMRD"
"ZS22100","Hyperkinetic aphonia","ZS22100",,"0","IMRD"
"ZS22200","Hypofunctional aphonia","ZS22200",,"2","IMRD"
"ZS22300","Hyperfunctional aphonia","ZS22300",,"1","IMRD"
"ZS26.00","Spasmodic dysphonia","ZS26.00",,"196","IMRD"
"ZS26.11","Spastic dysphonia","ZS26.11",,"39","IMRD"
"ZS26100","Adductor spasmodic dysphonia","ZS26100",,"42","IMRD"
"ZS26111","Adductor spastic dysphonia","ZS26111",,"6","IMRD"
"ZS26200","Abductor spasmodic dysphonia","ZS26200",,"13","IMRD"
"ZS26211","Abductor spastic dysphonia","ZS26211",,"1","IMRD"
"ZS27.00","Breathy voice","ZS27.00",,"13","IMRD"
"ZS28.11","Weakness of voice","ZS28.11",,"305","IMRD"
"ZT11.00","Loss of voice","ZT11.00",,"1406","IMRD"
"ZT15.00","Change in voice","ZT15.00",,"1681","IMRD"
"ZV41400","[V]Problem with voice production","ZV41400",,"3183","IMRD"
