"MEDICAL_CODE_ID","DESCRIPTION","READ_CODE","SNOMED_CT_CODE","FREQUENCY","DATABASE"
"255704012","O/E - hoarseness","2DE4.00","164276001","11554","CPRD_AURUM"
"255705013","O/E - dysphonia","2DE5.00","164277005","7709","CPRD_AURUM"
"495617011","Hoarse","1CA2.00","50219008","97412","CPRD_AURUM"
"1230849015","Voice hoarseness","1CA2.11","50219008","348614","CPRD_AURUM"
"253230012","Hoarseness symptom NOS","1CAZ.00","50219008","8631","CPRD_AURUM"
"317297011","[D]Hoarseness","R044500","50219008","63646","CPRD_AURUM"
"423841000006111","[X]Psychogenic aphonia","Eu44411","268715000","97","CPRD_AURUM"
"489141000006110","Aphonia - hysterical","E201z11","95439001","666","CPRD_AURUM"
"460637015","[V]Problem with voice production","ZV41400","29164008","4279","CPRD_AURUM"
"317300018","[D]Other voice disturbance NOS","R044z00","47004009","1022","CPRD_AURUM"
"3259761000006114","Voice impairment","","47004009","0","CPRD_AURUM"
"3259771000006119","Disorder of voice","","47004009","0","CPRD_AURUM"
"3313461000006119","Croaky voice","","50219008","64","CPRD_AURUM"
"3313451000006116","Husky voice","","50219008","40","CPRD_AURUM"
"4577921000006117","On examination - aphonia","","164278000","0","CPRD_AURUM"
"4577901000006110","On examination - dysphonia","","164277005","0","CPRD_AURUM"
"317296019","[D]Dysphonia","R044400","47004009","59892","CPRD_AURUM"
"317294016","[D]Loss of voice","R044200","44564008","31196","CPRD_AURUM"
"317295015","[D]Change in voice","R044300","274657005","18549","CPRD_AURUM"
"215881000000118","[X]Psychogenic dysphonia","Eu44412","275472008","1358","CPRD_AURUM"
"1230845014","Hoarseness - throat symptom","1CA..11","50219008","9879","CPRD_AURUM"
"1230846010","Hoarseness symptom","1CA..00","50219008","128425","CPRD_AURUM"
"255706014","O/E - aphonia","2DE6.00","164278000","810","CPRD_AURUM"
"2966461000006113","Spastic dysphonia","","29003001","7","CPRD_AURUM"
"317291012","[D]Voice disturbance","R044.00","47004009","21113","CPRD_AURUM"
"317292017","[D]Voice disturbance, unspecified","R044000","47004009","2928","CPRD_AURUM"
"317293010","[D]Aphonia","R044100","441913003","3828","CPRD_AURUM"
"1772671000006117","Spasmodic dysphonia","","29003001","1248","CPRD_AURUM"
"158091017","Psychogenic aphonia","E261500","95439001","463","CPRD_AURUM"
"318038012","[X]Other and unspecified voice disturbances","Ryu6200","47004009","324","CPRD_AURUM"
"3259741000006110","Dysphonia","","47004009","428","CPRD_AURUM"
"4577881000006113","On examination - hoarseness","","164276001","0","CPRD_AURUM"
"5713731000006112","Difficulty producing appropriate voice quality","","286348000","1","CPRD_AURUM"
"8261291000006117","Severity of asthenia of voice","","811861000000100","9","CPRD_AURUM"
"5713691000006116","Unable to produce appropriate voice quality","","286345002","2","CPRD_AURUM"
"4997241000006116","Hyperfunctional dysphonia","","229637006","5","CPRD_AURUM"
"8261271000006118","Severity of roughness of voice","","811841000000101","9","CPRD_AURUM"
"3543481000006115","Functional voice disorder","","64161004","1","CPRD_AURUM"
"8262571000006112","Severity of dysphonia","","813861000000101","2","CPRD_AURUM"
"3004351000006110","Abductor spastic dysphonia","","31283000","2","CPRD_AURUM"
"5713651000006110","Difficulty producing appropriate voice volume","","286342004","4","CPRD_AURUM"
"6006971000006115","Dysphonia therapy","","311556008","1","CPRD_AURUM"
"4997231000006114","Hypofunctional dysphonia","","229636002","1","CPRD_AURUM"
"3417961000006112","Breathy voice quality","","56505000","1","CPRD_AURUM"
"8261261000006113","Severity of strain in voice","","811831000000105","9","CPRD_AURUM"
"3706621000006116","Apraxic aphonia","","74227009","1","CPRD_AURUM"
"5713351000006118","Difficulty producing voice","","286330009","1","CPRD_AURUM"
"3862861000006113","Adductor spastic dysphonia of musculoskeletal tension reaction","","83759003","1","CPRD_AURUM"
