"MEDICAL_CODE_ID","DESCRIPTION","READ_CODE","SNOMED_CT_CODE","FREQUENCY","DATABASE"
"71717017","Night sweats","1662.12","42984000","242748","CPRD_AURUM"
"252237015","Sweating symptom","166..00","161857006","197236","CPRD_AURUM"
"253561019","O/E - sweating","2223.00","162683001","17090","CPRD_AURUM"
"496382011","Excessive sweating","1662.00","52613005","241196","CPRD_AURUM"
"252244012","Sweating symptom NOS","166Z.00","161857006","10612","CPRD_AURUM"
"317072018","[D]Hyperhidrosis","R008.00","312230002","117033","CPRD_AURUM"
"317078019","[D]Generalized hyperhidrosis","R008300","274673004","3894","CPRD_AURUM"
"317079010","[D]Hyperhidrosis NOS","R008z00","312230002","15108","CPRD_AURUM"
"1212349013","Fever with sweating","1653.00","186694006","12608","CPRD_AURUM"
"1705911000006115","[D]Night sweats","R008400","42984000","17842","CPRD_AURUM"
"5565231000006116","Generalized hyperhidrosis","","274673004","0","CPRD_AURUM"
"3352961000006110","Diaphoresis","","52613005","0","CPRD_AURUM"
"4550341000006111","On examination - sweating","","162683001","0","CPRD_AURUM"
"3352971000006115","Profuse sweating","","52613005","0","CPRD_AURUM"
"317073011","[D]Diaphoresis","R008000","52613005","859","CPRD_AURUM"
"317074017","[D]Excessive sweating","R008100","52613005","78752","CPRD_AURUM"
"961701000006111","Pallor/perspiration","","961701000006107","94","CPRD_AURUM"
"286978016","Sweating fever","A782.00","186694006","1197","CPRD_AURUM"
"830651000006111","Hyperhidrosis symptom","1662.11","52613005","65388","CPRD_AURUM"
"3352981000006117","Sweating profusely","","52613005","5","CPRD_AURUM"
"5254911000006115","Clammy sweat","","248245006","12","CPRD_AURUM"
"6881421000006118","Sweating","","415690000","97","CPRD_AURUM"
"6881441000006113","Sweating","","415691001","1","CPRD_AURUM"
"5886951000006110","Sweating attack","","300938001","2","CPRD_AURUM"
"4934581000006113","Hot sweats","","224962007","138","CPRD_AURUM"
"3351691000006119","Sweating problem","","52526003","28","CPRD_AURUM"
"3859421000006116","Cold sweat","","83547004","10","CPRD_AURUM"
"5605271000006112","Anxiety about sweating","","277826004","3","CPRD_AURUM"
"6386901000006112","Feels hot and sweaty","","373939004","22","CPRD_AURUM"
"6881431000006115","Sweats","","415690000","1","CPRD_AURUM"
"5846791000006113","Finding of sweating","","297978007","4","CPRD_AURUM"
