"MEDICAL_CODE_ID","DESCRIPTION","READ_CODE","SNOMED_CT_CODE","FREQUENCY","DATABASE"
"1653.00","Fever with sweating","1653.00",,"2226","IMRD"
"166..00","Sweating symptom","166..00",,"91019","IMRD"
"1662.00","Excessive sweating","1662.00",,"66556","IMRD"
"1662.11","Hyperhidrosis symptom","1662.11",,"40138","IMRD"
"1662.12","Night sweats","1662.12",,"76873","IMRD"
"166Z.00","Sweating symptom NOS","166Z.00",,"1774","IMRD"
"2223.00","O/E - sweating","2223.00",,"27447","IMRD"
"A782.00","Sweating fever","A782.00",,"322","IMRD"
"R008.00","[D]Hyperhidrosis","R008.00",,"22763","IMRD"
"R008000","[D]Diaphoresis","R008000",,"376","IMRD"
"R008100","[D]Excessive sweating","R008100",,"53521","IMRD"
"R008300","[D]Generalized hyperhidrosis","R008300",,"208","IMRD"
"R008400","[D]Night sweats","R008400",,"4827","IMRD"
"R008z00","[D]Hyperhidrosis NOS","R008z00",,"11880","IMRD"
