"MEDICAL_CODE_ID","DESCRIPTION","READ_CODE","SNOMED_CT_CODE","FREQUENCY","DATABASE"
"1740","Night sweats","1662.12",,"88719","CPRD_GOLD"
"1769","[D]Hyperhidrosis","R008.00",,"26440","CPRD_GOLD"
"4314","Excessive sweating","1662.00",,"75761","CPRD_GOLD"
"5109","[D]Excessive sweating","R008100",,"62894","CPRD_GOLD"
"5850","O/E - sweating","2223.00",,"29185","CPRD_GOLD"
"6967","[D]Generalized hyperhidrosis","R008300",,"183","CPRD_GOLD"
"7055","Hyperhidrosis symptom","1662.11",,"42569","CPRD_GOLD"
"9251","Sweating symptom","166..00",,"99708","CPRD_GOLD"
"15070","[D]Hyperhidrosis NOS","R008z00",,"14380","CPRD_GOLD"
"19939","Sweating fever","A782.00",,"442","CPRD_GOLD"
"23747","Sweating symptom NOS","166Z.00",,"1868","CPRD_GOLD"
"27347","[D]Diaphoresis","R008000",,"661","CPRD_GOLD"
"47246","Fever with sweating","1653.00",,"1983","CPRD_GOLD"
"96946","[D]Night sweats","R008400",,"5082","CPRD_GOLD"
