"MEDICAL_CODE_ID","DESCRIPTION","READ_CODE","SNOMED_CT_CODE","FREQUENCY","DATABASE"
"68871010","Angioedema","SN51.11","41291007","51653","CPRD_AURUM"
"254241015","O/E - lip swelling","2525.00","163140002","76168","CPRD_AURUM"
"415474013","Facial swelling","16J5.00","278528006","168951","CPRD_AURUM"
"492950015","Angioneurotic oedema","SN51.00","41291007","136725","CPRD_AURUM"
"1773745017","Angio-oedema due to angiotensin-converting-enzyme inhibitor","","403607004","603","CPRD_AURUM"
"302911000006113","[D]Swelling face","R042011","278528006","45911","CPRD_AURUM"
"3715431000006111","Cold-induced angio-oedema-urticaria","","74774004","16","CPRD_AURUM"
"6683781000006118","Angioedema due to angiotensin-converting-enzyme inhibitor","","403607004","0","CPRD_AURUM"
"6683801000006119","Angio-oedema caused by angiotensin-converting-enzyme inhibitor","","403607004","0","CPRD_AURUM"
"2664581000006113","Sunlight-induced angio-oedema-urticaria","","10347006","2","CPRD_AURUM"
"3688961000006110","Cholinergic angioedema-urticaria","","73098005","0","CPRD_AURUM"
"4558451000006116","On examination - lip swelling","","163140002","0","CPRD_AURUM"
"3165331000006112","Angio-oedema-urticaria","","41291007","52","CPRD_AURUM"
"3688951000006113","Cholinergic angio-oedema-urticaria","","73098005","1","CPRD_AURUM"
"3165351000006117","Urticaria-angioedema","","41291007","7","CPRD_AURUM"
"3165361000006115","Quincke's disease","","41291007","0","CPRD_AURUM"
"3165321000006114","Urticaria-angio-oedema","","41291007","0","CPRD_AURUM"
"3165341000006119","Angioedema-urticaria","","41291007","0","CPRD_AURUM"
"6683791000006115","Angioedema caused by angiotensin-converting-enzyme inhibitor","","403607004","0","CPRD_AURUM"
"6974361000006118","Swelling of throat","","421581006","11","CPRD_AURUM"
"3165281000006115","Quincke's edema","","41291007","0","CPRD_AURUM"
"3181131000006111","Idiopathic angioedema-urticaria","","42265009","0","CPRD_AURUM"
"2664591000006111","Sunlight-induced angioedema-urticaria","","10347006","0","CPRD_AURUM"
"3715441000006118","Cold-induced angioedema-urticaria","","74774004","0","CPRD_AURUM"
"3181121000006113","Idiopathic angio-oedema-urticaria","","42265009","65","CPRD_AURUM"
"6974351000006115","Pharyngeal swelling","","421581006","52","CPRD_AURUM"
"3165291000006117","Angioneurotic edema","","41291007","0","CPRD_AURUM"
"3165261000006113","Angio-oedema","","41291007","6662","CPRD_AURUM"
"3165311000006118","Quincke's oedema","","41291007","2","CPRD_AURUM"
"5886231000006112","Swelling of oral cavity structure","","300878007","9","CPRD_AURUM"
"6664721000006118","Allergic urticaria and/or angioedema","","402392000","1","CPRD_AURUM"
"5169611000006115","NSAID-induced angio-oedema-urticaria","","241959003","2","CPRD_AURUM"
"5169541000006117","Food-induced angio-oedema-urticaria","","241957001","1","CPRD_AURUM"
"6664571000006111","Idiopathic urticaria and/or angioedema","","402383003","2","CPRD_AURUM"
"7521261000006116","Lip swelling","","699376002","686","CPRD_AURUM"
"6664931000006118","Angioedema of lips","","402406008","3","CPRD_AURUM"
"6694071000006117","Angioedema and/or urticaria","","404177007","5","CPRD_AURUM"
"6664551000006118","Idiopathic angioedema","","402382008","1","CPRD_AURUM"
"6968741000006117","Tongue swelling","","421262002","154","CPRD_AURUM"
