"MEDICAL_CODE_ID","DESCRIPTION","READ_CODE","SNOMED_CT_CODE","FREQUENCY","DATABASE"
"1491.12","H/O: vertigo","1491.12",,"42865","IMRD"
"1B56.00","Vertigo","1B56.00",,"18765","IMRD"
"A78y000","Epidemic vertigo","A78y000",,"1481","IMRD"
"F561.00","Other and unspecified peripheral vertigo","F561.00",,"15726","IMRD"
"F561000","Unspecified peripheral vertigo","F561000",,"887","IMRD"
"F561100","Benign paroxysmal positional vertigo or nystagmus","F561100",,"336328","IMRD"
"F561400","Otogenic vertigo","F561400",,"16618","IMRD"
"F561411","Aural vertigo","F561411",,"171","IMRD"
"F561500","Benign paroxysmal positional vertigo","F561500",,"3719","IMRD"
"F561z00","Other peripheral vertigo NOS","F561z00",,"552","IMRD"
"F562.00","Vertigo of central origin","F562.00",,"1971","IMRD"
"F562z00","Vertigo of central origin NOS","F562z00",,"141","IMRD"
"FyuQ100","[X]Other peripheral vertigo","FyuQ100",,"21","IMRD"
"R004300","[D]Vertigo NOS","R004300",,"500013","IMRD"
"R004400","[D]Acute vertigo","R004400",,"36091","IMRD"
