"MEDICAL_CODE_ID","DESCRIPTION","READ_CODE","SNOMED_CT_CODE","FREQUENCY","DATABASE"
"393","[D]Acute vertigo","R004400",,"38440","CPRD_GOLD"
"1114","[D]Vertigo NOS","R004300",,"594476","CPRD_GOLD"
"1957","Benign paroxysmal positional vertigo or nystagmus","F561100",,"373070","CPRD_GOLD"
"5270","Otogenic vertigo","F561400",,"19506","CPRD_GOLD"
"5934","H/O: vertigo","1491.12",,"48743","CPRD_GOLD"
"14681","Other and unspecified peripheral vertigo","F561.00",,"21329","CPRD_GOLD"
"16165","Epidemic vertigo","A78y000",,"1426","CPRD_GOLD"
"16214","Vertigo of central origin","F562.00",,"2447","CPRD_GOLD"
"16504","Unspecified peripheral vertigo","F561000",,"1680","CPRD_GOLD"
"37336","Other peripheral vertigo NOS","F561z00",,"628","CPRD_GOLD"
"38414","Vertigo of central origin NOS","F562z00",,"166","CPRD_GOLD"
"39753","Aural vertigo","F561411",,"245","CPRD_GOLD"
"97369","[X]Other peripheral vertigo","FyuQ100",,"15","CPRD_GOLD"
"105212","Benign paroxysmal positional vertigo","F561500",,"4056","CPRD_GOLD"
"108088","Vertigo","1B56.00",,"18922","CPRD_GOLD"
