"MEDICAL_CODE_ID","DESCRIPTION","READ_CODE","SNOMED_CT_CODE","FREQUENCY","DATABASE"
"178784013","Benign paroxysmal positional vertigo","F561500","111541001","50672","CPRD_AURUM"
"187840011","Aural vertigo","F561411","13445001","842","CPRD_AURUM"
"299167010","Benign paroxysmal positional vertigo or nystagmus","F561100","194355000","615738","CPRD_AURUM"
"411537018","H/O: vertigo","1491.12","275543009","80490","CPRD_AURUM"
"475301015","Otogenic vertigo","F561400","13445001","19267","CPRD_AURUM"
"854511000006119","Vertigo","","854511000006103","15985","CPRD_AURUM"
"299165019","Other and unspecified peripheral vertigo","F561.00","50438001","14930","CPRD_AURUM"
"299166018","Unspecified peripheral vertigo","F561000","50438001","16331","CPRD_AURUM"
"299174017","Vertigo of central origin NOS","F562z00","20425006","549","CPRD_AURUM"
"299544019","[X]Other peripheral vertigo","FyuQ100","50438001","535","CPRD_AURUM"
"317028016","[D]Vertigo NOS","R004300","399153001","915005","CPRD_AURUM"
"299171013","Other peripheral vertigo NOS","F561z00","50438001","1096","CPRD_AURUM"
"5574311000006110","History of vertigo","","275543009","0","CPRD_AURUM"
"4742901000006110","Acute epidemic vertigo","","186738001","12","CPRD_AURUM"
"2824601000006118","Central vestibular vertigo","","20425006","1","CPRD_AURUM"
"6618211000006114","Vertigo - giddiness","","399153001","0","CPRD_AURUM"
"2713101000006117","Auditory vertigo","","13445001","0","CPRD_AURUM"
"3316731000006112","Vestibular vertigo","","50438001","2","CPRD_AURUM"
"883801000006113","Central nystagmus/vertigo","F562.99","20425006","80","CPRD_AURUM"
"1778609014","Vertigo","1B56.00","399153001","505938","CPRD_AURUM"
"4775081000006113","Disabling positional vertigo","","194361002","1","CPRD_AURUM"
"6618231000006115","Rotatory vertigo","","399153001","1","CPRD_AURUM"
"6618221000006118","Rotary vertigo","","399153001","2","CPRD_AURUM"
"3316741000006119","Peripheral vestibular vertigo","","50438001","0","CPRD_AURUM"
"4197131000006118","BPPV - Benign paroxysmal positional vertigo","","111541001","572","CPRD_AURUM"
"317029012","[D]Acute vertigo","R004400","399153001","141486","CPRD_AURUM"
"6618241000006113","Vertigo (spinning sensation)","","399153001","0","CPRD_AURUM"
"480691012","Vertigo of central origin","F562.00","38403006","6721","CPRD_AURUM"
"287046015","Epidemic vertigo","A78y000","186738001","7387","CPRD_AURUM"
"2824581000006111","Labyrinthine vertigo","","20425006","0","CPRD_AURUM"
"4088571000006115","Positional vertigo","","103284002","6","CPRD_AURUM"
"5600091000006114","Peripheral positional vertigo","","277491009","12","CPRD_AURUM"
"3878711000006112","Cervical vertigo","","84769001","1","CPRD_AURUM"
"7375581000006113","Nocturnal vertigo","","449835009","1","CPRD_AURUM"
"3310361000006118","Objective vertigo","","50041000","4","CPRD_AURUM"
"4088671000006116","Paroxysmal vertigo","","103290003","4","CPRD_AURUM"
"5971471000006116","Benign paroxysmal positional vertigo nystagmus","","307674009","38","CPRD_AURUM"
"5034281000006113","Syncopal vertigo","","232286009","9","CPRD_AURUM"
"5034291000006111","Vertebrobasilar ischaemic vertigo","","232288005","4","CPRD_AURUM"
"4062661000006111","Central positional vertigo","","95815000","3","CPRD_AURUM"
"5899551000006111","Viral epidemic vertigo","","301848005","1","CPRD_AURUM"
"5034251000006117","Migrainous vertigo","","232284007","52","CPRD_AURUM"
"5971481000006118","BPPV - Benign paroxysmal positional vertigo nystagmus","","307674009","2","CPRD_AURUM"
"5034271000006110","Benign recurrent vertigo","","232285008","6","CPRD_AURUM"
"6221491000006118","Episodic recurrent vertigo","","361270009","2","CPRD_AURUM"
