"MEDICAL_CODE_ID","DESCRIPTION","READ_CODE","SNOMED_CT_CODE","FREQUENCY","DATABASE"
"252499018","C/O cold extremities","186..00","161996001","35179","CPRD_AURUM"
"252501014","C/O cold hands","1860.00","161997005","23813","CPRD_AURUM"
"252502019","C/O cold feet","1861.00","161998000","35310","CPRD_AURUM"
"255912011","O/E - cold extremities","2G13.00","164447002","8830","CPRD_AURUM"
"252503012","C/O cold extremities NOS","186z.00","161996001","2896","CPRD_AURUM"
"4545741000006116","Complaining of cold extremities","","161996001","0","CPRD_AURUM"
"4545781000006110","Complaining of cold feet","","161998000","0","CPRD_AURUM"
"4580451000006113","On examination - cold extremities","","164447002","0","CPRD_AURUM"
"4545761000006117","Complaining of cold hands","","161997005","0","CPRD_AURUM"
"5526411000006113","Cold feet","","271585001","69","CPRD_AURUM"
"5526401000006110","Cold hands","","271584002","21","CPRD_AURUM"
"2743271000006111","Cold extremities","","15336001","17","CPRD_AURUM"
