"MEDICAL_CODE_ID","DESCRIPTION","READ_CODE","SNOMED_CT_CODE","FREQUENCY","DATABASE"
"252850010","Vaginal discharge symptom","1A7..00","162156001","1678640","CPRD_AURUM"
"254597018","O/E - vaginal discharge","26A..00","163422008","140778","CPRD_AURUM"
"981591000006114","Abnormal bleeding/vaginal discharge","","981591000006105","2305","CPRD_AURUM"
"254607019","O/E - vaginal discharge NOS","26AZ.00","163422008","70133","CPRD_AURUM"
"64441000006112","Vaginal discharge NOS","1A7Z.00","271939006","235523","CPRD_AURUM"
"290111000006118","O/E - blood stained vag. disch","26A6.00","163428007","52031","CPRD_AURUM"
"252107019","H/O: recurrent vaginal disch.","1591.00","161792009","32689","CPRD_AURUM"
"254601018","O/E - yellow vag. discharge","26A4.00","163426006","31633","CPRD_AURUM"
"254602013","O/E - green vag. discharge","26A5.00","163427002","6363","CPRD_AURUM"
"254604014","O/E - frothy vag. discharge","26A7.00","163429004","13771","CPRD_AURUM"
"254605010","O/E - profuse vag. discharge","26A8.00","163430009","1244","CPRD_AURUM"
"4544141000006116","History of recurrent vaginal discharge","","161792009","0","CPRD_AURUM"
"12454521000006117","O/E - creamy vag. discharge","","163425005","0","CPRD_AURUM"
"4563271000006111","On examination - profuse vaginal discharge","","163430009","0","CPRD_AURUM"
"5531691000006113","Observation of vaginal discharge","","271939006","0","CPRD_AURUM"
"4563161000006111","O/E - creamy vaginal discharge","","163425005","0","CPRD_AURUM"
"12454131000006111","O/E - offensive vag. discharge","","163431008","0","CPRD_AURUM"
"4563111000006113","On examination - vaginal discharge","","163422008","0","CPRD_AURUM"
"4563241000006115","On examination - bloodstained vaginal discharge","","163428007","0","CPRD_AURUM"
"12725921000006115","Leukorrhoea unspecified","","670581000000102","0","CPRD_AURUM"
"12762251000006116","Leukorrhea","","237101004","0","CPRD_AURUM"
"252853012","Vaginal discharge NOS","K565.12","271939006","134400","CPRD_AURUM"
"887431000006114","Leukorrhoea NOS","K565.99","670581000000102","21","CPRD_AURUM"
"13031571000006118","Leukorrhea","","237101004","0","CPRD_AURUM"
"396773016","Leukorrhoea unspecified","K565.00","237101004","16616","CPRD_AURUM"
"5103341000006113","Leukorrhoea","","237101004","22","CPRD_AURUM"
"5103351000006110","Leucorrhoea","","237101004","2","CPRD_AURUM"
"12454441000006111","O/E - frothy vag. discharge","","163429004","0","CPRD_AURUM"
"12453601000006114","O/E - yellow vag. discharge","","163426006","0","CPRD_AURUM"
"254599015","O/E - white vag. discharge","26A2.00","163424009","260785","CPRD_AURUM"
"254600017","O/E - creamy vag. discharge","26A3.00","163425005","134568","CPRD_AURUM"
"254606011","O/E - offensive vag. discharge","26A9.00","163431008","9428","CPRD_AURUM"
"12489101000006113","H/O: recurrent vaginal disch.","","161792009","0","CPRD_AURUM"
"4563211000006119","On examination - green vaginal discharge","","163427002","0","CPRD_AURUM"
"4563251000006118","On examination - frothy vaginal discharge","","163429004","0","CPRD_AURUM"
"12453591000006118","O/E - white vag. discharge","","163424009","0","CPRD_AURUM"
"12454341000006115","O/E - green vag. discharge","","163427002","0","CPRD_AURUM"
"252852019","Vaginal discharge present","1A72.00","162158000","377955","CPRD_AURUM"
"4563181000006118","On examination - creamy vaginal discharge","","163425005","0","CPRD_AURUM"
"12454051000006115","O/E - profuse vag. discharge","","163430009","0","CPRD_AURUM"
"4563141000006112","On examination - white vaginal discharge","","163424009","0","CPRD_AURUM"
"4563191000006115","On examination - yellow vaginal discharge","","163426006","0","CPRD_AURUM"
"4563291000006112","On examination - offensive vaginal discharge","","163431008","0","CPRD_AURUM"
"5103371000006117","Leukorrhagia","","237101004","0","CPRD_AURUM"
"5748701000006119","White vaginal discharge","","289552002","77","CPRD_AURUM"
"5748731000006110","Green vaginal discharge","","289555000","22","CPRD_AURUM"
"5748881000006118","Vaginal discharge problem","","289567003","24","CPRD_AURUM"
"5748741000006117","Brown vaginal discharge","","289556004","60","CPRD_AURUM"
"5748821000006117","Odorless vaginal discharge","","289563004","9","CPRD_AURUM"
"5748791000006114","Profuse vaginal discharge","","289560001","8","CPRD_AURUM"
"5748631000006118","Mucoid vaginal discharge","","289548002","6","CPRD_AURUM"
"5748781000006111","Moderate vaginal discharge","","289559006","14","CPRD_AURUM"
"6288071000006112","Finding of odour of vaginal discharge","","366296005","34","CPRD_AURUM"
"5748841000006112","Fishy vaginal discharge","","289564005","62","CPRD_AURUM"
"5748651000006113","Purulent vaginal discharge","","289550005","1","CPRD_AURUM"
"5748711000006116","Creamy vaginal discharge","","289553007","67","CPRD_AURUM"
"5748611000006112","Frothy vaginal discharge","","289546003","3","CPRD_AURUM"
"5748801000006110","Offensive vaginal discharge","","289561002","64","CPRD_AURUM"
"5748641000006111","Watery vaginal discharge","","289549005","15","CPRD_AURUM"
"5748721000006112","Yellow vaginal discharge","","289554001","49","CPRD_AURUM"
"5748621000006116","Bloodstained vaginal discharge","","289547007","17","CPRD_AURUM"
