"MEDICAL_CODE_ID","DESCRIPTION","READ_CODE","SNOMED_CT_CODE","FREQUENCY","DATABASE"
"449","O/E - vaginal discharge","26A..00",,"162170","CPRD_GOLD"
"1170","O/E - blood stained vag. disch","26A6.00",,"5012","CPRD_GOLD"
"3627","Vaginal discharge symptom","1A7..00",,"712374","CPRD_GOLD"
"8313","Vaginal discharge present","1A72.00",,"31372","CPRD_GOLD"
"10516","Leukorrhoea unspecified","K565.00",,"10415","CPRD_GOLD"
"14668","O/E - vaginal discharge NOS","26AZ.00",,"161996","CPRD_GOLD"
"14721","H/O: recurrent vaginal disch.","1591.00",,"24711","CPRD_GOLD"
"16119","Vaginal discharge NOS","1A7Z.00",,"8730","CPRD_GOLD"
"16189","Vaginal discharge NOS","K565.12",,"55004","CPRD_GOLD"
"25866","O/E - white vag. discharge","26A2.00",,"3556","CPRD_GOLD"
"25898","O/E - frothy vag. discharge","26A7.00",,"205","CPRD_GOLD"
"28091","O/E - offensive vag. discharge","26A9.00",,"430","CPRD_GOLD"
"48025","O/E - profuse vag. discharge","26A8.00",,"87","CPRD_GOLD"
"50107","O/E - creamy vag. discharge","26A3.00",,"1838","CPRD_GOLD"
"51628","O/E - yellow vag. discharge","26A4.00",,"681","CPRD_GOLD"
"52978","O/E - green vag. discharge","26A5.00",,"269","CPRD_GOLD"
