"MEDICAL_CODE_ID","DESCRIPTION","READ_CODE","SNOMED_CT_CODE","FREQUENCY","DATABASE"
"1591.00","H/O: recurrent vaginal disch.","1591.00",,"20954","IMRD"
"1A7..00","Vaginal discharge symptom","1A7..00",,"658877","IMRD"
"1A72.00","Vaginal discharge present","1A72.00",,"28004","IMRD"
"1A7Z.00","Vaginal discharge NOS","1A7Z.00",,"9194","IMRD"
"26A..00","O/E - vaginal discharge","26A..00",,"104401","IMRD"
"26A2.00","O/E - white vag. discharge","26A2.00",,"4229","IMRD"
"26A3.00","O/E - creamy vag. discharge","26A3.00",,"2583","IMRD"
"26A4.00","O/E - yellow vag. discharge","26A4.00",,"905","IMRD"
"26A5.00","O/E - green vag. discharge","26A5.00",,"383","IMRD"
"26A6.00","O/E - blood stained vag. disch","26A6.00",,"3692","IMRD"
"26A7.00","O/E - frothy vag. discharge","26A7.00",,"230","IMRD"
"26A8.00","O/E - profuse vag. discharge","26A8.00",,"130","IMRD"
"26A9.00","O/E - offensive vag. discharge","26A9.00",,"475","IMRD"
"26AZ.00","O/E - vaginal discharge NOS","26AZ.00",,"105512","IMRD"
"K565.00","Leukorrhoea unspecified","K565.00",,"8502","IMRD"
"K565.12","Vaginal discharge NOS","K565.12",,"49507","IMRD"
