"MEDICAL_CODE_ID","DESCRIPTION","READ_CODE","SNOMED_CT_CODE","FREQUENCY","DATABASE"
"173..00","Breathlessness","173..00",,"356521","IMRD"
"173..11","Breathlessness symptom","173..11",,"192400","IMRD"
"173..12","Dyspnoea - symptom","173..12",,"96987","IMRD"
"1732.00","Breathless - moderate exertion","1732.00",,"109304","IMRD"
"1733.00","Breathless - mild exertion","1733.00",,"49595","IMRD"
"1734.00","Breathless - at rest","1734.00",,"8535","IMRD"
"1738.00","Difficulty breathing","1738.00",,"88629","IMRD"
"173a.00","Borg Breathlessness Score: 10 maximal","173a.00",,"5","IMRD"
"173B.00","Nocturnal cough / wheeze","173B.00",,"260315","IMRD"
"173C.11","Dyspnoea on exertion","173C.11",,"1172","IMRD"
"173D.00","Nocturnal dyspnoea","173D.00",,"2342","IMRD"
"173f.00","Anxiety about breathlessness","173f.00",,"138","IMRD"
"173F.00","Short of breath dressing/undressing","173F.00",,"428","IMRD"
"173g.00","Breathlessness causing difficulty eating","173g.00",,"8","IMRD"
"173G.00","Breathless - strenuous exertion","173G.00",,"7849","IMRD"
"173H.00","MRC Breathlessness Scale: grade 1","173H.00",,"290751","IMRD"
"173I.00","MRC Breathlessness Scale: grade 2","173I.00",,"441475","IMRD"
"173J.00","MRC Breathlessness Scale: grade 3","173J.00",,"301175","IMRD"
"173K.00","MRC Breathlessness Scale: grade 4","173K.00",,"172777","IMRD"
"173L.00","MRC Breathlessness Scale: grade 5","173L.00",,"41948","IMRD"
"173N.00","Borg Breathlessness Score: 0.5 very, very slight","173N.00",,"61","IMRD"
"173P.00","Borg Breathlessness Score: 1 very slight","173P.00",,"82","IMRD"
"173Q.00","Borg Breathlessness Score: 2 slight","173Q.00",,"181","IMRD"
"173R.00","Borg Breathlessness Score: 3 moderate","173R.00",,"242","IMRD"
"173S.00","Borg Breathlessness Score: 4 somewhat severe","173S.00",,"93","IMRD"
"173T.00","Borg Breathlessness Score: 5 severe","173T.00",,"54","IMRD"
"173V.00","Borg Breathlessness Score: 6 severe (+)","173V.00",,"13","IMRD"
"173W.00","Borg Breathlessness Score: 7 very severe","173W.00",,"11","IMRD"
"173X.00","Borg Breathlessness Score: 8 very severe (+)","173X.00",,"4","IMRD"
"173Y.00","Borg Breathlessness Score: 9 very, very sev (almost maximal)","173Y.00",,"1","IMRD"
"173Z.00","Breathlessness NOS","173Z.00",,"4672","IMRD"
"2322.00","O/E - dyspnoea","2322.00",,"11183","IMRD"
"2324.00","O/E - respiratory distress","2324.00",,"4238","IMRD"
"R060600","[D]Respiratory distress","R060600",,"4049","IMRD"
"R060700","[D]Respiratory insufficiency","R060700",,"265","IMRD"
"R060A00","[D]Dyspnoea","R060A00",,"116726","IMRD"
"R060D00","[D]Breathlessness","R060D00",,"18785","IMRD"
"173j.00","Modified Medical Research Council dyspnoea scale grade 1","173j.00",,"23","IMRD"
"173k.00","Modified Medical Research Council dyspnoea scale grade 2","173k.00",,"13","IMRD"
"173l.00","Modified Medical Research Council dyspnoea scale grade 3","173l.00",,"7","IMRD"
"173m.00","Modified Medical Research Council dyspnoea scale grade 4","173m.00",,"1","IMRD"
