"MEDICAL_CODE_ID","DESCRIPTION","READ_CODE","SNOMED_CT_CODE","FREQUENCY","DATABASE"
"735","[D]Breathlessness","R060D00",,"20480","CPRD_GOLD"
"1429","Breathlessness","173..00",,"447432","CPRD_GOLD"
"2563","[D]Respiratory distress","R060600",,"4787","CPRD_GOLD"
"2931","Difficulty breathing","1738.00",,"108654","CPRD_GOLD"
"3092","[D]Dyspnoea","R060A00",,"168735","CPRD_GOLD"
"5175","Breathlessness symptom","173..11",,"226070","CPRD_GOLD"
"5896","Dyspnoea - symptom","173..12",,"111994","CPRD_GOLD"
"6326","Breathless - moderate exertion","1732.00",,"113377","CPRD_GOLD"
"7000","O/E - dyspnoea","2322.00",,"12815","CPRD_GOLD"
"7534","O/E - respiratory distress","2324.00",,"4379","CPRD_GOLD"
"7932","Breathless - mild exertion","1733.00",,"49778","CPRD_GOLD"
"9297","[D]Respiratory insufficiency","R060700",,"329","CPRD_GOLD"
"18116","Nocturnal dyspnoea","173D.00",,"4478","CPRD_GOLD"
"19426","MRC Breathlessness Scale: grade 3","173J.00",,"327213","CPRD_GOLD"
"19427","MRC Breathlessness Scale: grade 2","173I.00",,"486064","CPRD_GOLD"
"19429","MRC Breathlessness Scale: grade 5","173L.00",,"43821","CPRD_GOLD"
"19430","MRC Breathlessness Scale: grade 4","173K.00",,"184936","CPRD_GOLD"
"19432","MRC Breathlessness Scale: grade 1","173H.00",,"311228","CPRD_GOLD"
"21801","Breathlessness NOS","173Z.00",,"5977","CPRD_GOLD"
"22094","Short of breath dressing/undressing","173F.00",,"483","CPRD_GOLD"
"24889","Breathless - strenuous exertion","173G.00",,"4744","CPRD_GOLD"
"31143","Breathless - at rest","1734.00",,"9364","CPRD_GOLD"
"42287","Borg Breathlessness Score: 6 severe (+)","173V.00",,"9","CPRD_GOLD"
"53771","Dyspnoea on exertion","173C.11",,"1302","CPRD_GOLD"
"57193","Borg Breathlessness Score: 3 moderate","173R.00",,"256","CPRD_GOLD"
"57759","Borg Breathlessness Score: 2 slight","173Q.00",,"237","CPRD_GOLD"
"59860","Borg Breathlessness Score: 4 somewhat severe","173S.00",,"87","CPRD_GOLD"
"64049","Borg Breathlessness Score: 5 severe","173T.00",,"46","CPRD_GOLD"
"67566","Borg Breathlessness Score: 9 very, very sev (almost maximal)","173Y.00",,"4","CPRD_GOLD"
"68707","Borg Breathlessness Score: 1 very slight","173P.00",,"88","CPRD_GOLD"
"70061","Borg Breathlessness Score: 7 very severe","173W.00",,"20","CPRD_GOLD"
"70818","Borg Breathlessness Score: 0.5 very, very slight","173N.00",,"37","CPRD_GOLD"
"72334","Borg Breathlessness Score: 8 very severe (+)","173X.00",,"11","CPRD_GOLD"
"101843","Borg Breathlessness Score: 10 maximal","173a.00",,"3","CPRD_GOLD"
"107410","Anxiety about breathlessness","173f.00",,"152","CPRD_GOLD"
"108650","Breathlessness causing difficulty eating","173g.00",,"8","CPRD_GOLD"
