"MEDICAL_CODE_ID","DESCRIPTION","READ_CODE","SNOMED_CT_CODE","FREQUENCY","DATABASE"
"60664018","Burning pain","1DC1.00","36349006","55100","CPRD_AURUM"
"166500011","Thoracic nerve root pain","N144011","103015000","8317","CPRD_AURUM"
"251646016","H/O: trigeminal neuralgia","1475.00","161482000","29359","CPRD_AURUM"
"369417015","Neuropathic pain","N242300","247398009","218783","CPRD_AURUM"
"891861000006112","Neuralgia/neuritis - NOS","N242z99","16269008","1940","CPRD_AURUM"
"905761000006111","[RFC] Neuralgia","","905761000006107","1431","CPRD_AURUM"
"939681000006118","Nerve root pain present","","939681000006102","2564","CPRD_AURUM"
"939691000006115","Nerve root pain absent","","939691000006104","5","CPRD_AURUM"
"1013131000006114","Adverse reaction to Drugs Used In Trigeminal Neuralgia","","1013131000006105","6","CPRD_AURUM"
"2415191000000113","Diabetic peripheral neuropathic pain","1M8..00","944141000000108","2068","CPRD_AURUM"
"297427010","Other specified trigeminal neuralgia","F301.00","31681005","92171","CPRD_AURUM"
"297428017","Trigeminal neuralgia NOS","F301z00","31681005","251534","CPRD_AURUM"
"400315011","Neuralgia, neuritis or radiculitis NOS","N242z00","16269008","17113","CPRD_AURUM"
"828201000006113","Horton's (histamine) neuralgia","F262100","193031009","155","CPRD_AURUM"
"3621611000006118","Myoneuralgia","","68962001","0","CPRD_AURUM"
"3085791000006119","Hot pain","","36349006","0","CPRD_AURUM"
"2867631000006110","Sciatica neuralgia","","23056005","9","CPRD_AURUM"
"2758011000006118","Paroxysmal nerve pain","","16269008","0","CPRD_AURUM"
"3010281000006117","Trifacial neuralgia","","31681005","0","CPRD_AURUM"
"4769911000006111","Horton's neuralgia","","193031009","0","CPRD_AURUM"
"3743821000006116","Nerve pain from shingles","","76462000","1","CPRD_AURUM"
"3010291000006119","Fothergill's neuralgia","","31681005","0","CPRD_AURUM"
"8343301000006117","DPNP - diabetic peripheral neuropathic pain","","944141000000108","0","CPRD_AURUM"
"12725731000006119","Neuralgia, neuritis and radiculitis unspecified","","667651000000100","0","CPRD_AURUM"
"891791000006110","Neuralgia/neurit.-pelvis/thigh","N242.93","667651000000100","502","CPRD_AURUM"
"891801000006111","Neuralgia/neuritis - hand","N242.94","667651000000100","338","CPRD_AURUM"
"891821000006118","Neuralgia/neuritis - upper arm","N242.96","667651000000100","746","CPRD_AURUM"
"891841000006113","Neuralgia/neuritis - multiple","N242.98","667651000000100","76","CPRD_AURUM"
"891851000006110","Neuralgia/neuritis NOS","N242.99","667651000000100","3536","CPRD_AURUM"
"891831000006115","Neuralgia/neuritis - shoulder","N242.97","667651000000100","465","CPRD_AURUM"
"311705018","Neuralgia, neuritis and radiculitis unspecified","N242.00","16269008","29482","CPRD_AURUM"
"311706017","Neuralgia unspecified","N242000","16269008","250730","CPRD_AURUM"
"1978741000006114","Neuropathic pain resolved","","1978741000006105","0","CPRD_AURUM"
"72981015","Glossopharyngeal neuralgia","F321.00","43763009","2572","CPRD_AURUM"
"891771000006114","Neuralgia/neuritis -ankle/foot","N242.91","667651000000100","229","CPRD_AURUM"
"891811000006114","Neuralgia/neuritis - fore arm","N242.95","667651000000100","573","CPRD_AURUM"
"2867621000006112","Sciatic neuralgia","","23056005","1","CPRD_AURUM"
"2867611000006116","Neuralgia-neuritis of sciatic nerve","","23056005","0","CPRD_AURUM"
"2984201000006119","Interdigital neuralgia","","30085007","3","CPRD_AURUM"
"3010301000006118","TN - Trigeminal neuralgia","","31681005","1","CPRD_AURUM"
"1978751000006111","Persistent neuropathic pain","","1978751000006107","1","CPRD_AURUM"
"939701000006115","Nerve root pain control","","939701000006104","656","CPRD_AURUM"
"33111000033111","Drugs Used In Trigeminal Neuralgia","","33111000033107","0","CPRD_AURUM"
"235151000006117","Periodic migrainous neuralgia","F262500","193031009","11613","CPRD_AURUM"
"4540181000006116","History of trigeminal neuralgia","","161482000","0","CPRD_AURUM"
"891781000006112","Neuralgia/neuritis - lower leg","N242.92","667651000000100","729","CPRD_AURUM"
"5009211000006114","Idiopathic trigeminal neuralgia","","230537000","3","CPRD_AURUM"
"5730791000006113","Neuralgia/neuritis - pelvis/thigh","","288238007","1","CPRD_AURUM"
"5730811000006112","Neuralgia/neuritis - ankle/foot","","288240002","2","CPRD_AURUM"
"5730771000006112","Neuralgia/neuritis - forearm","","288236006","1","CPRD_AURUM"
"3515752018","Chronic neuropathic pain","","735936005","5","CPRD_AURUM"
"5243331000006113","Lateral femoral cutaneous neuralgia","","247385000","4","CPRD_AURUM"
"4084321000006117","Lumbosacral nerve root pain","","103016004","5","CPRD_AURUM"
"5633101000006116","Peripheral neuropathic pain","","279981003","54","CPRD_AURUM"
"5243391000006112","Perineal neuralgia","","247391003","2","CPRD_AURUM"
"5730761000006117","Neuralgia/neuritis - upper arm","","288235005","6","CPRD_AURUM"
"8260391000006115","Self-completed Leeds assessment of neuropathic symptoms and signs pain score","","810611000000108","5","CPRD_AURUM"
"3747211000006117","Brachial plexus neuralgia","","76691009","1","CPRD_AURUM"
"2685941000006113","Nerve root pain","","11679003","5","CPRD_AURUM"
"3667101000006110","Cervico-occipital neuralgia","","71760005","26","CPRD_AURUM"
"5243371000006111","Intercostal neuralgia","","247389006","14","CPRD_AURUM"
"5243461000006110","Testicular neuralgia","","247396008","2","CPRD_AURUM"
"5730801000006114","Neuralgia/neuritis - lower leg","","288239004","9","CPRD_AURUM"
"3667111000006113","Occipital neuralgia","","71760005","3","CPRD_AURUM"
"5730781000006110","Neuralgia/neuritis - hand","","288237002","2","CPRD_AURUM"
"3071931000006114","Femoral neuralgia","","35496009","1","CPRD_AURUM"
"2906481000006116","Peripheral neuralgia","","25416002","14","CPRD_AURUM"
"5730751000006119","Neuralgia/neuritis - shoulder","","288234009","1","CPRD_AURUM"
