"MEDICAL_CODE_ID","DESCRIPTION","READ_CODE","SNOMED_CT_CODE","FREQUENCY","DATABASE"
"1475.00","H/O: trigeminal neuralgia","1475.00",,"9490","IMRD"
"1DC1.00","Burning pain","1DC1.00",,"28250","IMRD"
"1M8..00","Diabetic peripheral neuropathic pain","1M8..00",,"37","IMRD"
"F262100","Horton's (histamine) neuralgia","F262100",,"26","IMRD"
"F262500","Periodic migrainous neuralgia","F262500",,"6362","IMRD"
"F301.00","Other specified trigeminal neuralgia","F301.00",,"32632","IMRD"
"F301z00","Trigeminal neuralgia NOS","F301z00",,"56725","IMRD"
"F321.00","Glossopharyngeal neuralgia","F321.00",,"394","IMRD"
"N144011","Thoracic nerve root pain","N144011",,"6880","IMRD"
"N242.00","Neuralgia, neuritis and radiculitis unspecified","N242.00",,"4056","IMRD"
"N242000","Neuralgia unspecified","N242000",,"138410","IMRD"
"N242300","Neuropathic pain","N242300",,"70110","IMRD"
"N242z00","Neuralgia, neuritis or radiculitis NOS","N242z00",,"2320","IMRD"
