"MEDICAL_CODE_ID","DESCRIPTION","READ_CODE","SNOMED_CT_CODE","FREQUENCY","DATABASE"
"321","Periodic migrainous neuralgia","F262500",,"7560","CPRD_GOLD"
"1541","Other specified trigeminal neuralgia","F301.00",,"40187","CPRD_GOLD"
"2284","Neuralgia unspecified","N242000",,"165070","CPRD_GOLD"
"6581","Trigeminal neuralgia NOS","F301z00",,"62550","CPRD_GOLD"
"7254","Burning pain","1DC1.00",,"30343","CPRD_GOLD"
"11544","Neuropathic pain","N242300",,"78075","CPRD_GOLD"
"16481","H/O: trigeminal neuralgia","1475.00",,"10499","CPRD_GOLD"
"16884","Thoracic nerve root pain","N144011",,"9666","CPRD_GOLD"
"16932","Glossopharyngeal neuralgia","F321.00",,"457","CPRD_GOLD"
"23839","Neuralgia, neuritis or radiculitis NOS","N242z00",,"2572","CPRD_GOLD"
"33362","Horton's (histamine) neuralgia","F262100",,"67","CPRD_GOLD"
"54992","Neuralgia, neuritis and radiculitis unspecified","N242.00",,"3103","CPRD_GOLD"
"109760","Diabetic peripheral neuropathic pain","1M8..00",,"58","CPRD_GOLD"
