"MEDICAL_CODE_ID","DESCRIPTION","READ_CODE","SNOMED_CT_CODE","FREQUENCY","DATABASE"
"G500","Trigeminal neuralgia","G50.0","","0","ICD10"
"M792","Neuralgia and neuritis, unspecified","M79.2","","0","ICD10"
"M7920","Neuralgia and neuritis, unspecified","M79.20","","0","ICD10"
"M7921","Neuralgia and neuritis, unspecified","M79.21","","0","ICD10"
"M7922","Neuralgia and neuritis, unspecified","M79.22","","0","ICD10"
"M7923","Neuralgia and neuritis, unspecified","M79.23","","0","ICD10"
"M7924","Neuralgia and neuritis, unspecified","M79.24","","0","ICD10"
"M7925","Neuralgia and neuritis, unspecified","M79.25","","0","ICD10"
"M7926","Neuralgia and neuritis, unspecified","M79.26","","0","ICD10"
"M7927","Neuralgia and neuritis, unspecified","M79.27","","0","ICD10"
"M7928","Neuralgia and neuritis, unspecified","M79.28","","0","ICD10"
"M7929","Neuralgia and neuritis, unspecified","M79.29","","0","ICD10"
