"MEDICAL_CODE_ID","DESCRIPTION","READ_CODE","SNOMED_CT_CODE","FREQUENCY","DATABASE"
"580","Acute febrile neutrophilic dermatosis","M228.11",,"114","CPRD_GOLD"
"1020","[D]Fever NOS","R006200",,"408505","CPRD_GOLD"
"2389","[D]Pyrexia of unknown origin","R006.00",,"102498","CPRD_GOLD"
"2717","O/E -pyrexia of unknown origin","2E13.00",,"9189","CPRD_GOLD"
"5859","Feels hot/feverish","1652.00",,"363312","CPRD_GOLD"
"5892","O/E - fever","2E...11",,"6674","CPRD_GOLD"
"6065","Fever symptoms","165..11",,"192604","CPRD_GOLD"
"6086","Pyrexia symptoms","165..12",,"195390","CPRD_GOLD"
"6620","Febrile cold","H00..13",,"6461","CPRD_GOLD"
"7118","O/E - pyrexia - ? cause","2E13.11",,"5286","CPRD_GOLD"
"8950","Feverish cold","1656.00",,"37159","CPRD_GOLD"
"9093","Pyrexial cold","H00..15",,"12313","CPRD_GOLD"
"14744","O/E - fever - general","2E1..00",,"470","CPRD_GOLD"
"17722","O/E - fever - remittent","2E44.00",,"54","CPRD_GOLD"
"17989","[D]Fever of unknown origin","R006.11",,"3251","CPRD_GOLD"
"18907","Cough with fever","171F.00",,"3455","CPRD_GOLD"
"19939","Sweating fever","A782.00",,"442","CPRD_GOLD"
"20119","[D]Hyperpyrexia NOS","R006100",,"626","CPRD_GOLD"
"20367","[D]Pyrexia of unknown origin NOS","R006z00",,"1243","CPRD_GOLD"
"22444","[D]Persistent fever","R006300",,"122","CPRD_GOLD"
"22620","O/E - level of fever","2E3..00",,"60062","CPRD_GOLD"
"23349","[D]Chills with fever","R006000",,"3054","CPRD_GOLD"
"25311","O/E - hyperpyrexia-> 40.5 oCEL","2E35.00",,"56","CPRD_GOLD"
"27231","O/E - temperature elevated","2E34.00",,"20963","CPRD_GOLD"
"31412","O/E - fever - intermittent","2E45.00",,"103","CPRD_GOLD"
"35761","O/E - fever - general NOS","2E1Z.00",,"154","CPRD_GOLD"
"46292","O/E - fever NOS","2EZ..00",,"683","CPRD_GOLD"
"47246","Fever with sweating","1653.00",,"1983","CPRD_GOLD"
"51514","O/E - character of fever","2E4..00",,"43","CPRD_GOLD"
"53952","O/E - fever - acute rise","2E41.00",,"14","CPRD_GOLD"
"64688","O/E - level of fever NOS","2E3Z.00",,"189","CPRD_GOLD"
"66310","O/E - fever - continuous","2E43.00",,"8","CPRD_GOLD"
"73259","O/E - fever - gradual rise","2E42.00",,"6","CPRD_GOLD"
"106211","H/O: fever","14k..00",,"4881","CPRD_GOLD"
"106314","H/O: pyrexia","14k..11",,"1909","CPRD_GOLD"
"107717","O/E - fever - irregular","2E47.00",,"2","CPRD_GOLD"
"108544","[D]Other specified fever","R006y00",,"12","CPRD_GOLD"
"111014","O/E - fever character NOS","2E4Z.00",,"1","CPRD_GOLD"
