"MEDICAL_CODE_ID","DESCRIPTION","READ_CODE","SNOMED_CT_CODE","FREQUENCY","DATABASE"
"14k..00","H/O: fever","14k..00",,"4766","IMRD"
"14k..11","H/O: pyrexia","14k..11",,"2039","IMRD"
"165..11","Fever symptoms","165..11",,"175463","IMRD"
"165..12","Pyrexia symptoms","165..12",,"167708","IMRD"
"1652.00","Feels hot/feverish","1652.00",,"348173","IMRD"
"1653.00","Fever with sweating","1653.00",,"2226","IMRD"
"1656.00","Feverish cold","1656.00",,"37673","IMRD"
"171F.00","Cough with fever","171F.00",,"3259","IMRD"
"2E...11","O/E - fever","2E...11",,"6042","IMRD"
"2E1..00","O/E - fever - general","2E1..00",,"824","IMRD"
"2E13.00","O/E -pyrexia of unknown origin","2E13.00",,"7169","IMRD"
"2E13.11","O/E - pyrexia - ? cause","2E13.11",,"3958","IMRD"
"2E1Z.00","O/E - fever - general NOS","2E1Z.00",,"155","IMRD"
"2E3..00","O/E - level of fever","2E3..00",,"1763","IMRD"
"2E34.00","O/E - temperature elevated","2E34.00",,"6279","IMRD"
"2E35.00","O/E - hyperpyrexia-> 40.5 oCEL","2E35.00",,"10","IMRD"
"2E3Z.00","O/E - level of fever NOS","2E3Z.00",,"2","IMRD"
"2E4..00","O/E - character of fever","2E4..00",,"44","IMRD"
"2E41.00","O/E - fever - acute rise","2E41.00",,"15","IMRD"
"2E42.00","O/E - fever - gradual rise","2E42.00",,"0","IMRD"
"2E43.00","O/E - fever - continuous","2E43.00",,"5","IMRD"
"2E44.00","O/E - fever - remittent","2E44.00",,"54","IMRD"
"2E45.00","O/E - fever - intermittent","2E45.00",,"64","IMRD"
"2E46.00","O/E - staircase fever","2E46.00",,"0","IMRD"
"2E47.00","O/E - fever - irregular","2E47.00",,"2","IMRD"
"2E48.00","O/E - fever - fast fall-crisis","2E48.00",,"0","IMRD"
"2E49.00","O/E - fever-gradual fall-lysis","2E49.00",,"0","IMRD"
"2E4Z.00","O/E - fever character NOS","2E4Z.00",,"2","IMRD"
"2EZ..00","O/E - fever NOS","2EZ..00",,"768","IMRD"
"A782.00","Sweating fever","A782.00",,"322","IMRD"
"H00..13","Febrile cold","H00..13",,"6686","IMRD"
"H00..15","Pyrexial cold","H00..15",,"11629","IMRD"
"M228.11","Acute febrile neutrophilic dermatosis","M228.11",,"82","IMRD"
"R006.00","[D]Pyrexia of unknown origin","R006.00",,"80424","IMRD"
"R006.11","[D]Fever of unknown origin","R006.11",,"2666","IMRD"
"R006000","[D]Chills with fever","R006000",,"2229","IMRD"
"R006100","[D]Hyperpyrexia NOS","R006100",,"452","IMRD"
"R006200","[D]Fever NOS","R006200",,"290145","IMRD"
"R006300","[D]Persistent fever","R006300",,"116","IMRD"
"R006y00","[D]Other specified fever","R006y00",,"10","IMRD"
"R006z00","[D]Pyrexia of unknown origin NOS","R006z00",,"1209","IMRD"
