"MEDICAL_CODE_ID","DESCRIPTION","READ_CODE","SNOMED_CT_CODE","FREQUENCY","DATABASE"
"717","Fibromyalgia","N248.00",,"123296","CPRD_GOLD"
"1338","Myalgia unspecified","N241000",,"216668","CPRD_GOLD"
"2919","Viral myalgia","N241300",,"7391","CPRD_GOLD"
"3649","Myalgia or myositis NOS","N241z00",,"5881","CPRD_GOLD"
"4657","Fibromyalgia","N239.00",,"35156","CPRD_GOLD"
"5440","Muscle pain","N241012",,"183175","CPRD_GOLD"
"12475","Aching muscles","1DCC.00",,"12532","CPRD_GOLD"
"14969","Intercostal myalgia","N241011",,"16006","CPRD_GOLD"
"17085","Muscular rheumatism","N240200",,"6138","CPRD_GOLD"
"27512","Myalgia and myositis unspecified","N241.00",,"3940","CPRD_GOLD"
