"MEDICAL_CODE_ID","DESCRIPTION","READ_CODE","SNOMED_CT_CODE","FREQUENCY","DATABASE"
"M791","Myalgia","M79.1","","0","ICD10"
"M7910","Myalgia","M79.10","","0","ICD10"
"M7911","Myalgia","M79.11","","0","ICD10"
"M7912","Myalgia","M79.12","","0","ICD10"
"M7913","Myalgia","M79.13","","0","ICD10"
"M7914","Myalgia","M79.14","","0","ICD10"
"M7915","Myalgia","M79.15","","0","ICD10"
"M7916","Myalgia","M79.16","","0","ICD10"
"M7917","Myalgia","M79.17","","0","ICD10"
"M7918","Myalgia","M79.18","","0","ICD10"
"M7919","Myalgia","M79.19","","0","ICD10"
"M797","Fibromyalgia","M79.7","","0","ICD10"
"M7970","Fibromyalgia","M79.70","","0","ICD10"
"M7971","Fibromyalgia","M79.71","","0","ICD10"
"M7972","Fibromyalgia","M79.72","","0","ICD10"
"M7973","Fibromyalgia","M79.73","","0","ICD10"
"M7974","Fibromyalgia","M79.74","","0","ICD10"
"M7975","Fibromyalgia","M79.75","","0","ICD10"
"M7976","Fibromyalgia","M79.76","","0","ICD10"
"M7977","Fibromyalgia","M79.77","","0","ICD10"
"M7978","Fibromyalgia","M79.78","","0","ICD10"
"M7979","Fibromyalgia","M79.79","","0","ICD10"
