"MEDICAL_CODE_ID","DESCRIPTION","READ_CODE","SNOMED_CT_CODE","FREQUENCY","DATABASE"
"1DCC.00","Aching muscles","1DCC.00",,"10831","IMRD"
"N239.00","Fibromyalgia","N239.00",,"29136","IMRD"
"N240200","Muscular rheumatism","N240200",,"4707","IMRD"
"N241.00","Myalgia and myositis unspecified","N241.00",,"3309","IMRD"
"N241000","Myalgia unspecified","N241000",,"185848","IMRD"
"N241011","Intercostal myalgia","N241011",,"14757","IMRD"
"N241012","Muscle pain","N241012",,"160963","IMRD"
"N241300","Viral myalgia","N241300",,"6045","IMRD"
"N241z00","Myalgia or myositis NOS","N241z00",,"4698","IMRD"
"N248.00","Fibromyalgia","N248.00",,"114938","IMRD"
