"MEDICAL_CODE_ID","DESCRIPTION","READ_CODE","SNOMED_CT_CODE","FREQUENCY","DATABASE"
"N91","Absent, scanty and rare menstruation","N91","","0","ICD10"
"N910","Primary amenorrhoea","N91.0","","0","ICD10"
"N911","Secondary amenorrhoea","N91.1","","0","ICD10"
"N912","Amenorrhoea, unspecified","N91.2","","0","ICD10"
"N913","Primary oligomenorrhoea","N91.3","","0","ICD10"
"N914","Secondary oligomenorrhoea","N91.4","","0","ICD10"
"N915","Oligomenorrhoea, unspecified","N91.5","","0","ICD10"
"N92","Excessive, frequent and irregular menstruation","N92","","0","ICD10"
"N920","Excessive and frequent menstruation with regular cycle","N92.0","","0","ICD10"
"N921","Excessive and frequent menstruation with irregular cycle","N92.1","","0","ICD10"
"N922","Excessive menstruation at puberty","N92.2","","0","ICD10"
"N924","Excessive bleeding in the premenopausal period","N92.4","","0","ICD10"
"N925","Other specified irregular menstruation","N92.5","","0","ICD10"
"N926","Irregular menstruation, unspecified","N92.6","","0","ICD10"
