"MEDICAL_CODE_ID","DESCRIPTION","READ_CODE","SNOMED_CT_CODE","FREQUENCY","DATABASE"
"1571.00","H/O: amenorrhoea","1571.00",,"19930","IMRD"
"1572.00","H/O: polymenorrhoea","1572.00",,"12443","IMRD"
"K590.00","Absence of menstruation","K590.00",,"65419","IMRD"
"K590.11","Amenorrhoea","K590.11",,"279807","IMRD"
"K590000","Primary amenorrhoea","K590000",,"3042","IMRD"
"K590100","Secondary amenorrhoea","K590100",,"39092","IMRD"
"K590111","Post-pill amenorrhoea","K590111",,"2189","IMRD"
"K590z00","Amenorrhoea NOS","K590z00",,"14197","IMRD"
"K591000","Hypomenorrhoea","K591000",,"2279","IMRD"
"K591100","Oligomenorrhoea","K591100",,"44933","IMRD"
"K591200","Primary oligomenorrhoea","K591200",,"340","IMRD"
"K591300","Secondary oligomenorrhoea","K591300",,"861","IMRD"
"K592.00","Excessive or frequent menstruation","K592.00",,"4638","IMRD"
"K592.11","Frequent menses","K592.11",,"756","IMRD"
"K592100","Polymenorrhoea","K592100",,"53729","IMRD"
"K592111","Epimenorrhoea","K592111",,"2860","IMRD"
"K592z00","Excessive or frequent menstruation NOS","K592z00",,"889","IMRD"
"Kyu9C00","[X]Other specified irregular menstruation","Kyu9C00",,"304","IMRD"
