"MEDICAL_CODE_ID","DESCRIPTION","READ_CODE","SNOMED_CT_CODE","FREQUENCY","DATABASE"
"757","Amenorrhoea","K590.11",,"338935","CPRD_GOLD"
"1077","Polymenorrhoea","K592100",,"67533","CPRD_GOLD"
"1153","Oligomenorrhoea","K591100",,"52712","CPRD_GOLD"
"2086","Secondary amenorrhoea","K590100",,"42292","CPRD_GOLD"
"3829","Primary amenorrhoea","K590000",,"3464","CPRD_GOLD"
"5277","Epimenorrhoea","K592111",,"3624","CPRD_GOLD"
"6486","Primary oligomenorrhoea","K591200",,"375","CPRD_GOLD"
"7089","H/O: polymenorrhoea","1572.00",,"13694","CPRD_GOLD"
"9632","Absence of menstruation","K590.00",,"95177","CPRD_GOLD"
"12100","Secondary oligomenorrhoea","K591300",,"878","CPRD_GOLD"
"12295","Post-pill amenorrhoea","K590111",,"2701","CPRD_GOLD"
"15438","Hypomenorrhoea","K591000",,"3825","CPRD_GOLD"
"16495","H/O: amenorrhoea","1571.00",,"22023","CPRD_GOLD"
"20190","Excessive or frequent menstruation NOS","K592z00",,"913","CPRD_GOLD"
"20674","Frequent menses","K592.11",,"872","CPRD_GOLD"
"23935","Excessive or frequent menstruation","K592.00",,"5137","CPRD_GOLD"
"33769","Amenorrhoea NOS","K590z00",,"18499","CPRD_GOLD"
"52958","[X]Other specified irregular menstruation","Kyu9C00",,"240","CPRD_GOLD"
