"MEDICAL_CODE_ID","DESCRIPTION","READ_CODE","SNOMED_CT_CODE","FREQUENCY","DATABASE"
"87776016","Polymenorrhoea","K592100","52754008","137825","CPRD_AURUM"
"252085014","H/O: amenorrhoea","1571.00","161780009","51816","CPRD_AURUM"
"252086010","H/O: polymenorrhoea","1572.00","161781008","11493","CPRD_AURUM"
"476847011","Primary oligomenorrhoea","K591200","14884007","3076","CPRD_AURUM"
"506894019","Secondary amenorrhoea","K590100","86030004","396976","CPRD_AURUM"
"508364012","Primary amenorrhoea","K590000","8913004","16633","CPRD_AURUM"
"305036019","Amenorrhoea NOS","K590z00","14302001","75769","CPRD_AURUM"
"305050012","Excessive or frequent menstruation NOS","K592z00","266601003","3074","CPRD_AURUM"
"221311000000111","Post-pill amenorrhoea","K590111","39931000","20269","CPRD_AURUM"
"794741000006118","Frequent menses","K592.11","266601003","4709","CPRD_AURUM"
"3804331000006119","Irregular menstruation","","80182007","4","CPRD_AURUM"
"3344171000006112","Relative amenorrhoea","","52073004","0","CPRD_AURUM"
"5493621000006113","Hyperpolymenorrhoea","","266601003","0","CPRD_AURUM"
"4543961000006118","History of amenorrhoea","","161780009","0","CPRD_AURUM"
"496427018","Epimenorrhoea","K592111","52754008","4595","CPRD_AURUM"
"24317019","Absence of menstruation","K590.00","14302001","218400","CPRD_AURUM"
"24318012","Amenorrhoea","K590.11","14302001","461592","CPRD_AURUM"
"106733011","Hypomenorrhoea","K591000","64206003","3578","CPRD_AURUM"
"3804341000006112","Menstrual periods irregular","","80182007","2","CPRD_AURUM"
"3344141000006116","Infrequent periods","","52073004","0","CPRD_AURUM"
"4543991000006114","History of polymenorrhoea","","161781008","0","CPRD_AURUM"
"305259016","[X]Other specified irregular menstruation","Kyu9C00","80182007","62250","CPRD_AURUM"
"1476414019","Oligomenorrhoea","K591100","52073004","136342","CPRD_AURUM"
"3898421000006117","Secondary physiologic amenorrhoea","","86030004","2475","CPRD_AURUM"
"485801016","Secondary oligomenorrhoea","K591300","34272008","10919","CPRD_AURUM"
"650761000006113","Excessive or frequent menstruation","K592.00","266601003","22467","CPRD_AURUM"
"2642321000006117","Primary physiologic amenorrhoea","","8913004","206","CPRD_AURUM"
"3355361000006116","Unusually frequent menses","","52754008","0","CPRD_AURUM"
"5753241000006115","Frequent periods","","289892008","1","CPRD_AURUM"
"5103601000006117","Lactational amenorrhoea","","237122005","3","CPRD_AURUM"
"5103561000006117","Exercise-related amenorrhoea","","237119008","4","CPRD_AURUM"
"5103581000006110","Hypothalamic amenorrhoea","","237120002","14","CPRD_AURUM"
"2844741000006112","Dysponderal amenorrhoea","","21669001","17","CPRD_AURUM"
"5753141000006112","Menstruation absent","","289885003","16","CPRD_AURUM"
