"MEDICAL_CODE_ID","DESCRIPTION","READ_CODE","SNOMED_CT_CODE","FREQUENCY","DATABASE"
"216655018","Advice about impotence","67IA.00","135885005","56540","CPRD_AURUM"
"272294012","Revascularisation for impotence","7A6G000","175881006","48","CPRD_AURUM"
"272299019","Ligation of penile veins for impotence","7A6G500","175886001","133","CPRD_AURUM"
"273365014","Penile injection to produce erection","7C25B00","176566004","577","CPRD_AURUM"
"304501018","Impotence of organic origin","K27y100","198036002","17454","CPRD_AURUM"
"371290017","Cannot get an erection","1ABB.00","248773007","5358","CPRD_AURUM"
"371298012","Cannot sustain an erection","1ABC.00","248779006","8619","CPRD_AURUM"
"302271000000119","Referral to erectile dysfunction clinic","8HTj.00","704048004","17400","CPRD_AURUM"
"850021000033113","Vacuum pumps for erectile dysfunction","","850021000033109","0","CPRD_AURUM"
"882471000006114","Frigidity and impotence","E227.99","268637002","9365","CPRD_AURUM"
"991801000006118","Psychogenic impotence","E227399","397803000","2","CPRD_AURUM"
"1119471000006114","Adverse reaction to Vacuum pumps for erectile dysfunction","","1119471000006105","4","CPRD_AURUM"
"1736291000000114","Referral to erectile dysfunction clinic declined","8IE8.00","704049007","1456","CPRD_AURUM"
"1809351000006118","Problem getting an erection","","276364001","953","CPRD_AURUM"
"369101000000114","Treatment of erectile dysfunction NEC","7C25E00","851081000000105","8794","CPRD_AURUM"
"396141000006114","[X]Male erectile disorder","Eu52212","397803000","20612","CPRD_AURUM"
"489201000000110","Operations on penis for erectile dysfunction NEC","7C25F00","71588001","221","CPRD_AURUM"
"1768751000006113","Erect dysf unresponsiv to phosphodiesterase-5 inhibitor","8BB4.00","707300000","18","CPRD_AURUM"
"6592991000006118","Sexual impotence","","397803000","0","CPRD_AURUM"
"4790831000006116","Organic erectile dysfunction","","198036002","0","CPRD_AURUM"
"5261861000006117","Erection too short-lived","","248779006","0","CPRD_AURUM"
"7486631000006115","Complaining of impotence","","473327001","0","CPRD_AURUM"
"5261781000006117","Unable to achieve erection","","248773007","0","CPRD_AURUM"
"424011000006115","[X]Psychogenic impotence","Eu52213","73491007","6334","CPRD_AURUM"
"4668871000006114","Revascularization for impotence","","175881006","0","CPRD_AURUM"
"7486621000006118","Complaining of erectile dysfunction","","473327001","0","CPRD_AURUM"
"1734321000000113","C/O erectile dysfunction","1D1B.00","473327001","325052","CPRD_AURUM"
"2600061000006115","Pathologic erection","","6273006","0","CPRD_AURUM"
"932201000006116","Erectile dysfunction organic","K27y199","198036002","125","CPRD_AURUM"
"1777409015","Impotence","E227300","397803000","599289","CPRD_AURUM"
"1786154013","Erectile dysfunction","E227311","397803000","1653230","CPRD_AURUM"
"6592981000006116","Failure of erection","","397803000","6","CPRD_AURUM"
"4511231000006113","Impotence education","","135885005","160","CPRD_AURUM"
"5323211000006116","Investigations for impotence","","252918002","3","CPRD_AURUM"
"3577501000006115","Poor erection","","66255005","705","CPRD_AURUM"
"5261791000006119","Delayed erection","","248774001","2","CPRD_AURUM"
