"MEDICAL_CODE_ID","DESCRIPTION","READ_CODE","SNOMED_CT_CODE","FREQUENCY","DATABASE"
"175","Allergic rhinitis","H17..00",,"525988","CPRD_GOLD"
"334","Allergic contact dermatitis","M128.00",,"21703","CPRD_GOLD"
"620","Allergy, unspecified","SN53.00",,"289439","CPRD_GOLD"
"775","Allergic rhinitis due to unspecified allergen","H172.00",,"215354","CPRD_GOLD"
"788","Allergic conjunctivitis","F4C1411",,"255439","CPRD_GOLD"
"964","Allergic rhinitis NOS","H17z.00",,"42947","CPRD_GOLD"
"969","Allergy skin test","335..11",,"20370","CPRD_GOLD"
"1243","O/E - allergic rash","2227.11",,"228255","CPRD_GOLD"
"1275","Allergic reaction","SN53000",,"131022","CPRD_GOLD"
"2290","Allergic asthma","H330.11",,"19293","CPRD_GOLD"
"2372","Allergic rhinitis due to other allergens","H171.00",,"12562","CPRD_GOLD"
"2805","Allergy testing NOS","336..00",,"7462","CPRD_GOLD"
"3761","Allergic gastroenteritis NOS","J432z00",,"86","CPRD_GOLD"
"3798","Hay fever - unspecified allergen","H172.11",,"162812","CPRD_GOLD"
"5627","Hay fever with asthma","H330011",,"7942","CPRD_GOLD"
"5869","Allergic (intrinsic) eczema","M114.00",,"31940","CPRD_GOLD"
"6156","Allergic colitis","J432300",,"300","CPRD_GOLD"
"6274","Allergic pharyngitis","H025.00",,"1239","CPRD_GOLD"
"6400","Allergic urticaria","M280.00",,"48229","CPRD_GOLD"
"6755","[V]Allergy test","ZV72711",,"5975","CPRD_GOLD"
"7588","Allergic disorder monitoring","66G..00",,"8745","CPRD_GOLD"
"11306","Seen by clinical allergist","ZL9A200",,"18194","CPRD_GOLD"
"11312","Extrinsic allergic alveolitis","H35..00",,"2656","CPRD_GOLD"
"12239","H/O: multiple allergies","14M3.00",,"18926","CPRD_GOLD"
"12543","Allergic gastroenteritis and colitis","J432.00",,"333","CPRD_GOLD"
"13384","Allergy testing done","3361.00",,"1648","CPRD_GOLD"
"13387","Allergic diarrhoea","J432.11",,"285","CPRD_GOLD"
"13691","Allergy screening test","43cB.00",,"41347","CPRD_GOLD"
"14688","Other chronic allergic conjunctivitis","F4C1400",,"21725","CPRD_GOLD"
"15038","Allergy testing - no reaction","3363.00",,"743","CPRD_GOLD"
"15248","Hay fever with asthma","H330.13",,"6670","CPRD_GOLD"
"15335","Allergic arthritis of unspecified site","N062000",,"4","CPRD_GOLD"
"15795","Allergic enteritis","J432100",,"425","CPRD_GOLD"
"16134","Hay fever - other allergen","H171.14",,"8120","CPRD_GOLD"
"16556","Allergic purpura","D310.00",,"1914","CPRD_GOLD"
"16676","Acute allergic conjunctivitis","F4C0611",,"17629","CPRD_GOLD"
"16685","Allergic dermatitis - eyelid","F4D3111",,"4329","CPRD_GOLD"
"16832","Contact or allergic eyelid dermatitis","F4D3100",,"4904","CPRD_GOLD"
"17062","Allergy test - not skin","336..11",,"970","CPRD_GOLD"
"18207","Allergic bronchitis NEC","H33zz13",,"935","CPRD_GOLD"
"18572","Allergic rhinosinusitis","H17..12",,"1859","CPRD_GOLD"
"18870","Referral to clinical allergist","ZL5A600",,"13021","CPRD_GOLD"
"19862","Allergy skin test positive","3359.00",,"2519","CPRD_GOLD"
"20023","Allergic enterocolitis","J432200",,"153","CPRD_GOLD"
"21232","Allergic asthma NEC","H33zz12",,"284","CPRD_GOLD"
"21398","Nasal allergy challenge","3364.00",,"698","CPRD_GOLD"
"22763","Bronchial allergy challenge","3365.00",,"219","CPRD_GOLD"
"23603","Allergic gastroenteritis","J432000",,"141","CPRD_GOLD"
"23806","Allergic arthritis","N062.00",,"240","CPRD_GOLD"
"27760","Allergic dis. follow-up assess","66G2.00",,"410","CPRD_GOLD"
"29331","Allergic dis. initial assessm.","66G1.00",,"4321","CPRD_GOLD"
"29458","Allergy test positive","3368.00",,"954","CPRD_GOLD"
"29465","Allergic arthritis NOS","N062z00",,"9","CPRD_GOLD"
"29845","Allergic otitis media NOS","F514000",,"85","CPRD_GOLD"
"30157","Under care of clinical allergist","ZL18200",,"253","CPRD_GOLD"
"33820","Allergic gastritis","J154000",,"211","CPRD_GOLD"
"33959","Allergic parotitis","J072000",,"20","CPRD_GOLD"
"35086","Allergic purpura NOS","D310z00",,"49","CPRD_GOLD"
"36743","Discharge from clinical allergy service","ZLE6100",,"172","CPRD_GOLD"
"37597","Chronic allergic otitis media","F513000",,"316","CPRD_GOLD"
"40203","Allergen specific IgG antibody measurement","43We.00",,"842","CPRD_GOLD"
"43733","Allergic dis. monitoring NOS","66GZ.00",,"508","CPRD_GOLD"
"43997","Inhaled allergen mix RAST test","43ie.00",,"2261","CPRD_GOLD"
"46977","Allergic alveolitis and pneumonitis NOS","H35z.00",,"64","CPRD_GOLD"
"47599","[X]Other allergic rhinitis","Hyu2100",,"82","CPRD_GOLD"
"47919","Allergic dis.- symptom change","66G3.00",,"23","CPRD_GOLD"
"50338","Allergy testing NOS","336Z.00",,"577","CPRD_GOLD"
"51858","Other allergic alveolitis","H35y.00",,"59","CPRD_GOLD"
"53414","Allergic eosinophilia","D403300",,"84","CPRD_GOLD"
"53095","Allergic alveolitis and pneumonitis NOS","H35zz00",,"20","CPRD_GOLD"
"53407","Allergen IgG level","43Jj.00",,"446","CPRD_GOLD"
"53638","Allergy treatment changed","66G5.00",,"106","CPRD_GOLD"
"55552","Other allergic alveolitis NOS","H35yz00",,"47","CPRD_GOLD"
"56249","Allergic arthritis of the shoulder region","N062100",,"3","CPRD_GOLD"
"57372","Subconjunct. allergy challenge","3366.00",,"11","CPRD_GOLD"
"57725","Allergic arthritis of the ankle and foot","N062700",,"4","CPRD_GOLD"
"62442","Allergic extrinsic alveolitis NOS","H35z000",,"73","CPRD_GOLD"
"63703","Allergy dis.treatment started","66G6.00",,"98","CPRD_GOLD"
"65580","Allergic arthritis of the hand","N062400",,"5","CPRD_GOLD"
"70788","Acute allergic serous otitis media","F510400",,"11","CPRD_GOLD"
"73749","Allergic arthritis of other specified site","N062800",,"1","CPRD_GOLD"
"73778","Allergic arthritis of the lower leg","N062600",,"7","CPRD_GOLD"
"90519","Clinical immunology/allergy","9b99.00",,"701","CPRD_GOLD"
"96404","Allergic arthritis of the forearm","N062300",,"3","CPRD_GOLD"
"100742","Allergic bronchopulmonary aspergillosis","AB63300",,"244","CPRD_GOLD"
"103568","Allergy - specialty","9b9W.00",,"1165","CPRD_GOLD"
"104108","Referral to clinical allergy service","8Hld.00",,"8263","CPRD_GOLD"
"104313","Seen by clinical allergy - service","9NlX.00",,"2107","CPRD_GOLD"
"105338","Allergen specific IgE antibody level","43Wi.00",,"372","CPRD_GOLD"
"106195","Private referral to allergy specialist","8HVK000",,"768","CPRD_GOLD"
"112599","Allergic arthritis of the pelvic region and thigh","N062500",,"1","CPRD_GOLD"
