"MEDICAL_CODE_ID","DESCRIPTION","READ_CODE","SNOMED_CT_CODE","FREQUENCY","DATABASE"
"14B1.00","H/O: hay fever","14B1.00",,"106164","IMRD"
"2227.11","O/E - allergic rash","2227.11",,"172475","IMRD"
"335..11","Allergy skin test","335..11",,"7008","IMRD"
"3359.00","Allergy skin test positive","3359.00",,"261","IMRD"
"336..00","Allergy testing NOS","336..00",,"5285","IMRD"
"336..11","Allergy test - not skin","336..11",,"762","IMRD"
"3361.00","Allergy testing done","3361.00",,"1522","IMRD"
"3363.00","Allergy testing - no reaction","3363.00",,"2197","IMRD"
"3364.00","Nasal allergy challenge","3364.00",,"530","IMRD"
"3365.00","Bronchial allergy challenge","3365.00",,"205","IMRD"
"3367.00","Sublingual allergy challenge","3367.00",,"10","IMRD"
"3368.00","Allergy test positive","3368.00",,"756","IMRD"
"336Z.00","Allergy testing NOS","336Z.00",,"465","IMRD"
"43cB.00","Allergy screening test","43cB.00",,"2635","IMRD"
"43ie.00","Inhaled allergen mix RAST test","43ie.00",,"3","IMRD"
"43Jj.00","Allergen IgG level","43Jj.00",,"22","IMRD"
"43We.00","Allergen specific IgG antibody measurement","43We.00",,"9","IMRD"
"43Wi.00","Allergen specific IgE antibody level","43Wi.00",,"9","IMRD"
"66G5.00","Allergy treatment changed","66G5.00",,"407","IMRD"
"66G..00","Allergic disorder monitoring","66G..00",,"8090","IMRD"
"66G1.00","Allergic dis. initial assessm.","66G1.00",,"136","IMRD"
"66G2.00","Allergic dis. follow-up assess","66G2.00",,"303","IMRD"
"66G3.00","Allergic dis.- symptom change","66G3.00",,"20","IMRD"
"66G5.11","Allergy dis.treatment changed","66G5.11",,"10","IMRD"
"66G6.00","Allergy dis.treatment started","66G6.00",,"50","IMRD"
"66GZ.00","Allergic dis. monitoring NOS","66GZ.00",,"131","IMRD"
"8Hld.00","Referral to clinical allergy service","8Hld.00",,"8045","IMRD"
"8HVK000","Private referral to allergy specialist","8HVK000",,"792","IMRD"
"9b99.00","Clinical immunology/allergy","9b99.00",,"1475","IMRD"
"9b9W.00","Allergy - specialty","9b9W.00",,"1234","IMRD"
"9NlX.00","Seen by clinical allergy - service","9NlX.00",,"2345","IMRD"
"D310.00","Allergic purpura","D310.00",,"1953","IMRD"
"D310z00","Allergic purpura NOS","D310z00",,"46","IMRD"
"D403300","Allergic eosinophilia","D403300",,"55","IMRD"
"F4C0611","Acute allergic conjunctivitis","F4C0611",,"17210","IMRD"
"F4C1400","Other chronic allergic conjunctivitis","F4C1400",,"24624","IMRD"
"F4C1411","Allergic conjunctivitis","F4C1411",,"215867","IMRD"
"F4D3100","Contact or allergic eyelid dermatitis","F4D3100",,"4434","IMRD"
"F4D3111","Allergic dermatitis - eyelid","F4D3111",,"3722","IMRD"
"F510400","Acute allergic serous otitis media","F510400",,"5","IMRD"
"F510500","Acute allergic mucoid otitis media","F510500",,"2","IMRD"
"F510600","Acute allergic sanguinous otitis media","F510600",,"3","IMRD"
"F513000","Chronic allergic otitis media","F513000",,"202","IMRD"
"F514000","Allergic otitis media NOS","F514000",,"67","IMRD"
"H025.00","Allergic pharyngitis","H025.00",,"1026","IMRD"
"H17..00","Allergic rhinitis","H17..00",,"452660","IMRD"
"H17..12","Allergic rhinosinusitis","H17..12",,"1606","IMRD"
"H171.00","Allergic rhinitis due to other allergens","H171.00",,"8388","IMRD"
"H171.14","Hay fever - other allergen","H171.14",,"8478","IMRD"
"H172.00","Allergic rhinitis due to unspecified allergen","H172.00",,"192967","IMRD"
"H172.11","Hay fever - unspecified allergen","H172.11",,"154466","IMRD"
"H17z.00","Allergic rhinitis NOS","H17z.00",,"48362","IMRD"
"H330.11","Allergic asthma","H330.11",,"15003","IMRD"
"H330.13","Hay fever with asthma","H330.13",,"5620","IMRD"
"H330011","Hay fever with asthma","H330011",,"6786","IMRD"
"H33zz12","Allergic asthma NEC","H33zz12",,"249","IMRD"
"H33zz13","Allergic bronchitis NEC","H33zz13",,"780","IMRD"
"H35..00","Extrinsic allergic alveolitis","H35..00",,"2366","IMRD"
"H35y.00","Other allergic alveolitis","H35y.00",,"47","IMRD"
"H35z.00","Allergic alveolitis and pneumonitis NOS","H35z.00",,"45","IMRD"
"H35z000","Allergic extrinsic alveolitis NOS","H35z000",,"41","IMRD"
"H35zz00","Allergic alveolitis and pneumonitis NOS","H35zz00",,"21","IMRD"
"Hyu2100","[X]Other allergic rhinitis","Hyu2100",,"82","IMRD"
"J072000","Allergic parotitis","J072000",,"19","IMRD"
"J154000","Allergic gastritis","J154000",,"158","IMRD"
"J432.00","Allergic gastroenteritis and colitis","J432.00",,"379","IMRD"
"J432.11","Allergic diarrhoea","J432.11",,"220","IMRD"
"J432000","Allergic gastroenteritis","J432000",,"113","IMRD"
"J432100","Allergic enteritis","J432100",,"295","IMRD"
"J432200","Allergic enterocolitis","J432200",,"125","IMRD"
"J432300","Allergic colitis","J432300",,"237","IMRD"
"J432z00","Allergic gastroenteritis NOS","J432z00",,"53","IMRD"
"M114.00","Allergic (intrinsic) eczema","M114.00",,"29614","IMRD"
"M128.00","Allergic contact dermatitis","M128.00",,"17345","IMRD"
"M280.00","Allergic urticaria","M280.00",,"46926","IMRD"
"N062.00","Allergic arthritis","N062.00",,"196","IMRD"
"N062000","Allergic arthritis of unspecified site","N062000",,"1","IMRD"
"N062100","Allergic arthritis of the shoulder region","N062100",,"2","IMRD"
"N062200","Allergic arthritis of the upper arm","N062200",,"0","IMRD"
"N062300","Allergic arthritis of the forearm","N062300",,"2","IMRD"
"N062400","Allergic arthritis of the hand","N062400",,"6","IMRD"
"N062500","Allergic arthritis of the pelvic region and thigh","N062500",,"1","IMRD"
"N062600","Allergic arthritis of the lower leg","N062600",,"9","IMRD"
"N062700","Allergic arthritis of the ankle and foot","N062700",,"6","IMRD"
"N062800","Allergic arthritis of other specified site","N062800",,"1","IMRD"
"N062900","Allergic arthritis of multiple sites","N062900",,"5","IMRD"
"N062z00","Allergic arthritis NOS","N062z00",,"6","IMRD"
"SN53.00","Allergy, unspecified","SN53.00",,"193205","IMRD"
"SN53000","Allergic reaction","SN53000",,"84628","IMRD"
"ZL18200","Under care of clinical allergist","ZL18200",,"213","IMRD"
"ZL5A600","Referral to clinical allergist","ZL5A600",,"12099","IMRD"
"ZL9A200","Seen by clinical allergist","ZL9A200",,"14297","IMRD"
"ZLE6100","Discharge from clinical allergy service","ZLE6100",,"288","IMRD"
"ZV72711","[V]Allergy test","ZV72711",,"5328","IMRD"
