"MEDICAL_CODE_ID","DESCRIPTION","READ_CODE","SNOMED_CT_CODE","FREQUENCY","DATABASE"
"D690","Allergic purpura","D69.0","","0","ICD10"
"J30","Vasomotor and allergic rhinitis","J30","","0","ICD10"
"J303","Other allergic rhinitis","J30.3","","0","ICD10"
"J304","Allergic rhinitis, unspecified","J30.4","","0","ICD10"
"J450","Predominantly allergic asthma","J45.0","","0","ICD10"
"K522","Allergic and dietetic gastroenteritis and colitis","K52.2","","0","ICD10"
"L23","Allergic contact dermatitis","L23","","0","ICD10"
"L239","Allergic contact dermatitis, unspecified cause","L23.9","","0","ICD10"
"L500","Allergic urticaria","L50.0","","0","ICD10"
"T784","Allergy, unspecified","T78.4","","0","ICD10"
