"MEDICAL_CODE_ID","DESCRIPTION","READ_CODE","SNOMED_CT_CODE","FREQUENCY","DATABASE"
"37319017","Allergic enteritis","J432100","22231002","251","CPRD_AURUM"
"63349014","Allergic bronchopulmonary aspergillosis","AB63300","37981002","4391","CPRD_AURUM"
"63796016","Allergic urticaria","M280.00","40178009","300439","CPRD_AURUM"
"80417018","Allergic parotitis","J072000","48269007","57","CPRD_AURUM"
"98475016","Acute allergic serous otitis media","F510400","59275002","162","CPRD_AURUM"
"102311013","Allergic rhinitis","H17..00","61582004","1312099","CPRD_AURUM"
"106800011","Allergic eosinophilia","D403300","64249002","400","CPRD_AURUM"
"251849013","H/O: multiple allergies","14M3.00","161614004","32341","CPRD_AURUM"
"256629018","Allergy testing done","3361.00","165007007","14730","CPRD_AURUM"
"256630011","Allergy testing not done","3362.00","165008002","904","CPRD_AURUM"
"256631010","Allergy testing - no reaction","3363.00","165009005","3890","CPRD_AURUM"
"256635018","Bronchial allergy challenge","3365.00","165011001","640","CPRD_AURUM"
"256639012","Subconjunct. allergy challenge","3366.00","165012008","52","CPRD_AURUM"
"256640014","Sublingual allergy challenge","3367.00","165013003","172","CPRD_AURUM"
"256641013","Allergy test positive","3368.00","165014009","4963","CPRD_AURUM"
"264798012","Allergic disorder monitoring","66G..00","170836005","9755","CPRD_AURUM"
"264803015","Allergy treatment changed","66G5.00","170841002","393","CPRD_AURUM"
"264804014","Allergy dis.treatment changed","66G5.11","170841002","89","CPRD_AURUM"
"301029011","Allergic pharyngitis","H025.00","195663004","2713","CPRD_AURUM"
"303024011","Allergic enterocolitis","J432200","197024006","252","CPRD_AURUM"
"310085017","Allergic arthritis of the hand","N062400","201967009","35","CPRD_AURUM"
"310088015","Allergic arthritis of the ankle and foot","N062700","201970008","26","CPRD_AURUM"
"357566010","Allergic contact dermatitis","M128.00","238575004","50299","CPRD_AURUM"
"376109016","Allergy test - not skin","336..11","252513000","796","CPRD_AURUM"
"396363015","Allergic gastroenteritis and colitis","J432.00","266451002","709","CPRD_AURUM"
"411931013","O/E - allergic rash","2227.11","275955005","294833","CPRD_AURUM"
"448351017","Seen by clinical allergy - service","9NlX.00","305801003","28968","CPRD_AURUM"
"448999010","Referral to clinical allergy service","8Hld.00","306111000","131354","CPRD_AURUM"
"449244019","Referral to clinical allergist","","306272008","2500","CPRD_AURUM"
"1483199016","Allergic asthma","H330.11","389145006","38560","CPRD_AURUM"
"1488840015","Allergy screening test","43cB.00","1009441000000104","43384","CPRD_AURUM"
"2155236010","Allergy - specialty","9b9W.00","408439002","3140","CPRD_AURUM"
"2478391017","Inhaled allergen mix RAST test","43ie.00","1015201000000101","6134","CPRD_AURUM"
"2622113011","Allergic reaction","SN53000","419076005","673987","CPRD_AURUM"
"851231000006113","Allergic vaginitis","","851231000006109","54","CPRD_AURUM"
"853311000006110","Multiple allergies","","853311000006106","9267","CPRD_AURUM"
"904801000006118","Clinical immunology and allergy referral","","904801000006102","35970","CPRD_AURUM"
"910481000006115","[RFC] Allergic skin reaction","","910481000006104","8442","CPRD_AURUM"
"933361000006117","Hay fever","H17..99","61582004","29287","CPRD_AURUM"
"940541000006117","H/O: allergies","","940541000006101","15736","CPRD_AURUM"
"958821000006111","Allergens","","958821000006107","3722","CPRD_AURUM"
"1029321000006116","Adverse reaction to Allergenics","","1029321000006100","841","CPRD_AURUM"
"1575911000006111","Allergen Screen","","1575911000006107","709","CPRD_AURUM"
"1709201000006110","Allergic bronchopulmonary aspergillosis","","1709201000006106","454","CPRD_AURUM"
"1963091000006117","Reason for referral: Chronic Allergy/Immunological Problem","","1963091000006101","37","CPRD_AURUM"
"2438471000000115","Ticagrelor allergy","1Z42.00","956311000000104","45","CPRD_AURUM"
"2505601000000116","Apixaban allergy","1Z43100","985271000000102","143","CPRD_AURUM"
"35547018","Allergic purpura","D310.00","191306005","14214","CPRD_AURUM"
"168335018","Allergen specific IgG antibody measurement","43We.00","1020461000000101","1827","CPRD_AURUM"
"301528012","Other allergic alveolitis","H35y.00","37471005","446","CPRD_AURUM"
"301531013","Other allergic alveolitis NOS","H35yz00","37471005","176","CPRD_AURUM"
"301532018","Allergic alveolitis and pneumonitis NOS","H35zz00","37471005","133","CPRD_AURUM"
"301533011","Allergic extrinsic alveolitis NOS","H35z000","37471005","492","CPRD_AURUM"
"301824017","[X]Other allergic rhinitis","Hyu2100","61582004","1653","CPRD_AURUM"
"303026013","Allergic gastroenteritis NOS","J432z00","26006005","59","CPRD_AURUM"
"310084018","Allergic arthritis of the forearm","N062300","16935003","8","CPRD_AURUM"
"310087013","Allergic arthritis of the lower leg","N062600","16935003","11","CPRD_AURUM"
"310089011","Allergic arthritis of other specified site","N062800","16935003","6","CPRD_AURUM"
"310091015","Allergic arthritis NOS","N062z00","16935003","27","CPRD_AURUM"
"347429013","Allergic conjunctivitis","F4C1411","231854006","557612","CPRD_AURUM"
"348109017","Hay fever - other allergen","H171.14","21719001","139712","CPRD_AURUM"
"348110010","Hay fever - unspecified allergen","H172.11","21719001","1123251","CPRD_AURUM"
"376123019","Allergy skin test","335..11","268377001","27045","CPRD_AURUM"
"399470015","Other chronic allergic conjunctivitis","F4C1400","26045000","101924","CPRD_AURUM"
"403089015","Allergy, unspecified","SN53.00","609328004","529747","CPRD_AURUM"
"2579449016","Acute allergic conjunctivitis","F4C0611","67678004","26752","CPRD_AURUM"
"477131000006116","Allergic alveolitis and pneumonitis NOS","H35z.00","37471005","549","CPRD_AURUM"
"477291000006114","Allergic bronchitis NEC","H33zz13","405720007","2036","CPRD_AURUM"
"477431000006114","Allergic dis. initial assessm.","66G1.00","170837001","603","CPRD_AURUM"
"477451000006119","Allergic dis.- symptom change","66G3.00","170839003","118","CPRD_AURUM"
"477701000006111","Allergic rhinosinusitis","H17..12","61582004","10033","CPRD_AURUM"
"477731000006115","Allergy dis.treatment started","66G6.00","170842009","337","CPRD_AURUM"
"477821000006113","Allergy testing NOS","336..00","247791000000107","11783","CPRD_AURUM"
"1843461000006117","Allergen specific IgE antibody level","43Wi.00","1026191000000104","1607","CPRD_AURUM"
"2578548019","Allergy to pork","","417918006","260","CPRD_AURUM"
"6717641000006116","Allergic bronchitis","","405720007","52","CPRD_AURUM"
"2884321000006114","Allergic dermatitis","","24079001","3","CPRD_AURUM"
"6762261000006116","Allergy - speciality","","408439002","5","CPRD_AURUM"
"6298141000006118","Hay fever","","367498001","212","CPRD_AURUM"
"2884311000006118","Allergic eczema","","24079001","2","CPRD_AURUM"
"4637291000006119","Allergic disorder - symptom change","","170839003","18","CPRD_AURUM"
"7496401000006110","Allergy","","609328004","200","CPRD_AURUM"
"5579211000006117","On examination - allergic rash","","275955005","0","CPRD_AURUM"
"4637271000006115","Allergic disorder initial assessment","","170837001","75","CPRD_AURUM"
"3103621000006115","Allergic interstitial pneumonitis","","37471005","0","CPRD_AURUM"
"5317111000006110","Allergy test","","252512005","8","CPRD_AURUM"
"8407141000006113","Allergen specific IgE antibody test observable","","1026191000000104","0","CPRD_AURUM"
"3296661000006115","Allergic diarrhea","","49237006","0","CPRD_AURUM"
"3483571000006116","Allergic vasculitis","","60555002","6","CPRD_AURUM"
"3103601000006113","Allergic alveolitis","","37471005","1","CPRD_AURUM"
"3155451000006115","Allergic dermatitis due to arnica","","40712008","0","CPRD_AURUM"
"2507791000006119","Allergic dermatitis caused by primrose","","586008","0","CPRD_AURUM"
"5492441000006114","Non-allergic asthma","","266361008","21","CPRD_AURUM"
"7628281000006112","Acute exacerbation of immunoglobulin E-mediated allergic asthma","","708093000","0","CPRD_AURUM"
"3500471000006116","AR - Allergic rhinitis","","61582004","0","CPRD_AURUM"
"7030341000006118","IgE mediated allergic asthma","","424643009","0","CPRD_AURUM"
"8310341000006116","Allergies and adverse reaction","","886921000000105","1","CPRD_AURUM"
"4810471000006118","Allergic arthritis of the ankle and/or foot","","201970008","0","CPRD_AURUM"
"5123451000006113","ACD - Allergic contact dermatitis","","238575004","2","CPRD_AURUM"
"12704131000006112","Allergic dermatitis of eyelid","","68670009","0","CPRD_AURUM"
"223901000000111","Allergic dermatitis - eyelid","F4D3111","68670009","7567","CPRD_AURUM"
"991171000006116","Allergic reaction NOS","SN53099","418925002","15","CPRD_AURUM"
"12727301000006118","Allergy, unspecified","","680131000000102","0","CPRD_AURUM"
"2610131000000116","Allergy to stainless steel","","1033621000000103","43","CPRD_AURUM"
"1672301000006110","Allergies and adverse reactions","","886921000000105","35702","CPRD_AURUM"
"2226011000000117","Private referral to allergy specialist","8HVK000","860671000000102","9711","CPRD_AURUM"
"350153016","Hay fever with asthma","H330011","233683003","9526","CPRD_AURUM"
"256633013","Nasal allergy challenge","3364.00","165010000","596","CPRD_AURUM"
"14738014","Acute allergic mucoid otitis media","F510500","8326008","18","CPRD_AURUM"
"30177017","Acute allergic sanguinous otitis media","F510600","17866004","11","CPRD_AURUM"
"294347010","Allergic purpura NOS","D310z00","234495004","130","CPRD_AURUM"
"310081014","Allergic arthritis of unspecified site","N062000","16935003","16","CPRD_AURUM"
"310083012","Allergic arthritis of the upper arm","N062200","16935003","1","CPRD_AURUM"
"350152014","Allergic asthma NEC","H33zz12","389145006","5560","CPRD_AURUM"
"396097015","Allergic rhinitis due to other allergens","H171.00","61582004","27400","CPRD_AURUM"
"399476014","Contact or allergic eyelid dermatitis","F4D3100","93423006","11930","CPRD_AURUM"
"5945331000006110","Seen by clinical allergy service","","305801003","5992","CPRD_AURUM"
"2845661000006115","Hayfever","","21719001","56","CPRD_AURUM"
"4637331000006114","Allergic disorder treatment started","","170842009","7","CPRD_AURUM"
"7030311000006117","IgE-mediated allergic asthma","","424643009","130","CPRD_AURUM"
"481105015","Hay fever","H170.99","21719001","140436","CPRD_AURUM"
"6762281000006114","Allergy","","408439002","3153","CPRD_AURUM"
"1983951000006114","Manchester triage - Allergy","","1983951000006105","1","CPRD_AURUM"
"1713281000006117","Allergy - specialty","","1713281000006101","0","CPRD_AURUM"
"1132021000006119","Adverse reaction to Multiple Allergens","","1132021000006103","415","CPRD_AURUM"
"99121000033111","Multiple Allergens","","99121000033107","0","CPRD_AURUM"
"310082019","Allergic arthritis of the shoulder region","N062100","201964002","9","CPRD_AURUM"
"256624011","Allergy skin test positive","3359.00","165004000","9358","CPRD_AURUM"
"43567011","Allergic gastroenteritis","J432000","26006005","196","CPRD_AURUM"
"50729018","Allergic colitis","J432300","30304000","742","CPRD_AURUM"
"178500017","Extrinsic allergic alveolitis","H35..00","37471005","13526","CPRD_AURUM"
"899941000006119","Allergic reaction NOS","SN53.99","680131000000102","10883","CPRD_AURUM"
"1227813013","[V]Allergy test","ZV72711","247791000000107","9218","CPRD_AURUM"
"477421000006111","Allergic dis. follow-up assess","66G2.00","170838006","694","CPRD_AURUM"
"985021000006115","Allergen IgG level","43Jj.00","1020461000000101","1259","CPRD_AURUM"
"299039016","Allergic otitis media NOS","F514000","26169004","192","CPRD_AURUM"
"12589101000006115","Adverse reaction to Aspire Allergy Relief","","12589101000006104","11","CPRD_AURUM"
"3600661000006118","Acute allergic conjunctivitis","","67678004","0","CPRD_AURUM"
"301268012","Allergic rhinitis NOS","H17z.00","61582004","321297","CPRD_AURUM"
"1488511010","Clinical immunology/allergy","9b99.00","394805004","1783","CPRD_AURUM"
"4151013","Allergic gastritis","J154000","1824008","281","CPRD_AURUM"
"28671011","Allergic arthritis","N062.00","16935003","359","CPRD_AURUM"
"119572016","Chronic allergic otitis media","F513000","71958004","128","CPRD_AURUM"
"198185014","Allergic diarrhoea","J432.11","49237006","291","CPRD_AURUM"
"396098013","Allergic rhinitis due to unspecified allergen","H172.00","61582004","871780","CPRD_AURUM"
"401249013","Allergy testing NOS","336Z.00","247791000000107","3280","CPRD_AURUM"
"477121000006119","Allergic (intrinsic) eczema","M114.00","24079001","69651","CPRD_AURUM"
"477441000006116","Allergic dis. monitoring NOS","66GZ.00","170836005","527","CPRD_AURUM"
"817361000006114","Hay fever with asthma","H330.13","233683003","51652","CPRD_AURUM"
"3103611000006111","Allergic pneumonitis","","37471005","0","CPRD_AURUM"
"3617251000006119","Contact allergy eyelid","","68670009","0","CPRD_AURUM"
"4716631000006119","Allergen immunotherapy","","182678001","36","CPRD_AURUM"
"5317101000006112","Allergy testing","","252512005","21","CPRD_AURUM"
"5169211000006118","Acute allergic reaction","","241929008","22","CPRD_AURUM"
"6924381000006112","Allergic reaction to substance","","418634005","174","CPRD_AURUM"
"3967211000006115","Allergen","","90260006","41","CPRD_AURUM"
"7488441000006110","Allergic conjunctivitis","","473460002","51","CPRD_AURUM"
"5940851000006117","Under care of clinical allergist","","305471009","5","CPRD_AURUM"
"5887221000006111","Allergic cough","","300959008","19","CPRD_AURUM"
"8313201000006115","Clinical immunology and allergy service","","892751000000100","1","CPRD_AURUM"
"6815911000006117","Peach diagnostic allergen extract","","411767006","1","CPRD_AURUM"
"5808211000006115","Aztreonam allergy","","294565006","1","CPRD_AURUM"
"5943451000006114","Seen by clinical allergist","","305661004","306","CPRD_AURUM"
"8049471000006117","Allergies and Adverse Reactions","","163221000000102","10","CPRD_AURUM"
"7566961000006114","Allergy clinic","","702814002","40","CPRD_AURUM"
"6249591000006116","Nasal test for allergens","","363669008","1","CPRD_AURUM"
"11930531000006113","Allergen specific IgE antibody measurement","","104381000","16","CPRD_AURUM"
"2844041000006114","Allergic skin rash","","21626009","5","CPRD_AURUM"
"5028431000006116","Perennial allergic conjunctivitis","","231856008","87","CPRD_AURUM"
"7628301000006111","Acute severe exacerbation of allergic asthma","","708095007","3","CPRD_AURUM"
"3490451000006118","Allergic vaginitis","","60967006","1","CPRD_AURUM"
"6987251000006111","Skin allergy","","422290000","1","CPRD_AURUM"
"8061451000006116","Allergy to plasters","","201551000000109","869","CPRD_AURUM"
"5317151000006111","Allergy skin test","","252515007","5","CPRD_AURUM"
"5317811000006117","Test for allergens","","252569009","5","CPRD_AURUM"
