"MEDICAL_CODE_ID","DESCRIPTION","READ_CODE","SNOMED_CT_CODE","FREQUENCY","DATABASE"
"1272","Urticaria","M28..00",,"752082","CPRD_GOLD"
"1594","Dermatographic urticaria","M283.00",,"7095","CPRD_GOLD"
"1869","Other specified urticaria","M28y.00",,"5927","CPRD_GOLD"
"6400","Allergic urticaria","M280.00",,"48229","CPRD_GOLD"
"6678","Contact urticaria","M286.00",,"411","CPRD_GOLD"
"7031","O/E - weals present","2F8..00",,"587","CPRD_GOLD"
"7244","Hives","M28z.11",,"12840","CPRD_GOLD"
"7651","Cold urticaria","M282000",,"1690","CPRD_GOLD"
"8948","Idiopathic urticaria","M281.00",,"10042","CPRD_GOLD"
"9041","Cholinergic urticaria","M285.00",,"3099","CPRD_GOLD"
"11883","Nettle rash","M28y.11",,"1907","CPRD_GOLD"
"15138","Urticaria NOS","M28z.00",,"17213","CPRD_GOLD"
"15310","Solar urticaria","M12A200",,"3292","CPRD_GOLD"
"16294","Urticaria due to cold and heat","M282.00",,"548","CPRD_GOLD"
"17710","Heat urticaria","M282111",,"696","CPRD_GOLD"
"20919","Vibratory urticaria","M284.00",,"18","CPRD_GOLD"
"20986","Urticaria geographica","M28y000",,"42","CPRD_GOLD"
"23645","Other specified urticaria NOS","M28yz00",,"501","CPRD_GOLD"
"24845","Physical urticaria","M287.00",,"870","CPRD_GOLD"
"30016","Thermal urticaria","M282100",,"1323","CPRD_GOLD"
"38554","Drug induced urticaria","M280.11",,"274","CPRD_GOLD"
"39255","O/E - weals present","2F82.00",,"108","CPRD_GOLD"
"43163","Factitial urticaria","M283.11",,"37","CPRD_GOLD"
"45386","Urticaria due to cold and heat NOS","M282z00",,"55","CPRD_GOLD"
"49257","[X]Other urticaria","Myu4000",,"168","CPRD_GOLD"
"50380","Urticaria due to serum","SP35400",,"22","CPRD_GOLD"
"50836","Menstrual urticaria","M28y100",,"16","CPRD_GOLD"
"51725","Urticaria persistans","M28y200",,"133","CPRD_GOLD"
"65374","O/E - weals NOS","2F8Z.00",,"31","CPRD_GOLD"
"70628","[X]Urticaria and erythema","Myu4.00",,"60","CPRD_GOLD"
