"MEDICAL_CODE_ID","DESCRIPTION","READ_CODE","SNOMED_CT_CODE","FREQUENCY","DATABASE"
"L50","Urticaria","L50","","0","ICD10"
"L500","Allergic urticaria","L50.0","","0","ICD10"
"L501","Idiopathic urticaria","L50.1","","0","ICD10"
"L502","Urticaria due to cold and heat","L50.2","","0","ICD10"
"L503","Dermatographic urticaria","L50.3","","0","ICD10"
"L504","Vibratory urticaria","L50.4","","0","ICD10"
"L505","Cholinergic urticaria","L50.5","","0","ICD10"
"L506","Contact urticaria","L50.6","","0","ICD10"
"L508","Other urticaria","L50.8","","0","ICD10"
"L509","Urticaria, unspecified","L50.9","","0","ICD10"
"L563","Solar urticaria","L56.3","","0","ICD10"
