"MEDICAL_CODE_ID","DESCRIPTION","READ_CODE","SNOMED_CT_CODE","FREQUENCY","DATABASE"
"13609011","Dermographia","M283.99","7632005","803","CPRD_AURUM"
"18017016","Solar urticaria","M12A200","10347006","11910","CPRD_AURUM"
"63796016","Allergic urticaria","M280.00","40178009","300439","CPRD_AURUM"
"70518019","Idiopathic urticaria","M281.00","42265009","74735","CPRD_AURUM"
"81555016","Urticaria","M28..00","126485001","1430866","CPRD_AURUM"
"309203019","Urticaria geographica","M28y000","201268009","279","CPRD_AURUM"
"502810013","Cold urticaria","M282000","74774004","7568","CPRD_AURUM"
"1808441000006116","Anticipatory OTC medication for hives given","","1808441000006100","1","CPRD_AURUM"
"13608015","Factitial urticaria","M283.11","402410006","200","CPRD_AURUM"
"255815014","O/E - weals NOS","2F8Z.00","164361006","210","CPRD_AURUM"
"309193018","Urticaria due to cold and heat NOS","M282z00","201261003","753","CPRD_AURUM"
"399942012","Other specified urticaria","M28y.00","126485001","5082","CPRD_AURUM"
"399943019","Urticaria NOS","M28z.00","126485001","123795","CPRD_AURUM"
"71051000006113","Urticaria persistans","M28y200","123584008","377","CPRD_AURUM"
"221431000000110","Drug induced urticaria","M280.11","89322006","3934","CPRD_AURUM"
"272521000006113","O/E - weals present","2F8..00","164361006","880","CPRD_AURUM"
"819121000006110","Heat urticaria","M282111","62211002","5968","CPRD_AURUM"
"106893016","Nettle rash","M28y.11","126485001","3070","CPRD_AURUM"
"3715431000006111","Cold-induced angio-oedema-urticaria","","74774004","16","CPRD_AURUM"
"3510701000006115","Urticaria caused by heat","","62211002","0","CPRD_AURUM"
"2621431000006118","Dermatography","","7632005","0","CPRD_AURUM"
"2664581000006113","Sunlight-induced angio-oedema-urticaria","","10347006","2","CPRD_AURUM"
"3688961000006110","Cholinergic angioedema-urticaria","","73098005","0","CPRD_AURUM"
"2621351000006118","Dermatographia","","7632005","0","CPRD_AURUM"
"5244481000006119","Nettle rash","","247472004","61","CPRD_AURUM"
"3165331000006112","Angio-oedema-urticaria","","41291007","52","CPRD_AURUM"
"2621401000006114","Factitial urticaria","","7632005","0","CPRD_AURUM"
"6663491000006110","Non-immunological contact urticaria","","402305008","13","CPRD_AURUM"
"3688951000006113","Cholinergic angio-oedema-urticaria","","73098005","1","CPRD_AURUM"
"4579241000006110","On examination - wheals present","","164361006","0","CPRD_AURUM"
"4872961000006114","Urticaria caused by serum","","213325008","0","CPRD_AURUM"
"2621341000006115","Dermatographic urticaria","","7632005","1051","CPRD_AURUM"
"3165351000006117","Urticaria-angioedema","","41291007","7","CPRD_AURUM"
"5244511000006110","Wheal","","247472004","2","CPRD_AURUM"
"3402991000006116","Papular urticaria","","55608001","3","CPRD_AURUM"
"3951951000006113","Urticaria medicamentosa","","89322006","3","CPRD_AURUM"
"3165321000006114","Urticaria-angio-oedema","","41291007","0","CPRD_AURUM"
"2621421000006116","Urticaria factitia","","7632005","0","CPRD_AURUM"
"2621391000006112","Skin writing","","7632005","0","CPRD_AURUM"
"3165341000006119","Angioedema-urticaria","","41291007","0","CPRD_AURUM"
"12481391000006115","[X]Urticaria and erythema","","462821000000106","27","CPRD_AURUM"
"309204013","Menstrual urticaria","M28y100","201269001","44","CPRD_AURUM"
"13612014","Physical urticaria","M287.00","402601007","6066","CPRD_AURUM"
"4579251000006112","On examination - weals present","","164361006","0","CPRD_AURUM"
"4807621000006119","Urticaria caused by cold and heat","","201261003","0","CPRD_AURUM"
"5244471000006117","Weal","","247472004","850","CPRD_AURUM"
"6665001000006114","Factitious urticaria","","402410006","0","CPRD_AURUM"
"3715451000006116","Urticaria caused by cold","","74774004","0","CPRD_AURUM"
"13601014","Dermatographic urticaria","M283.00","7632005","22288","CPRD_AURUM"
"32639018","Contact urticaria","M286.00","402305008","2827","CPRD_AURUM"
"369546013","Hives","M28z.11","247472004","25426","CPRD_AURUM"
"325222010","Urticaria due to serum","SP35400","213325008","192","CPRD_AURUM"
"309192011","Urticaria due to cold and heat","M282.00","201261003","1123","CPRD_AURUM"
"8071981000006114","Autologous SST for urticaria","","230201000000105","0","CPRD_AURUM"
"3181131000006111","Idiopathic angioedema-urticaria","","42265009","0","CPRD_AURUM"
"2664591000006111","Sunlight-induced angioedema-urticaria","","10347006","0","CPRD_AURUM"
"2621461000006110","Dermatographism","","7632005","3","CPRD_AURUM"
"3951971000006115","Urticaria due to drug allergy","","89322006","1","CPRD_AURUM"
"3715411000006117","Urticaria due to cold","","74774004","23","CPRD_AURUM"
"3715441000006118","Cold-induced angioedema-urticaria","","74774004","0","CPRD_AURUM"
"309206010","Other specified urticaria NOS","M28yz00","126485001","1241","CPRD_AURUM"
"309338015","[X]Other urticaria","Myu4000","126485001","3673","CPRD_AURUM"
"5244491000006116","Urticarial rash","","247472004","140","CPRD_AURUM"
"3181121000006113","Idiopathic angio-oedema-urticaria","","42265009","65","CPRD_AURUM"
"3951981000006117","Allergic urticaria due to drug","","89322006","0","CPRD_AURUM"
"309337013","[X]Urticaria and erythema","Myu4.00","462821000000106","1796","CPRD_AURUM"
"255812012","O/E - weals present","2F82.00","164361006","559","CPRD_AURUM"
"85377012","Vibratory urticaria","M284.00","51247001","277","CPRD_AURUM"
"103389013","Thermal urticaria","M282100","62211002","12583","CPRD_AURUM"
"121407011","Cholinergic urticaria","M285.00","73098005","11358","CPRD_AURUM"
"3510681000006118","Urticaria due to heat","","62211002","40","CPRD_AURUM"
"5244521000006119","Welt","","247472004","0","CPRD_AURUM"
"5903671000006114","Acute idiopathic urticaria","","302161006","5","CPRD_AURUM"
"6664721000006118","Allergic urticaria and/or angioedema","","402392000","1","CPRD_AURUM"
"3960871000006114","Aquagenic urticaria","","89870006","3","CPRD_AURUM"
"5169611000006115","NSAID-induced angio-oedema-urticaria","","241959003","2","CPRD_AURUM"
"5169541000006117","Food-induced angio-oedema-urticaria","","241957001","1","CPRD_AURUM"
"6664571000006111","Idiopathic urticaria and/or angioedema","","402383003","2","CPRD_AURUM"
"3336341000006114","Chronic urticaria","","51611005","34","CPRD_AURUM"
"6633091000006113","Autoimmune progesterone dermatitis/urticaria","","400009001","2","CPRD_AURUM"
"3546001000006113","Urticaria","","64305001","97","CPRD_AURUM"
"6664961000006110","Acute urticaria","","402408009","4","CPRD_AURUM"
"6664981000006117","Recurrent urticaria","","402409001","1","CPRD_AURUM"
"6694071000006117","Angioedema and/or urticaria","","404177007","5","CPRD_AURUM"
"6633111000006116","Autoimmune progesterone urticaria","","400009001","3","CPRD_AURUM"
"3376691000006110","Weal reaction","","54047008","3","CPRD_AURUM"
"5903681000006112","Chronic idiopathic urticaria","","302162004","1243","CPRD_AURUM"
"5848831000006117","Micropapular weal","","298138003","3","CPRD_AURUM"
"4056021000006118","Injection site urticaria","","95394008","4","CPRD_AURUM"
