"MEDICAL_CODE_ID","DESCRIPTION","READ_CODE","SNOMED_CT_CODE","FREQUENCY","DATABASE"
"2F8..00","O/E - weals present","2F8..00",,"531","IMRD"
"2F82.00","O/E - weals present","2F82.00",,"85","IMRD"
"2F8Z.00","O/E - weals NOS","2F8Z.00",,"30","IMRD"
"M12A200","Solar urticaria","M12A200",,"2978","IMRD"
"M28..00","Urticaria","M28..00",,"650543","IMRD"
"M280.00","Allergic urticaria","M280.00",,"46926","IMRD"
"M280.11","Drug induced urticaria","M280.11",,"217","IMRD"
"M281.00","Idiopathic urticaria","M281.00",,"9052","IMRD"
"M282.00","Urticaria due to cold and heat","M282.00",,"514","IMRD"
"M282000","Cold urticaria","M282000",,"1498","IMRD"
"M282100","Thermal urticaria","M282100",,"1232","IMRD"
"M282111","Heat urticaria","M282111",,"648","IMRD"
"M282z00","Urticaria due to cold and heat NOS","M282z00",,"46","IMRD"
"M283.00","Dermatographic urticaria","M283.00",,"6223","IMRD"
"M283.11","Factitial urticaria","M283.11",,"36","IMRD"
"M284.00","Vibratory urticaria","M284.00",,"15","IMRD"
"M285.00","Cholinergic urticaria","M285.00",,"2777","IMRD"
"M286.00","Contact urticaria","M286.00",,"364","IMRD"
"M287.00","Physical urticaria","M287.00",,"836","IMRD"
"M28y.00","Other specified urticaria","M28y.00",,"4021","IMRD"
"M28y.11","Nettle rash","M28y.11",,"1497","IMRD"
"M28y000","Urticaria geographica","M28y000",,"36","IMRD"
"M28y100","Menstrual urticaria","M28y100",,"14","IMRD"
"M28y200","Urticaria persistans","M28y200",,"38","IMRD"
"M28yz00","Other specified urticaria NOS","M28yz00",,"412","IMRD"
"M28z.00","Urticaria NOS","M28z.00",,"16686","IMRD"
"M28z.11","Hives","M28z.11",,"11770","IMRD"
"Myu4.00","[X]Urticaria and erythema","Myu4.00",,"79","IMRD"
"Myu4000","[X]Other urticaria","Myu4000",,"142","IMRD"
"SP35400","Urticaria due to serum","SP35400",,"24","IMRD"
