"MEDICAL_CODE_ID","DESCRIPTION","READ_CODE","SNOMED_CT_CODE","FREQUENCY","DATABASE"
"29042017","Polydipsia","1644.11","17173007","44634","CPRD_AURUM"
"29043010","Excessive thirst","1644.00","17173007","68819","CPRD_AURUM"
"372218010","Thirst symptom","164..11","249475006","41148","CPRD_AURUM"
"27000014","Psychogenic polydipsia","E275700","231511005","2116","CPRD_AURUM"
"317252019","[D]Polydipsia","R035.00","17173007","10840","CPRD_AURUM"
"317253012","[D]Excessive thirst","R035000","17173007","22767","CPRD_AURUM"
"214641000006119","Polydipsia","1645.11","17173007","12977","CPRD_AURUM"
"2772551000006110","Always thirsty","","17173007","43","CPRD_AURUM"
"98510016","Thirst","16P..00","59299002","1725","CPRD_AURUM"
"317254018","[D]Polydipsia NOS","R035z00","17173007","2013","CPRD_AURUM"
"5272211000006118","Increased thirst","","249477003","21","CPRD_AURUM"
"3847101000006110","Primary polydipsia","","82800008","4","CPRD_AURUM"
"2753041000006110","Psychogenic polydipsia","","15945005","3","CPRD_AURUM"
