"MEDICAL_CODE_ID","DESCRIPTION","READ_CODE","SNOMED_CT_CODE","FREQUENCY","DATABASE"
"2822","Polydipsia","1644.11",,"18385","CPRD_GOLD"
"4947","Excessive thirst","1644.00",,"33486","CPRD_GOLD"
"6803","Polydipsia","1645.11",,"25420","CPRD_GOLD"
"7367","[D]Excessive thirst","R035000",,"25601","CPRD_GOLD"
"16682","Thirst symptom","164..11",,"15130","CPRD_GOLD"
"26395","Psychogenic polydipsia","E275700",,"739","CPRD_GOLD"
"29397","[D]Polydipsia","R035.00",,"2267","CPRD_GOLD"
"55961","[D]Polydipsia NOS","R035z00",,"307","CPRD_GOLD"
"102365","Thirst","16P..00",,"2374","CPRD_GOLD"
