"MEDICAL_CODE_ID","DESCRIPTION","READ_CODE","SNOMED_CT_CODE","FREQUENCY","DATABASE"
"164..11","Thirst symptom","164..11",,"13840","IMRD"
"1644.00","Excessive thirst","1644.00",,"26258","IMRD"
"1644.11","Polydipsia","1644.11",,"14275","IMRD"
"1645.11","Polydipsia","1645.11",,"22366","IMRD"
"16P..00","Thirst","16P..00",,"1818","IMRD"
"E275700","Psychogenic polydipsia","E275700",,"645","IMRD"
"R035.00","[D]Polydipsia","R035.00",,"2303","IMRD"
"R035000","[D]Excessive thirst","R035000",,"23556","IMRD"
"R035z00","[D]Polydipsia NOS","R035z00",,"237","IMRD"
