"MEDICAL_CODE_ID","DESCRIPTION","READ_CODE","SNOMED_CT_CODE","FREQUENCY","DATABASE"
"1764361000006118","Haemoptysis present","","1764361000006102","483","CPRD_AURUM"
"317405010","[D]Haemoptysis","R063.00","66857006","242426","CPRD_AURUM"
"317409016","[D]Pulmonary haemorrhage NOS","R063100","78144005","1452","CPRD_AURUM"
"517961000006114","Blood in sputum - haemoptysis","172..00","66857006","114550","CPRD_AURUM"
"3587071000006111","Coughing up blood","","66857006","279","CPRD_AURUM"
"814151000006117","Haemoptysis - symptom","172..12","66857006","124701","CPRD_AURUM"
"317412018","[D]Haemoptysis NOS","R063z00","66857006","12322","CPRD_AURUM"
"2229721000000116","Massive haemoptysis","1720.00","862231000000103","60","CPRD_AURUM"
"11905461000006115","Hemoptysis","","66857006","6","CPRD_AURUM"
"1819541000006114","History of haemoptysis","","1819541000006105","1","CPRD_AURUM"
"1834071000006118","Massive haemoptysis","","1834071000006102","1","CPRD_AURUM"
"317408012","[D]Cough with haemorrhage","R063000","66857006","3891","CPRD_AURUM"
"517971000006119","Blood in sputum - symptom","172..11","66857006","5771","CPRD_AURUM"
