"MEDICAL_CODE_ID","DESCRIPTION","READ_CODE","SNOMED_CT_CODE","FREQUENCY","DATABASE"
"172..00","Blood in sputum - haemoptysis","172..00",,"12862","IMRD"
"172..11","Blood in sputum - symptom","172..11",,"3991","IMRD"
"172..12","Haemoptysis - symptom","172..12",,"95218","IMRD"
"1720.00","Massive haemoptysis","1720.00",,"6","IMRD"
"R063.00","[D]Haemoptysis","R063.00",,"75867","IMRD"
"R063000","[D]Cough with haemorrhage","R063000",,"1198","IMRD"
"R063100","[D]Pulmonary haemorrhage NOS","R063100",,"367","IMRD"
"R063z00","[D]Haemoptysis NOS","R063z00",,"1707","IMRD"
