"MEDICAL_CODE_ID","DESCRIPTION","READ_CODE","SNOMED_CT_CODE","FREQUENCY","DATABASE"
"1610","Haemoptysis - symptom","172..12",,"108579","CPRD_GOLD"
"2244","[D]Haemoptysis","R063.00",,"113151","CPRD_GOLD"
"4135","Blood in sputum - haemoptysis","172..00",,"14306","CPRD_GOLD"
"7285","[D]Pulmonary haemorrhage NOS","R063100",,"422","CPRD_GOLD"
"8239","[D]Cough with haemorrhage","R063000",,"1480","CPRD_GOLD"
"10013","Blood in sputum - symptom","172..11",,"4988","CPRD_GOLD"
"33742","[D]Haemoptysis NOS","R063z00",,"2119","CPRD_GOLD"
"107548","Massive haemoptysis","1720.00",,"8","CPRD_GOLD"
