"MEDICAL_CODE_ID","DESCRIPTION","READ_CODE","SNOMED_CT_CODE","FREQUENCY","DATABASE"
"192","Diarrhoea","19F..11",,"1247639","CPRD_GOLD"
"1695","Loose stools","19F..12",,"123104","CPRD_GOLD"
"2133","Dysenteric diarrhoea","A082000",,"2891","CPRD_GOLD"
"2182","Diarrhoea & vomiting, symptom","19FZ.11",,"328088","CPRD_GOLD"
"3689","Toddlers diarrhoea","19F4.00",,"8381","CPRD_GOLD"
"4343","Diarrhoea","19F2.00",,"202124","CPRD_GOLD"
"4542","Infectious diarrhoea","A082.00",,"6766","CPRD_GOLD"
"5036","Functional diarrhoea","J525.00",,"8202","CPRD_GOLD"
"5090","Diarrhoea of presumed infectious origin","A083.00",,"25575","CPRD_GOLD"
"5134","Diarrhoea symptoms","19F..00",,"1715826","CPRD_GOLD"
"6007","Diarrhoea due to Campylobacter jejuni","A074311",,"2565","CPRD_GOLD"
"6016","Noninfective diarrhoea","J4...13",,"5272","CPRD_GOLD"
"6685","Chronic diarrhoea","J43z.11",,"15677","CPRD_GOLD"
"7644","Diarrhoea and vomiting","19G..00",,"190605","CPRD_GOLD"
"10158","Spurious diarrhoea","E264311",,"794","CPRD_GOLD"
"11155","Travellers' diarrhoea","A082.11",,"17830","CPRD_GOLD"
"13387","Allergic diarrhoea","J432.11",,"285","CPRD_GOLD"
"14665","Diarrhoea & vomiting -? infect","A083.11",,"90569","CPRD_GOLD"
"14695","Diarrhoea symptom NOS","19FZ.00",,"19170","CPRD_GOLD"
"14881","[D] Stools loose","R077100",,"5652","CPRD_GOLD"
"15289","Viral diarrhoea","A076.11",,"10083","CPRD_GOLD"
"15371","Psychogenic diarrhoea","E264300",,"1167","CPRD_GOLD"
"17017","Diarrhoea - presumed non-infectious","J4zz.11",,"1664","CPRD_GOLD"
"17162","Dietetic diarrhoea","J433.11",,"123","CPRD_GOLD"
"18682","Increased frequency of defaecation","19EE.00",,"1928","CPRD_GOLD"
"21294","Spurious (overflow) diarrhoea","19F3.00",,"442","CPRD_GOLD"
"29835","Irritable bowel syndrome with diarrhoea","J521000",,"3999","CPRD_GOLD"
"30321","Presumed noninfectious diarrhoea","J4z..11",,"601","CPRD_GOLD"
"36613","Epidemic diarrhoea","A082100",,"662","CPRD_GOLD"
"38163","Neonatal diarrhoea","Q46y100",,"167","CPRD_GOLD"
"43316","[X]Psychogenic diarrhoea","Eu45317",,"92","CPRD_GOLD"
"48313","Infectious diarrhoea NOS","A082z00",,"3480","CPRD_GOLD"
"52750","[X]Diarrhoea+gastroenteritis of presumed infectious origin","Ayu0H00",,"406","CPRD_GOLD"
"53739","Diarrhoea due to staphylococcus","A074011",,"21","CPRD_GOLD"
"56957","Diarrhoea due to Pseudomonas pyocyanea","A074111",,"1","CPRD_GOLD"
"61519","Diarrhoea due to staphylococcal toxin","A074012",,"8","CPRD_GOLD"
"94288","Adverse reaction to antidiarrhoeal drugs NOS","TJD5z00",,"12","CPRD_GOLD"
"94773","[X] Adverse reaction to antidiarrhoeal drug","U60D611",,"8","CPRD_GOLD"
"98948","[X]Antidiarrhoeal drugs caus adverse effects in therap use","U60D600",,"4","CPRD_GOLD"
"99007","Antidiarrhoeal poisoning","SLD5.00",,"1","CPRD_GOLD"
"99714","Adverse reaction to antidiarrhoeal drugs","TJD5.00",,"4","CPRD_GOLD"
"104518","Antidiarrhoeal poisoning NOS","SLD5z00",,"1","CPRD_GOLD"
"107076","Time since last episode of diarrhoea","19F5.00",,"11","CPRD_GOLD"
