"MEDICAL_CODE_ID","DESCRIPTION","READ_CODE","SNOMED_CT_CODE","FREQUENCY","DATABASE"
"72144015","Diarrhoea of presumed infectious origin","A083.00","43240000","154873","CPRD_AURUM"
"103578017","Diarrhoea","19F2.00","62315008","2276430","CPRD_AURUM"
"201288012","Epidemic diarrhoea","A082100","86615009","820","CPRD_AURUM"
"303172010","Irritable bowel syndrome with diarrhoea","J521000","197125005","58106","CPRD_AURUM"
"365357012","Viral diarrhoea","A076.11","111843007","28125","CPRD_AURUM"
"372283012","Diarrhoea and vomiting","19G..00","249519007","720137","CPRD_AURUM"
"397927015","Diarrhoea symptoms","19F..00","267060006","2458426","CPRD_AURUM"
"402244018","Neonatal diarrhoea","Q46y100","268850004","283","CPRD_AURUM"
"505456018","Dietetic diarrhoea","J433.11","83134002","236","CPRD_AURUM"
"1216633016","Antidiarrhoeal poisoning","SLD5.00","44961008","4","CPRD_AURUM"
"711000033119","Drugs Used For Chronic Diarrhoea","","711000033103","0","CPRD_AURUM"
"19611000033111","Antidiarrhoeal Adsorbent Mixtures","","19611000033107","0","CPRD_AURUM"
"19711000033117","Antidiarrhoeal Drugs Which Reduce Motility","","19711000033101","0","CPRD_AURUM"
"19811000033112","Other Antidiarrhoeal Preparations","","19811000033108","0","CPRD_AURUM"
"854661000006115","Diarrhoea & vomiting","","854661000006104","620","CPRD_AURUM"
"970741000006111","Misuse of anti-diarrhoea/anti-emetic","","970741000006107","2","CPRD_AURUM"
"1010291000006112","Adverse reaction to Antidiarrhoeal Drugs","","1010291000006108","18","CPRD_AURUM"
"1010301000006113","Adverse reaction to Antidiarrhoeal Adsorbent Mixtures","","1010301000006109","4","CPRD_AURUM"
"1010311000006111","Adverse reaction to Antidiarrhoeal Drugs Which Reduce Motility","","1010311000006107","15","CPRD_AURUM"
"1010321000006115","Adverse reaction to Other Antidiarrhoeal Preparations","","1010321000006104","2","CPRD_AURUM"
"1010331000006117","Adverse reaction to Drugs Used For Chronic Diarrhoea","","1010331000006101","50","CPRD_AURUM"
"1103581000006111","Adverse reaction to Diarrest","","1103581000006107","0","CPRD_AURUM"
"1776591000006119","Reason for referral: Diarrhoea and Vomiting","","1776591000006103","9","CPRD_AURUM"
"1984091000006117","Manchester triage - Diarrhoea and vomiting","","1984091000006101","1","CPRD_AURUM"
"2238751000000119","Time since last episode of diarrhoea","19F5.00","866211000000107","804","CPRD_AURUM"
"196858012","Spurious diarrhoea","E264311","162106006","1514","CPRD_AURUM"
"286202010","Infectious diarrhoea NOS","A082z00","19213003","34831","CPRD_AURUM"
"479228018","Infectious diarrhoea","A082.00","19213003","14868","CPRD_AURUM"
"1490285011","[X]Psychogenic diarrhoea","Eu45317","231517009","104","CPRD_AURUM"
"1786047017","Loose stools","19F..12","398032003","593124","CPRD_AURUM"
"86701000006110","Travellers' diarrhoea","A082.11","11840006","68049","CPRD_AURUM"
"131671000006119","Spurious (overflow) diarrhoea","19F3.00","162106006","4670","CPRD_AURUM"
"377011000006119","[X]Diarrhoea+gastroenteritis of presumed infectious origin","Ayu0H00","57419008","6646","CPRD_AURUM"
"619761000006113","Diarrhoea & vomiting -? infect","A083.11","19213003","88623","CPRD_AURUM"
"619781000006115","Diarrhoea - presumed non-infectious","J4zz.11","25374005","6339","CPRD_AURUM"
"662021000006111","Faeces consistency: semi-fluid","4743.00","398032003","834","CPRD_AURUM"
"5272821000006110","D+V - Diarrhoea and vomiting","","249519007","9","CPRD_AURUM"
"4058311000006112","Haemorrhagic diarrhoea","","95545007","0","CPRD_AURUM"
"3512751000006115","Observation of diarrhoea","","62315008","0","CPRD_AURUM"
"6599741000006115","Liquid faeces","","398212009","0","CPRD_AURUM"
"4200421000006114","Viral diarrhea","","111843007","0","CPRD_AURUM"
"4571361000006117","On examination - defaecation reflex - spurious diarrhoea","","163891001","0","CPRD_AURUM"
"6607391000006111","Diarrhea due to staphylococcus","","398570005","0","CPRD_AURUM"
"3512721000006112","Diarrhea","","62315008","30","CPRD_AURUM"
"6607421000006115","Diarrhoea caused by staphylococcus","","398570005","0","CPRD_AURUM"
"4571371000006112","On examination - defecation reflex - spurious diarrhea","","163891001","0","CPRD_AURUM"
"3143071000006119","Infantile diarrhea","","39963006","0","CPRD_AURUM"
"4786241000006112","Irritable bowel syndrome with diarrhea","","197125005","1","CPRD_AURUM"
"6607441000006110","Diarrhea caused by staphylococcus toxin","","398570005","0","CPRD_AURUM"
"3007461000006114","Overflow diarrhoea","","31499008","71","CPRD_AURUM"
"3512761000006118","Observation of diarrhea","","62315008","0","CPRD_AURUM"
"5089171000006111","Chronic diarrhea","","236071009","4","CPRD_AURUM"
"2804861000006113","Infective diarrhea","","19213003","0","CPRD_AURUM"
"4058331000006118","Bloody diarrhea","","95545007","1","CPRD_AURUM"
"5778011000006118","Antidiarrhoeal drug adverse reaction","","292125003","0","CPRD_AURUM"
"3296661000006115","Allergic diarrhea","","49237006","0","CPRD_AURUM"
"6596491000006113","Loose bowel movement","","398032003","3","CPRD_AURUM"
"3143081000006116","Toddler diarrhea","","39963006","1","CPRD_AURUM"
"3852941000006114","Dietetic diarrhea","","83134002","0","CPRD_AURUM"
"6607451000006112","Diarrhoea caused by staphylococcus toxin","","398570005","0","CPRD_AURUM"
"3512741000006117","D - Diarrhea","","62315008","0","CPRD_AURUM"
"3225351000006114","Poisoning caused by antidiarrhoeal drug","","44961008","0","CPRD_AURUM"
"3637801000006110","Presumed non-infectious diarrhea","","69980003","0","CPRD_AURUM"
"6599751000006118","Liquid feces","","398212009","0","CPRD_AURUM"
"3196731000006117","Diarrhea of presumed infectious origin","","43240000","0","CPRD_AURUM"
"3637781000006111","Non-infective diarrhea","","69980003","0","CPRD_AURUM"
"3225341000006112","Antidiarrheal poisoning","","44961008","0","CPRD_AURUM"
"2804821000006119","Infectious diarrheal disease","","19213003","0","CPRD_AURUM"
"3512731000006110","D - Diarrhoea","","62315008","2","CPRD_AURUM"
"3908451000006116","Epidemic diarrhea","","86615009","0","CPRD_AURUM"
"4571331000006114","O/E - defaecation reflex - spurious diarrhoea","","163891001","0","CPRD_AURUM"
"5272831000006113","D&V - Diarrhoea and vomiting","","249519007","84","CPRD_AURUM"
"5571851000006116","Diarrhea and vomiting, symptom","","275297005","1","CPRD_AURUM"
"4058321000006116","Hemorrhagic diarrhea","","95545007","0","CPRD_AURUM"
"12680241000006112","Traveller's diarrhoea","","11840006","0","CPRD_AURUM"
"324367011","Antidiarrhoeal poisoning NOS","SLD5z00","44961008","2","CPRD_AURUM"
"331356017","Adverse reaction to antidiarrhoeal drugs NOS","TJD5z00","292125003","6","CPRD_AURUM"
"351401000006119","[X] Adverse reaction to antidiarrhoeal drug","U60D611","292125003","2","CPRD_AURUM"
"351411000006116","[X] Adverse reaction to antidiarrhoeal drugs NOS","U60D616","292125003","0","CPRD_AURUM"
"363431000006119","[X]Antidiarrhoeal drugs caus adverse effects in therap use","U60D600","292125003","9","CPRD_AURUM"
"12761741000006118","O/E - defaecation reflex - spurious diarrhoea","","163891001","0","CPRD_AURUM"
"1566381000006119","Bloody diarrhoea","","95545007","10283","CPRD_AURUM"
"796791000006115","Functional diarrhoea","J525.00","47812002","26004","CPRD_AURUM"
"401804015","Psychogenic diarrhoea","E264300","268651002","1117","CPRD_AURUM"
"353856013","Chronic diarrhoea","J43z.11","236071009","53819","CPRD_AURUM"
"221051000000112","Noninfective diarrhoea","J4...13","69980003","6761","CPRD_AURUM"
"619741000006114","Diarrhoea","19F..11","62315008","1125767","CPRD_AURUM"
"464851000006116","Adverse reaction to antidiarrhoeal drugs","TJD5.00","292125003","5","CPRD_AURUM"
"3007441000006110","Spurious diarrhea","","31499008","0","CPRD_AURUM"
"6607401000006113","Diarrhoea due to staphylococcus toxin","","398570005","0","CPRD_AURUM"
"2786971000006116","Campylobacter diarrhoea","","18081009","22","CPRD_AURUM"
"4546571000006114","Spurious diarrhea - overflow","","162106006","0","CPRD_AURUM"
"5498121000006114","Diarrhea symptom","","267060006","0","CPRD_AURUM"
"5778021000006114","Antidiarrheal drug adverse reaction","","292125003","0","CPRD_AURUM"
"6596501000006117","Loose feces","","398032003","0","CPRD_AURUM"
"4571351000006119","O/E - defecation reflex - spurious diarrhea","","163891001","0","CPRD_AURUM"
"982731000006112","Diarrhoea/loose stools","","982731000006108","1123","CPRD_AURUM"
"909311000006110","[RFC] Loose stools","","909311000006106","1835","CPRD_AURUM"
"154931000033112","Diarrest","","154931000033108","0","CPRD_AURUM"
"1773224011","Diarrhoea due to staphylococcus","A074011","398570005","19","CPRD_AURUM"
"208361000006117","Presumed noninfectious diarrhoea","J4z..11","69980003","1873","CPRD_AURUM"
"103081000006118","Toddlers diarrhoea","19F4.00","39963006","20528","CPRD_AURUM"
"619821000006114","Diarrhoea due to Pseudomonas pyocyanea","A074111","266078006","1","CPRD_AURUM"
"619831000006112","Diarrhoea due to staphylococcal toxin","A074012","398384001","6","CPRD_AURUM"
"661981000006118","Faeces consistency: fluid","4744.00","398212009","686","CPRD_AURUM"
"3273421000006113","Functional diarrhea","","47812002","0","CPRD_AURUM"
"2688521000006117","Traveler's diarrhea","","11840006","0","CPRD_AURUM"
"5506591000006111","Psychogenic diarrhea","","268651002","0","CPRD_AURUM"
"3225361000006111","Poisoning caused by antidiarrheal drug","","44961008","0","CPRD_AURUM"
"2804851000006111","Infective diarrhoea","","19213003","20","CPRD_AURUM"
"2786981000006118","Campylobacter diarrhea","","18081009","1","CPRD_AURUM"
"5272811000006119","Diarrhea and vomiting","","249519007","45","CPRD_AURUM"
"3225321000006117","Poisoning by antidiarrheal drug","","44961008","0","CPRD_AURUM"
"1937401000006118","Patient advised to take antidiarrhoeal medication","","1937401000006102","6","CPRD_AURUM"
"3007471000006119","Overflow diarrhea","","31499008","1","CPRD_AURUM"
"1851601000006119","Time since last episode of diarrhoea","","1851601000006103","9","CPRD_AURUM"
"1781161000006116","Advice on foreign travel - travellers' diarrhoea","","1781161000006100","0","CPRD_AURUM"
"611000033113","Antidiarrhoeal Drugs","","611000033109","0","CPRD_AURUM"
"198017011","Dysenteric diarrhoea","A082000","46799006","3225","CPRD_AURUM"
"198185014","Allergic diarrhoea","J432.11","49237006","291","CPRD_AURUM"
"397928013","Diarrhoea symptom NOS","19FZ.00","267060006","193801","CPRD_AURUM"
"619771000006118","Diarrhoea & vomiting, symptom","19FZ.11","275297005","791251","CPRD_AURUM"
"619811000006118","Diarrhoea due to Campylobacter jejuni","A074311","18081009","6008","CPRD_AURUM"
"3007451000006112","Spurious diarrhoea","","31499008","3","CPRD_AURUM"
"6596511000006119","Loose faeces","","398032003","0","CPRD_AURUM"
"6599761000006116","Watery stool","","398212009","4","CPRD_AURUM"
"2804831000006116","Infectious diarrhea","","19213003","0","CPRD_AURUM"
"6607411000006111","Diarrhea due to staphylococcus toxin","","398570005","0","CPRD_AURUM"
"6607431000006117","Diarrhea caused by staphylococcus","","398570005","0","CPRD_AURUM"
"5507641000006115","Neonatal diarrhea","","268850004","0","CPRD_AURUM"
"3225311000006113","Poisoning by antidiarrhoeal drug","","44961008","0","CPRD_AURUM"
"3143091000006118","Infantile diarrhoea","","39963006","0","CPRD_AURUM"
"3256581000006116","Dysenteric diarrhea","","46799006","0","CPRD_AURUM"
