"MEDICAL_CODE_ID","DESCRIPTION","READ_CODE","SNOMED_CT_CODE","FREQUENCY","DATABASE"
"19F..00","Diarrhoea symptoms","19F..00",,"1598223","IMRD"
"19F..11","Diarrhoea","19F..11",,"926376","IMRD"
"19F..12","Loose stools","19F..12",,"100590","IMRD"
"19F2.00","Diarrhoea","19F2.00",,"186406","IMRD"
"19F3.00","Spurious (overflow) diarrhoea","19F3.00",,"388","IMRD"
"19F4.00","Toddlers diarrhoea","19F4.00",,"6866","IMRD"
"19F5.00","Time since last episode of diarrhoea","19F5.00",,"18","IMRD"
"19FZ.00","Diarrhoea symptom NOS","19FZ.00",,"18820","IMRD"
"19FZ.11","Diarrhoea & vomiting, symptom","19FZ.11",,"278690","IMRD"
"19G..00","Diarrhoea and vomiting","19G..00",,"181693","IMRD"
"4743.00","Faeces consistency: semi-fluid","4743.00",,"77","IMRD"
"4744.00","Faeces consistency: fluid","4744.00",,"12","IMRD"
"A074011","Diarrhoea due to staphylococcus","A074011",,"25","IMRD"
"A074012","Diarrhoea due to staphylococcal toxin","A074012",,"11","IMRD"
"A074111","Diarrhoea due to Pseudomonas pyocyanea","A074111",,"1","IMRD"
"A074311","Diarrhoea due to Campylobacter jejuni","A074311",,"2268","IMRD"
"A076.11","Viral diarrhoea","A076.11",,"8620","IMRD"
"A082.00","Infectious diarrhoea","A082.00",,"5510","IMRD"
"A082.11","Travellers' diarrhoea","A082.11",,"15751","IMRD"
"A082000","Dysenteric diarrhoea","A082000",,"2109","IMRD"
"A082100","Epidemic diarrhoea","A082100",,"612","IMRD"
"A082z00","Infectious diarrhoea NOS","A082z00",,"3505","IMRD"
"A083.00","Diarrhoea of presumed infectious origin","A083.00",,"22944","IMRD"
"A083.11","Diarrhoea & vomiting -? infect","A083.11",,"67461","IMRD"
"Ayu0H00","[X]Diarrhoea+gastroenteritis of presumed infectious origin","Ayu0H00",,"425","IMRD"
"E264300","Psychogenic diarrhoea","E264300",,"861","IMRD"
"E264311","Spurious diarrhoea","E264311",,"665","IMRD"
"Eu45317","[X]Psychogenic diarrhoea","Eu45317",,"82","IMRD"
"J4...13","Noninfective diarrhoea","J4...13",,"3675","IMRD"
"J432.11","Allergic diarrhoea","J432.11",,"220","IMRD"
"J433.11","Dietetic diarrhoea","J433.11",,"95","IMRD"
"J43z.11","Chronic diarrhoea","J43z.11",,"13552","IMRD"
"J4z..11","Presumed noninfectious diarrhoea","J4z..11",,"444","IMRD"
"J4zz.11","Diarrhoea - presumed non-infectious","J4zz.11",,"1420","IMRD"
"J521000","Irritable bowel syndrome with diarrhoea","J521000",,"3415","IMRD"
"J525.00","Functional diarrhoea","J525.00",,"5739","IMRD"
"Q46y100","Neonatal diarrhoea","Q46y100",,"139","IMRD"
"SLD5.00","Antidiarrhoeal poisoning","SLD5.00",,"3","IMRD"
"SLD5z00","Antidiarrhoeal poisoning NOS","SLD5z00",,"1","IMRD"
"TJD5.00","Adverse reaction to antidiarrhoeal drugs","TJD5.00",,"1","IMRD"
"TJD5z00","Adverse reaction to antidiarrhoeal drugs NOS","TJD5z00",,"7","IMRD"
"U60D600","[X]Antidiarrhoeal drugs caus adverse effects in therap use","U60D600",,"1","IMRD"
"U60D611","[X] Adverse reaction to antidiarrhoeal drug","U60D611",,"4","IMRD"
"U60D616","[X] Adverse reaction to antidiarrhoeal drugs NOS","U60D616",,"0","IMRD"
