"MEDICAL_CODE_ID","DESCRIPTION","READ_CODE","SNOMED_CT_CODE","FREQUENCY","DATABASE"
"2H6..00","O/E - joint stiffness","2H6..00",,"11855","IMRD"
"2H6Z.00","O/E - joint stiffness NOS","2H6Z.00",,"280","IMRD"
"9mM..00","Rheumatoid arthritis monitoring invitation","9mM..00",,"1071","IMRD"
"9mM0.00","Rheumatoid arthritis monitoring invitation first letter","9mM0.00",,"19221","IMRD"
"9mM1.00","Rheumatoid arthritis monitoring invitation second letter","9mM1.00",,"7505","IMRD"
"9mM2.00","Rheumatoid arthritis monitoring invitation third letter","9mM2.00",,"3711","IMRD"
"9mM3.00","Rheumatoid arthritis monitoring verbal invitation","9mM3.00",,"223","IMRD"
"9mM4.00","Rheumatoid arthritis monitoring telephone invitation","9mM4.00",,"1238","IMRD"
"J046011","Stiff temporomandibular joint","J046011",,"43","IMRD"
"N095.00","Joint stiffness NEC","N095.00",,"19140","IMRD"
"N095000","Stiff joint NEC, of unspecified site","N095000",,"35","IMRD"
"N095100","Stiff joint NEC, of the shoulder region","N095100",,"1768","IMRD"
"N095111","Shoulder stiff","N095111",,"19054","IMRD"
"N095200","Stiff joint NEC, of the upper arm","N095200",,"565","IMRD"
"N095211","Elbow stiff","N095211",,"208","IMRD"
"N095300","Stiff joint NEC, of the forearm","N095300",,"139","IMRD"
"N095311","Wrist stiff","N095311",,"12661","IMRD"
"N095400","Stiff joint NEC, of the hand","N095400",,"3007","IMRD"
"N095411","Hand joint stiff","N095411",,"1833","IMRD"
"N095500","Stiff joint NEC, of the pelvic region and thigh","N095500",,"174","IMRD"
"N095511","Hip stiff","N095511",,"2887","IMRD"
"N095600","Stiff joint NEC, of the lower leg","N095600",,"317","IMRD"
"N095611","Knee stiff","N095611",,"5217","IMRD"
"N095700","Stiff joint NEC, of the ankle and foot","N095700",,"111","IMRD"
"N095711","Ankle stiff","N095711",,"1126","IMRD"
"N095800","Stiff joint NEC, of other specified site","N095800",,"67","IMRD"
"N095900","Multiple stiff joints","N095900",,"1564","IMRD"
"N095A00","Stiff shoulder NEC","N095A00",,"208","IMRD"
"N095B00","Stiff sternoclavicular joint NEC","N095B00",,"6","IMRD"
"N095C00","Stiff acromioclavicular joint NEC","N095C00",,"37","IMRD"
"N095D00","Stiff elbow NEC","N095D00",,"44","IMRD"
"N095E00","Stiff distal radio-ulnar joint NEC","N095E00",,"1","IMRD"
"N095F00","Stiff wrist NEC","N095F00",,"142","IMRD"
"N095G00","Stiff MCP joint NEC","N095G00",,"19","IMRD"
"N095H00","Stiff PIP joint of finger NEC","N095H00",,"43","IMRD"
"N095J00","Stiff DIP joint of finger NEC","N095J00",,"27","IMRD"
"N095K00","Stiff hip NEC","N095K00",,"103","IMRD"
"N095L00","Stiff sacro-iliac joint NEC","N095L00",,"50","IMRD"
"N095M00","Stiff knee NEC","N095M00",,"183","IMRD"
"N095N00","Stiff tibio-fibular joint NEC","N095N00",,"0","IMRD"
"N095P00","Stiff ankle NEC","N095P00",,"42","IMRD"
"N095Q00","Stiff subtalar joint NEC","N095Q00",,"5","IMRD"
"N095R00","Stiff talonavicular joint NEC","N095R00",,"1","IMRD"
"N095S00","Stiff other tarsal joint NEC","N095S00",,"1","IMRD"
"N095T00","Stiff 1st MTP joint NEC","N095T00",,"9","IMRD"
"N095U00","Stiff lesser MTP joint NEC","N095U00",,"1","IMRD"
"N095V00","Stiff IP joint of toe NEC","N095V00",,"6","IMRD"
"N095W00","Stiff finger","N095W00",,"4839","IMRD"
"N095z00","Joint stiffness NEC, NOS","N095z00",,"259","IMRD"
"SyuKE13","[X] Stiffness following joint replacement","SyuKE13",,"49","IMRD"
