"MEDICAL_CODE_ID","DESCRIPTION","READ_CODE","SNOMED_CT_CODE","FREQUENCY","DATABASE"
"2499","Ankle stiff","N095711",,"1860","CPRD_GOLD"
"4460","Hip stiff","N095511",,"4659","CPRD_GOLD"
"5031","Shoulder stiff","N095111",,"24999","CPRD_GOLD"
"6500","O/E - joint stiffness","2H6..00",,"12978","CPRD_GOLD"
"6528","Joint stiffness NEC","N095.00",,"21989","CPRD_GOLD"
"9486","Stiff finger","N095W00",,"6355","CPRD_GOLD"
"10749","Stiff joint NEC, of the shoulder region","N095100",,"1968","CPRD_GOLD"
"14933","Stiff joint NEC, of the hand","N095400",,"4197","CPRD_GOLD"
"15060","Knee stiff","N095611",,"6403","CPRD_GOLD"
"15320","Stiff joint NEC, of the upper arm","N095200",,"865","CPRD_GOLD"
"17055","Hand joint stiff","N095411",,"2055","CPRD_GOLD"
"20449","Multiple stiff joints","N095900",,"684","CPRD_GOLD"
"36520","Stiff joint NEC, of the pelvic region and thigh","N095500",,"207","CPRD_GOLD"
"41620","Stiff joint NEC, of the lower leg","N095600",,"412","CPRD_GOLD"
"41960","Stiff joint NEC, of other specified site","N095800",,"49","CPRD_GOLD"
"42413","O/E - joint stiffness NOS","2H6Z.00",,"202","CPRD_GOLD"
"42709","Stiff joint NEC, of the ankle and foot","N095700",,"190","CPRD_GOLD"
"44118","Joint stiffness NEC, NOS","N095z00",,"250","CPRD_GOLD"
"44414","Stiff joint NEC, of unspecified site","N095000",,"38","CPRD_GOLD"
"56269","Stiff joint NEC, of the forearm","N095300",,"210","CPRD_GOLD"
