"MEDICAL_CODE_ID","DESCRIPTION","READ_CODE","SNOMED_CT_CODE","FREQUENCY","DATABASE"
"310880014","Multiple stiff joints","N095900","202510005","14686","CPRD_AURUM"
"890711000006114","Shoulder joint stiffness","N095199","84445001","804","CPRD_AURUM"
"890721000006118","Elbow joint stiffness","N095299","84445001","100","CPRD_AURUM"
"890741000006113","Hand joint stiffness","N095499","84445001","468","CPRD_AURUM"
"890751000006110","Hip joint stiffness","N095599","84445001","183","CPRD_AURUM"
"890771000006117","Ankle/foot joint stiffness","N095799","84445001","160","CPRD_AURUM"
"890791000006116","Multiple joint stiffness","N095999","202510005","461","CPRD_AURUM"
"310856010","Joint stiffness NEC","N095.00","84445001","45099","CPRD_AURUM"
"310879011","Stiff joint NEC, of other specified site","N095800","84445001","294","CPRD_AURUM"
"400253016","Stiff joint NEC, of the upper arm","N095200","84445001","741","CPRD_AURUM"
"400254010","Stiff joint NEC, of the forearm","N095300","84445001","486","CPRD_AURUM"
"400256012","Stiff joint NEC, of the pelvic region and thigh","N095500","249914008","756","CPRD_AURUM"
"400257015","Stiff joint NEC, of the lower leg","N095600","84445001","1660","CPRD_AURUM"
"400258013","Stiff joint NEC, of the ankle and foot","N095700","84445001","938","CPRD_AURUM"
"12722191000006114","Joint stiffness NEC, NOS","","596831000000103","0","CPRD_AURUM"
"12722661000006111","Stiff joint NEC, of other specified site","","626721000000106","0","CPRD_AURUM"
"890801000006115","Joint stiffness NOS","N095z99","596831000000103","110","CPRD_AURUM"
"990491000006116","Hip joint stiffness","N095K99","568021000000108","2","CPRD_AURUM"
"990501000006112","Knee joint stiffness","N095M99","568041000000101","5","CPRD_AURUM"
"3873781000006113","Stiff joint","","84445001","1","CPRD_AURUM"
"890731000006115","Wrist joint stiffness","N095399","84445001","114","CPRD_AURUM"
"890761000006112","Knee joint stiffness","N095699","84445001","379","CPRD_AURUM"
"400252014","Stiff joint NEC, of the shoulder region","N095100","249918006","2517","CPRD_AURUM"
"400255011","Stiff joint NEC, of the hand","N095400","249915009","4826","CPRD_AURUM"
"256038017","O/E - joint stiffness","2H6..00","164550002","17823","CPRD_AURUM"
"256041014","O/E - joint stiffness NOS","2H6Z.00","164550002","2081","CPRD_AURUM"
"310857018","Stiff joint NEC, of unspecified site","N095000","84445001","193","CPRD_AURUM"
"310903012","Joint stiffness NEC, NOS","N095z00","84445001","1261","CPRD_AURUM"
"890781000006119","Other joint stiffness","N095899","626721000000106","56","CPRD_AURUM"
"990481000006119","Shoulder joint stiffness","N095A99","594921000000103","3","CPRD_AURUM"
