"MEDICAL_CODE_ID","DESCRIPTION","READ_CODE","SNOMED_CT_CODE","FREQUENCY","DATABASE"
"M256","Stiffness of joint, not elsewhere classified","M25.6","","0","ICD10"
"M2560","Stiffness of joint, not elsewhere classified","M25.60","","0","ICD10"
"M2561","Stiffness of joint, not elsewhere classified","M25.61","","0","ICD10"
"M2562","Stiffness of joint, not elsewhere classified","M25.62","","0","ICD10"
"M2563","Stiffness of joint, not elsewhere classified","M25.63","","0","ICD10"
"M2564","Stiffness of joint, not elsewhere classified","M25.64","","0","ICD10"
"M2565","Stiffness of joint, not elsewhere classified","M25.65","","0","ICD10"
"M2566","Stiffness of joint, not elsewhere classified","M25.66","","0","ICD10"
"M2567","Stiffness of joint, not elsewhere classified","M25.67","","0","ICD10"
"M2568","Stiffness of joint, not elsewhere classified","M25.68","","0","ICD10"
"M2569","Stiffness of joint, not elsewhere classified","M25.69","","0","ICD10"
