"MEDICAL_CODE_ID","DESCRIPTION","READ_CODE","SNOMED_CT_CODE","FREQUENCY","DATABASE"
"253191016","Sneezing symptoms","1C5..00","162367006","53360","CPRD_AURUM"
"317323015","[D]Sneezing","R04z300","76067001","17852","CPRD_AURUM"
"3737271000006113","Observation of sneezing","","76067001","0","CPRD_AURUM"
"3737281000006111","Finding of sneezing","","76067001","0","CPRD_AURUM"
"3737251000006115","Sneeze","","76067001","0","CPRD_AURUM"
"253194012","Sneezing symptom NOS","1C5Z.00","162367006","4625","CPRD_AURUM"
"503186018","Sneezes","1C52.00","76067001","4015","CPRD_AURUM"
