"MEDICAL_CODE_ID","DESCRIPTION","READ_CODE","SNOMED_CT_CODE","FREQUENCY","DATABASE"
"92","Cough","171..00",,"7208989","CPRD_GOLD"
"292","Chesty cough","1719.00",,"1214977","CPRD_GOLD"
"1025","Bronchial cough","1719.11",,"16543","CPRD_GOLD"
"1160","[D]Cough","R062.00",,"656491","CPRD_GOLD"
"1234","Productive cough NOS","1716.00",,"174189","CPRD_GOLD"
"1273","C/O - cough","171..11",,"5234358","CPRD_GOLD"
"1612","Chronic cough","171A.00",,"32184","CPRD_GOLD"
"3068","Night cough present","1717.00",,"2815923","CPRD_GOLD"
"3628","Persistent cough","171B.00",,"118284","CPRD_GOLD"
"3645","Coughing up phlegm","1716.11",,"20550","CPRD_GOLD"
"4070","Morning cough","171C.00",,"6980","CPRD_GOLD"
"4836","Nocturnal cough / wheeze","173B.00",,"299631","CPRD_GOLD"
"4931","Dry cough","1712.00",,"270017","CPRD_GOLD"
"7706","Productive cough -clear sputum","1713.00",,"92789","CPRD_GOLD"
"7707","Cough symptom NOS","171Z.00",,"33447","CPRD_GOLD"
"7708","Productive cough-yellow sputum","1715.00",,"67212","CPRD_GOLD"
"7773","Productive cough -green sputum","1714.00",,"178893","CPRD_GOLD"
"18907","Cough with fever","171F.00",,"3455","CPRD_GOLD"
"29318","Evening cough","171D.00",,"1363","CPRD_GOLD"
"43795","Unexplained cough","171E.00",,"340","CPRD_GOLD"
"90332","Barking cough","171K.00",,"423","CPRD_GOLD"
"100333","Cough on exercise","171L.00",,"419","CPRD_GOLD"
"104163","[D]Episodic dry cough","R062100",,"1102","CPRD_GOLD"
