"MEDICAL_CODE_ID","DESCRIPTION","READ_CODE","SNOMED_CT_CODE","FREQUENCY","DATABASE"
"20419011","Dry cough","1712.00","11833005","1621694","CPRD_AURUM"
"82824016","Cough","171..00","49727002","13279028","CPRD_AURUM"
"113213012","Chronic cough","171A.00","68154008","150575","CPRD_AURUM"
"216653013","Cough with fever","171F.00","135883003","20797","CPRD_AURUM"
"252351017","Productive cough -clear sputum","1713.00","161923004","438732","CPRD_AURUM"
"252352012","Productive cough -green sputum","1714.00","161924005","1084292","CPRD_AURUM"
"252359015","Chesty cough","1719.00","161929000","4870913","CPRD_AURUM"
"252364016","Evening cough","171D.00","161933007","12709","CPRD_AURUM"
"252406018","Nocturnal cough / wheeze","173B.00","161947006","656356","CPRD_AURUM"
"407081018","C/O - cough","171..11","272039006","3692115","CPRD_AURUM"
"423230012","Persistent cough","171B.00","284523002","710093","CPRD_AURUM"
"961781000006119","Cough","","961781000006103","438","CPRD_AURUM"
"1780331000006117","Daytime cough","","1780331000006101","12663","CPRD_AURUM"
"2168391000000116","[D]Episodic dry cough","R062100","810511000000109","6118","CPRD_AURUM"
"317403015","[D]Cough","R062.00","49727002","1826390","CPRD_AURUM"
"397882011","Productive cough NOS","1716.00","28743005","454531","CPRD_AURUM"
"598431000006113","Coughing up phlegm","1716.11","28743005","127177","CPRD_AURUM"
"2961951000006114","Moist cough","","28743005","0","CPRD_AURUM"
"5533011000006112","Complaining of cough","","272039006","0","CPRD_AURUM"
"2688441000006111","Unproductive cough","","11833005","0","CPRD_AURUM"
"2961941000006112","Loose cough","","28743005","0","CPRD_AURUM"
"3304991000006116","Observation of cough","","49727002","0","CPRD_AURUM"
"459738011","Unexplained cough","171E.00","315246003","3003","CPRD_AURUM"
"252360013","Bronchial cough","1719.11","161929000","17129","CPRD_AURUM"
"252363010","Morning cough","171C.00","161932002","67387","CPRD_AURUM"
"30371011","Barking cough","171K.00","17986004","14560","CPRD_AURUM"
"11823221000006114","Non-productive cough","","11833005","13","CPRD_AURUM"
"8260311000006113","Episodic dry cough","","810511000000109","758","CPRD_AURUM"
"252366019","Cough symptom NOS","171Z.00","272039006","269240","CPRD_AURUM"
"1819551000006111","History of productive cough","","1819551000006107","1","CPRD_AURUM"
"1709331000006110","Cough on exercise","","1709331000006106","241","CPRD_AURUM"
"479311018","Cough on exercise","171L.00","19282004","9089","CPRD_AURUM"
"252353019","Productive cough-yellow sputum","1715.00","161925006","585430","CPRD_AURUM"
"252357018","Night cough present","1717.00","161927003","901099","CPRD_AURUM"
