"MEDICAL_CODE_ID","DESCRIPTION","READ_CODE","SNOMED_CT_CODE","FREQUENCY","DATABASE"
"171..00","Cough","171..00",,"6136651","IMRD"
"171..11","C/O - cough","171..11",,"5066988","IMRD"
"1712.00","Dry cough","1712.00",,"248206","IMRD"
"1713.00","Productive cough -clear sputum","1713.00",,"82897","IMRD"
"1714.00","Productive cough -green sputum","1714.00",,"180784","IMRD"
"1715.00","Productive cough-yellow sputum","1715.00",,"67619","IMRD"
"1716.00","Productive cough NOS","1716.00",,"154153","IMRD"
"1716.11","Coughing up phlegm","1716.11",,"16516","IMRD"
"1717.00","Night cough present","1717.00",,"1381586","IMRD"
"1719.00","Chesty cough","1719.00",,"1022860","IMRD"
"1719.11","Bronchial cough","1719.11",,"4689","IMRD"
"171A.00","Chronic cough","171A.00",,"25518","IMRD"
"171B.00","Persistent cough","171B.00",,"98427","IMRD"
"171C.00","Morning cough","171C.00",,"5670","IMRD"
"171D.00","Evening cough","171D.00",,"1231","IMRD"
"171E.00","Unexplained cough","171E.00",,"353","IMRD"
"171F.00","Cough with fever","171F.00",,"3259","IMRD"
"171K.00","Barking cough","171K.00",,"391","IMRD"
"171L.00","Cough on exercise","171L.00",,"389","IMRD"
"171Z.00","Cough symptom NOS","171Z.00",,"33375","IMRD"
"173B.00","Nocturnal cough / wheeze","173B.00",,"260315","IMRD"
"R062.00","[D]Cough","R062.00",,"606988","IMRD"
"R062100","[D]Episodic dry cough","R062100",,"1261","IMRD"
