"MEDICAL_CODE_ID","DESCRIPTION","READ_CODE","SNOMED_CT_CODE","FREQUENCY","DATABASE"
"69485018","Pain in eye","1B84.11","41652007","87942","CPRD_AURUM"
"298923019","Eye pain NOS","F4Kz100","41652007","160031","CPRD_AURUM"
"3171331000006119","Ocular pain","","41652007","24","CPRD_AURUM"
"816931000006119","Has eye pain","1B84.00","41652007","77719","CPRD_AURUM"
"4943361000006111","Painful blind eye","","225569001","2","CPRD_AURUM"
"3902521000006110","Pain around eye","","86260003","7","CPRD_AURUM"
"5892591000006112","Pain of eye structure","","301353005","5","CPRD_AURUM"
