"MEDICAL_CODE_ID","DESCRIPTION","READ_CODE","SNOMED_CT_CODE","FREQUENCY","DATABASE"
"1763711000006118","Mod. shuttle walk test-objective breathlessness at start of test","","1763711000006102","1","CPRD_AURUM"
"4545441000006113","SOBAR - Shortness of breath at rest","","161941007","613","CPRD_AURUM"
"4545451000006110","Dyspnea at rest","","161941007","0","CPRD_AURUM"
"4545421000006118","Dyspnoea at rest","","161941007","5769","CPRD_AURUM"
"1807841000006119","O/E - dyspnoea at rest","","1807841000006103","168","CPRD_AURUM"
"252387012","Breathless - at rest","1734.00","161941007","60079","CPRD_AURUM"
