"MEDICAL_CODE_ID","DESCRIPTION","READ_CODE","SNOMED_CT_CODE","FREQUENCY","DATABASE"
"1A1..00","Micturition frequency","1A1..00",,"48762","IMRD"
"1A1..11","Frequency of micturition","1A1..11",,"246146","IMRD"
"1A1..12","Polyuria","1A1..12",,"1189","IMRD"
"1A1..13","Urinary frequency","1A1..13",,"445601","IMRD"
"1A12.00","Frequency of micturition","1A12.00",,"36551","IMRD"
"1A13.00","Nocturia","1A13.00",,"231987","IMRD"
"1A1Z.00","Micturition frequency NOS","1A1Z.00",,"2660","IMRD"
"1AC2.00","Polyuria","1AC2.00",,"54868","IMRD"
"R084.00","[D]Micturition frequency and polyuria","R084.00",,"5047","IMRD"
"R084000","[D]Frequency of micturition, unspecified","R084000",,"88297","IMRD"
"R084100","[D]Polyuria","R084100",,"1668","IMRD"
"R084200","[D]Nocturia","R084200",,"10842","IMRD"
"R084z00","[D]Frequency of micturition or polyuria NOS","R084z00",,"1849","IMRD"
