"MEDICAL_CODE_ID","DESCRIPTION","READ_CODE","SNOMED_CT_CODE","FREQUENCY","DATABASE"
"503","[D]Frequency of micturition, unspecified","R084000",,"136566","CPRD_GOLD"
"729","Urinary frequency","1A1..13",,"514865","CPRD_GOLD"
"840","Nocturia","1A13.00",,"268593","CPRD_GOLD"
"4103","Polyuria","1AC2.00",,"64431","CPRD_GOLD"
"4160","Frequency of micturition","1A1..11",,"282057","CPRD_GOLD"
"5579","[D]Nocturia","R084200",,"11909","CPRD_GOLD"
"6724","Micturition frequency","1A1..00",,"45521","CPRD_GOLD"
"16399","[D]Polyuria","R084100",,"1920","CPRD_GOLD"
"22278","Frequency of micturition","1A12.00",,"36990","CPRD_GOLD"
"23662","[D]Micturition frequency and polyuria","R084.00",,"4737","CPRD_GOLD"
"28490","Micturition frequency NOS","1A1Z.00",,"2854","CPRD_GOLD"
"53830","Polyuria","1A1..12",,"1330","CPRD_GOLD"
"63898","[D]Frequency of micturition or polyuria NOS","R084z00",,"2056","CPRD_GOLD"
