"MEDICAL_CODE_ID","DESCRIPTION","READ_CODE","SNOMED_CT_CODE","FREQUENCY","DATABASE"
"47612016","Polyuria","1AC2.00","28442001","149898","CPRD_AURUM"
"1490597011","Frequency of micturition","1A12.00","300471006","369127","CPRD_AURUM"
"981411000006117","Nocturia","","981411000006101","786","CPRD_AURUM"
"11625011","Nocturia","1A13.00","139394000","583490","CPRD_AURUM"
"252783013","Micturition frequency NOS","1A1Z.00","300471006","40272","CPRD_AURUM"
"317532019","[D]Polyuria","R084100","28442001","11121","CPRD_AURUM"
"317533012","[D]Nocturia","R084200","139394000","45702","CPRD_AURUM"
"317534018","[D]Frequency of micturition or polyuria NOS","R084z00","274734008","7035","CPRD_AURUM"
"217691000000114","Micturition frequency","1A1..00","300471006","517333","CPRD_AURUM"
"217701000000114","Urinary frequency","1A1..13","162116003","906105","CPRD_AURUM"
"317529017","[D]Frequency of micturition, unspecified","R084000","162116003","171002","CPRD_AURUM"
"7771791000006116","Increased urine output","","718402002","800","CPRD_AURUM"
"4546681000006111","Urinary frequency","","162116003","1320","CPRD_AURUM"
"5880471000006112","Finding of frequency of urination","","300471006","6966","CPRD_AURUM"
"2956851000006119","Passes too much urine","","28442001","2","CPRD_AURUM"
"11811671000006119","Frequent urination","","162116003","2","CPRD_AURUM"
"12704781000006114","Frequency of micturition","","162116003","0","CPRD_AURUM"
"794711000006117","Frequency of micturition","1A1..11","300471006","224360","CPRD_AURUM"
"317528013","[D]Micturition frequency and polyuria","R084.00","274734008","33350","CPRD_AURUM"
"5880501000006117","FOM - Frequency of micturition","","300471006","0","CPRD_AURUM"
"215531000006114","Polyuria","1A1..12","28442001","29244","CPRD_AURUM"
"4546631000006110","Increased frequency of micturition","","162116003","0","CPRD_AURUM"
"917591000006119","Nocturia","","917591000006103","1258","CPRD_AURUM"
"5880491000006113","Frequency of urination","","300471006","1","CPRD_AURUM"
"6255291000006115","Frequency of urination","","364198000","2350","CPRD_AURUM"
"8063201000006115","Frequency of nocturia","","203211000000106","108","CPRD_AURUM"
"12117101000006116","Nocturnal polyuria","","1098631000000103","6","CPRD_AURUM"
