"MEDICAL_CODE_ID","DESCRIPTION","READ_CODE","SNOMED_CT_CODE","FREQUENCY","DATABASE"
"1BX1.00","Excessive sleep","1BX1.00",,"1918","IMRD"
"E274.11","Hypersomnia of non-organic origin","E274.11",,"18","IMRD"
"E274300","Transient hypersomnia","E274300",,"320","IMRD"
"E274311","Hypersomnia NOS","E274311",,"1283","IMRD"
"E274400","Persistent hypersomnia","E274400",,"243","IMRD"
"Eu51100","[X]Nonorganic hypersomnia","Eu51100",,"15","IMRD"
"R005300","[D]Hypersomnia with sleep apnoea","R005300",,"1931","IMRD"
"R005400","[D]Hypersomnia NOS","R005400",,"678","IMRD"
