"MEDICAL_CODE_ID","DESCRIPTION","READ_CODE","SNOMED_CT_CODE","FREQUENCY","DATABASE"
"295416014","Persistent hypersomnia","E274400","191999000","2176","CPRD_AURUM"
"401806018","Transient hypersomnia","E274300","268653004","1548","CPRD_AURUM"
"1234153012","Excessive sleep","1BX1.00","77692006","15133","CPRD_AURUM"
"1772831000006116","Idiopathic hypersomnia without long sleep time","","442292004","89","CPRD_AURUM"
"345379011","Hypersomnia NOS","E274311","77692006","3620","CPRD_AURUM"
"405691012","[D]Hypersomnia with sleep apnoea","R005300","79280005","4927","CPRD_AURUM"
"3764061000006111","Sleeps too much","","77692006","3","CPRD_AURUM"
"3764071000006116","Excessive sleepiness","","77692006","95","CPRD_AURUM"
"3789311000006111","Hypersomnia with sleep apnea","","79280005","0","CPRD_AURUM"
"5008591000006110","Hypersomnia, nonorganic","","230488004","0","CPRD_AURUM"
"7263971000006116","Idiopathic hypersomnia with long sleep time","","442416002","0","CPRD_AURUM"
"1772801000006112","Hypersomnia","","77692006","221","CPRD_AURUM"
"1772821000006119","Idiopathic hypersomnia associated with long sleep time","","442416002","193","CPRD_AURUM"
"345382018","Hypersomnia of non-organic origin","E274.11","230488004","158","CPRD_AURUM"
"317048011","[D]Hypersomnia NOS","R005400","77692006","7501","CPRD_AURUM"
"3764081000006118","Hypersomnia (excessive sleeping)","","77692006","0","CPRD_AURUM"
"1772811000006110","Primary hypersomnia","","36124002","34","CPRD_AURUM"
"400111000006115","[X]Nonorganic hypersomnia","Eu51100","230488004","27","CPRD_AURUM"
"5008601000006119","Excessive daytime sleepiness - normal night sleep","","230489007","14","CPRD_AURUM"
"5008641000006117","Excess daytime sleepiness with sleep paralysis","","230492006","1","CPRD_AURUM"
"5008611000006116","Excessive day and night-time sleepiness","","230490003","13","CPRD_AURUM"
"5008631000006110","Postviral excessive daytime sleepiness","","230491004","6","CPRD_AURUM"
"7977131000006116","Idiopathic hypersomnia","","3731000119107","2","CPRD_AURUM"
