"MEDICAL_CODE_ID","DESCRIPTION","READ_CODE","SNOMED_CT_CODE","FREQUENCY","DATABASE"
"10982","Hypersomnia NOS","E274311",,"2004","CPRD_GOLD"
"25211","Excessive sleep","1BX1.00",,"4020","CPRD_GOLD"
"25939","Persistent hypersomnia","E274400",,"320","CPRD_GOLD"
"26547","[D]Hypersomnia NOS","R005400",,"805","CPRD_GOLD"
"36301","[D]Hypersomnia with sleep apnoea","R005300",,"2126","CPRD_GOLD"
"36992","Transient hypersomnia","E274300",,"520","CPRD_GOLD"
"41750","[X]Nonorganic hypersomnia","Eu51100",,"26","CPRD_GOLD"
"57487","Hypersomnia of non-organic origin","E274.11",,"25","CPRD_GOLD"
