"MEDICAL_CODE_ID","DESCRIPTION","READ_CODE","SNOMED_CT_CODE","FREQUENCY","DATABASE"
"71017013","Senile pruritus","M18y299","42570001","1773","CPRD_AURUM"
"295364016","Psychogenic pruritus","E263000","191966002","3896","CPRD_AURUM"
"308814019","Pruritus aestivalis","M18y000","201024003","27","CPRD_AURUM"
"308816017","Pruritus hiemalis","M18y100","201025002","90","CPRD_AURUM"
"398005012","C/O: itching","1D15.00","267105001","729210","CPRD_AURUM"
"959901000006116","Pruritus","","959901000006100","810","CPRD_AURUM"
"308794011","Pruritus and related conditions","M18..00","279333002","249787","CPRD_AURUM"
"308813013","Other specified pruritic conditions","M18y.00","279333002","3144","CPRD_AURUM"
"309327015","[X]Other pruritus","Myu2B00","279333002","4851","CPRD_AURUM"
"309329017","[X]Pruritus, unspecified","Myu2D00","418363000","47469","CPRD_AURUM"
"399924019","Other pruritic conditions NOS","M18yz00","279333002","3306","CPRD_AURUM"
"399925018","Pruritus NOS","M18z.00","279333002","439693","CPRD_AURUM"
"2579713018","Itch","M18z.12","279333002","265560","CPRD_AURUM"
"424091000006113","[X]Psychogenic pruritis","Eu45y13","191966002","2809","CPRD_AURUM"
"490521000006117","Aquagenic pruritis","M18yz11","238695001","2012","CPRD_AURUM"
"1140171000000112","Itching of skin lesion","1N04.00","445329008","10328","CPRD_AURUM"
"3543241000006113","Itchy skin eruption","","64144002","5","CPRD_AURUM"
"2807301000006112","Ground itch","","19362000","0","CPRD_AURUM"
"5130441000006118","Pruritus gravidarum","","239102001","0","CPRD_AURUM"
"4744551000006111","Swamp itch","","187115002","0","CPRD_AURUM"
"2807321000006119","Duckhunter's itch","","19362000","0","CPRD_AURUM"
"5125201000006114","Water-induced itching","","238695001","0","CPRD_AURUM"
"5498641000006114","Complaining of itching","","267105001","0","CPRD_AURUM"
"889341000006119","Pruritus - itch - NOS","M18z.99","603331000000106","11546","CPRD_AURUM"
"446685017","O/E - itchy rash","2227.12","304386008","809013","CPRD_AURUM"
"5624731000006113","Pruritus - disorder","","279333002","4","CPRD_AURUM"
"6920121000006115","Itching of skin","","418363000","23304","CPRD_AURUM"
"5624741000006115","Pruritic dermatitis","","279333002","0","CPRD_AURUM"
"7306401000006118","Skin lesion itchy","","445329008","70","CPRD_AURUM"
"71016016","Pruritus senilis","M18y200","42570001","38032","CPRD_AURUM"
"5928651000006118","On examination - itchy rash","","304386008","2","CPRD_AURUM"
"5624751000006118","Pruritic disorder","","279333002","1","CPRD_AURUM"
"2807311000006110","Plumber's itch","","19362000","0","CPRD_AURUM"
"4806271000006117","Pruritus estivalis","","201024003","0","CPRD_AURUM"
"4766331000006113","Pruritus sine materia","","191966002","0","CPRD_AURUM"
"459752013","Itching of pigmented skin lesion","2FT4.00","315256004","1995","CPRD_AURUM"
"12724031000006115","Pruritus NOS","","603331000000106","0","CPRD_AURUM"
"7613151000006113","Uraemic pruritis","","707151000","1","CPRD_AURUM"
"5585371000006113","Generalised pruritus","","276444007","106","CPRD_AURUM"
"7613161000006110","Uremic pruritis","","707151000","1","CPRD_AURUM"
"5126311000006110","Itching purpura","","238781005","9","CPRD_AURUM"
"6918991000006110","Itch","","418290006","2","CPRD_AURUM"
"6918981000006112","Itching","","418290006","6","CPRD_AURUM"
"6919001000006110","Itchy","","418290006","7","CPRD_AURUM"
"5585381000006111","Generalised itching","","276444007","4","CPRD_AURUM"
"5585391000006114","Generalized pruritus","","276444007","1","CPRD_AURUM"
"13484771000006111","Injection site pruritus","","863894003","1","CPRD_AURUM"
