"MEDICAL_CODE_ID","DESCRIPTION","READ_CODE","SNOMED_CT_CODE","FREQUENCY","DATABASE"
"1829","Pruritus NOS","M18z.00",,"318500","CPRD_GOLD"
"1920","Pruritus and related conditions","M18..00",,"91240","CPRD_GOLD"
"2311","Itch","M18z.12",,"230801","CPRD_GOLD"
"4277","O/E - itchy rash","2227.12",,"184358","CPRD_GOLD"
"5784","C/O: itching","1D15.00",,"313666","CPRD_GOLD"
"9474","Aquagenic pruritis","M18yz11",,"418","CPRD_GOLD"
"12134","Pruritus senilis","M18y200",,"12177","CPRD_GOLD"
"15959","Psychogenic pruritus","E263000",,"2205","CPRD_GOLD"
"16679","[X]Psychogenic pruritis","Eu45y13",,"3419","CPRD_GOLD"
"22793","Itching of pigmented skin lesion","2FT4.00",,"398","CPRD_GOLD"
"23442","Pruritus hiemalis","M18y100",,"69","CPRD_GOLD"
"52818","[X]Pruritus, unspecified","Myu2D00",,"1363","CPRD_GOLD"
"52837","[X]Other pruritus","Myu2B00",,"157","CPRD_GOLD"
"98652","Pruritus aestivalis","M18y000",,"2","CPRD_GOLD"
"99843","Itching of skin lesion","1N04.00",,"3364","CPRD_GOLD"
