"MEDICAL_CODE_ID","DESCRIPTION","READ_CODE","SNOMED_CT_CODE","FREQUENCY","DATABASE"
"1D15.00","C/O: itching","1D15.00",,"293238","IMRD"
"1N04.00","Itching of skin lesion","1N04.00",,"3493","IMRD"
"2227.12","O/E - itchy rash","2227.12",,"162237","IMRD"
"2FT4.00","Itching of pigmented skin lesion","2FT4.00",,"361","IMRD"
"E263000","Psychogenic pruritus","E263000",,"1807","IMRD"
"Eu45y13","[X]Psychogenic pruritis","Eu45y13",,"2877","IMRD"
"M18..00","Pruritus and related conditions","M18..00",,"82125","IMRD"
"M18y000","Pruritus aestivalis","M18y000",,"2","IMRD"
"M18y100","Pruritus hiemalis","M18y100",,"59","IMRD"
"M18y200","Pruritus senilis","M18y200",,"10786","IMRD"
"M18yz11","Aquagenic pruritis","M18yz11",,"388","IMRD"
"M18z.00","Pruritus NOS","M18z.00",,"256407","IMRD"
"M18z.12","Itch","M18z.12",,"207893","IMRD"
"Myu2B00","[X]Other pruritus","Myu2B00",,"135","IMRD"
"Myu2D00","[X]Pruritus, unspecified","Myu2D00",,"896","IMRD"
