"MEDICAL_CODE_ID","DESCRIPTION","READ_CODE","SNOMED_CT_CODE","FREQUENCY","DATABASE"
"11505","Seizures in response to acute event","1B27.00",,"1826","CPRD_GOLD"
"13219","No seizures on treatment","667P.00",,"20993","CPRD_GOLD"
"13221","2 to 4 seizures a month","667R.00",,"15566","CPRD_GOLD"
"18899","Daily seizures","667T.00",,"5240","CPRD_GOLD"
"19549","1 to 7 seizures a week","667S.00",,"11413","CPRD_GOLD"
"26618","1 to 12 seizures a year","667Q.00",,"40239","CPRD_GOLD"
"39160","Many seizures a day","667V.00",,"1654","CPRD_GOLD"
"110497","Observations of measures of seizures","667Y.00",,"210","CPRD_GOLD"
