"MEDICAL_CODE_ID","DESCRIPTION","READ_CODE","SNOMED_CT_CODE","FREQUENCY","DATABASE"
"345307014","Seizures in response to acute event","1B27.00","230434009","3541","CPRD_AURUM"
"1227482018","Observations of measures of seizures","667Y.00","313288009","233","CPRD_AURUM"
"2159217011","No seizures on treatment","667P.00","407617005","83286","CPRD_AURUM"
"2159220015","1 to 7 seizures a week","667S.00","407620002","38861","CPRD_AURUM"
"2159221016","Daily seizures","667T.00","407621003","15086","CPRD_AURUM"
"1759441000006117","HoNOS-LD item 13 - seizures","","1759441000006101","1694","CPRD_AURUM"
"317017015","[D]Convulsions","R003.00","91175000","83199","CPRD_AURUM"
"317022015","[D]Other specified convulsion","R003y00","91175000","1473","CPRD_AURUM"
"317023013","[D]Convulsion NOS","R003z00","91175000","41522","CPRD_AURUM"
"318041015","[X]Other and unspecified convulsions","Ryu7100","91175000","878","CPRD_AURUM"
"1222472013","[D]Seizure NOS","R003z11","91175000","345994","CPRD_AURUM"
"295471000006112","[D]Fit (in non epileptic) NOS","R003211","91175000","16648","CPRD_AURUM"
"3379261000006114","Tonic-clonic convulsion","","54200006","3","CPRD_AURUM"
"3981551000006111","Fit - convulsion","","91175000","8","CPRD_AURUM"
"4764671000006110","Dissociative seizures","","191714002","61","CPRD_AURUM"
"6028401000006110","Observations of measures of seizures - finding","","313288009","3","CPRD_AURUM"
"3379251000006112","Tonic-clonic seizures","","54200006","18","CPRD_AURUM"
"3379241000006110","Tonic-clonic seizure","","54200006","3699","CPRD_AURUM"
"2978991000006116","Partial seizures","","29753000","12","CPRD_AURUM"
"1879221000006113","H/O: seizures","","1879221000006109","1","CPRD_AURUM"
"961751000006110","Tremors/seizures","","961751000006106","2637","CPRD_AURUM"
"594691000006119","Convulsion - symptom","1B64.11","91175000","13603","CPRD_AURUM"
"317020011","[D]Fit","R003200","91175000","48188","CPRD_AURUM"
"2159218018","1 to 12 seizures a year","667Q.00","407618000","160051","CPRD_AURUM"
"2159219014","2 to 4 seizures a month","667R.00","407619008","50532","CPRD_AURUM"
"2159222011","Many seizures a day","667V.00","407622005","4425","CPRD_AURUM"
"3101911000006116","Myoclonic seizures","","37356005","2","CPRD_AURUM"
"6028421000006117","Finding of observations of measures of seizures","","313288009","0","CPRD_AURUM"
