"MEDICAL_CODE_ID","DESCRIPTION","READ_CODE","SNOMED_CT_CODE","FREQUENCY","DATABASE"
"1B27.00","Seizures in response to acute event","1B27.00",,"1693","IMRD"
"667P.00","No seizures on treatment","667P.00",,"11628","IMRD"
"667Q.00","1 to 12 seizures a year","667Q.00",,"24272","IMRD"
"667R.00","2 to 4 seizures a month","667R.00",,"8941","IMRD"
"667S.00","1 to 7 seizures a week","667S.00",,"6486","IMRD"
"667T.00","Daily seizures","667T.00",,"2897","IMRD"
"667V.00","Many seizures a day","667V.00",,"999","IMRD"
"667Y.00","Observations of measures of seizures","667Y.00",,"141","IMRD"
