"MEDICAL_CODE_ID","DESCRIPTION","READ_CODE","SNOMED_CT_CODE","FREQUENCY","DATABASE"
"173","Wheezing","1737.00",,"477497","CPRD_GOLD"
"2210","[D]Wheezing","R060900",,"63395","CPRD_GOLD"
"2891","Wheezing symptom","1737.11",,"302184","CPRD_GOLD"
"4626","O/E - rhonchi present","23D2.00",,"41131","CPRD_GOLD"
"4836","Nocturnal cough / wheeze","173B.00",,"299631","CPRD_GOLD"
"5861","O/E - expiratory wheeze","2326.00",,"102770","CPRD_GOLD"
"16957","O/E - rhonchi","23D2.12",,"19553","CPRD_GOLD"
"21506","O/E - breath sounds abnormal","23B6.00",,"3639","CPRD_GOLD"
"36426","[D]Rales","R067200",,"2042","CPRD_GOLD"
"100954","[D]Mild wheeze","R060E00",,"11532","CPRD_GOLD"
"101037","[D]Moderate wheeze","R060F00",,"6922","CPRD_GOLD"
"101073","[D]Severe wheeze","R060G00",,"998","CPRD_GOLD"
"101421","[D]Very severe wheeze","R060H00",,"76","CPRD_GOLD"
"102480","On examination - inspiratory wheeze","232H.00",,"921","CPRD_GOLD"
"107182","Constant wheezing","1737000",,"39","CPRD_GOLD"
"109042","Wheezing in absence of colds","1737100",,"71","CPRD_GOLD"
