"MEDICAL_CODE_ID","DESCRIPTION","READ_CODE","SNOMED_CT_CODE","FREQUENCY","DATABASE"
"1737.00","Wheezing","1737.00",,"384920","IMRD"
"1737.11","Wheezing symptom","1737.11",,"263041","IMRD"
"1737000","Constant wheezing","1737000",,"32","IMRD"
"1737100","Wheezing in absence of colds","1737100",,"74","IMRD"
"173B.00","Nocturnal cough / wheeze","173B.00",,"260315","IMRD"
"2326.00","O/E - expiratory wheeze","2326.00",,"99571","IMRD"
"232H.00","On examination - inspiratory wheeze","232H.00",,"606","IMRD"
"23B6.00","O/E - breath sounds abnormal","23B6.00",,"4474","IMRD"
"23D2.00","O/E - rhonchi present","23D2.00",,"44739","IMRD"
"23D2.12","O/E - rhonchi","23D2.12",,"13270","IMRD"
"R060900","[D]Wheezing","R060900",,"53809","IMRD"
"R060E00","[D]Mild wheeze","R060E00",,"10399","IMRD"
"R060F00","[D]Moderate wheeze","R060F00",,"6427","IMRD"
"R060G00","[D]Severe wheeze","R060G00",,"940","IMRD"
"R060H00","[D]Very severe wheeze","R060H00",,"79","IMRD"
"R067200","[D]Rales","R067200",,"2292","IMRD"
