"MEDICAL_CODE_ID","DESCRIPTION","READ_CODE","SNOMED_CT_CODE","FREQUENCY","DATABASE"
"93172014","Wheezing","1737.00","56018004","1193201","CPRD_AURUM"
"252406018","Nocturnal cough / wheeze","173B.00","161947006","656356","CPRD_AURUM"
"253894014","O/E - expiratory wheeze","2326.00","162894004","381972","CPRD_AURUM"
"402458018","O/E - rhonchi","23D2.12","268929007","16791","CPRD_AURUM"
"407082013","Wheezing symptom","1737.11","272040008","389745","CPRD_AURUM"
"456095019","O/E - breath sounds abnormal","23B6.00","312392005","35681","CPRD_AURUM"
"961841000006118","Abnormal breath sounds","","961841000006102","61","CPRD_AURUM"
"1667631000000111","[D]Moderate wheeze","R060F00","755591000000104","17956","CPRD_AURUM"
"1667641000000119","[D]Severe wheeze","R060G00","755601000000105","2553","CPRD_AURUM"
"1667651000000116","[D]Very severe wheeze","R060H00","755611000000107","225","CPRD_AURUM"
"1706101000000118","On examination - inspiratory wheeze","232H.00","704114003","3880","CPRD_AURUM"
"2241471000000111","Constant wheezing","1737000","867311000000104","1925","CPRD_AURUM"
"2010941000006110","OH respiratory questionnaire: sleep ever broken by wheeze - Yes","","2010941000006106","0","CPRD_AURUM"
"2010841000006117","OH respiratory questionnaire: wheeze when run fast - Yes","","2010841000006101","0","CPRD_AURUM"
"2011041000006115","OH respiratory questionnaire: wheeze ever when in very dusty place - Yes","","2011041000006104","0","CPRD_AURUM"
"317393013","[D]Wheezing","R060900","56018004","152412","CPRD_AURUM"
"4554151000006117","On examination - expiratory wheeze","","162894004","0","CPRD_AURUM"
"5508231000006110","On examination - rhonchi present","","268929007","0","CPRD_AURUM"
"3410151000006114","Wheezy","","56018004","260","CPRD_AURUM"
"3410121000006117","Asthmatic breath sounds","","56018004","0","CPRD_AURUM"
"8232711000006115","Mild wheeze","","755581000000101","7699","CPRD_AURUM"
"8232751000006119","Severe wheeze","","755601000000105","209","CPRD_AURUM"
"8232771000006112","Very severe wheeze","","755611000000107","24","CPRD_AURUM"
"6015731000006113","On examination - breath sounds abnormal","","312392005","0","CPRD_AURUM"
"8232731000006114","Moderate wheeze","","755591000000104","1819","CPRD_AURUM"
"3410141000006112","Wheeze","","56018004","60","CPRD_AURUM"
"317448016","[D]Rales","R067200","48409008","4055","CPRD_AURUM"
"2010901000006113","OH respiratory questionnaire: wheeze when climb stairs fast - Yes","","2010901000006109","0","CPRD_AURUM"
"2011021000006110","OH respiratory questionnaire: wheeze ever when in smoky room - Yes","","2011021000006106","0","CPRD_AURUM"
"2010981000006116","OH respiratory questionnaire: wake up ever with wheeze - Yes","","2010981000006100","0","CPRD_AURUM"
"2374691000000117","Wheezing in absence of colds","1737100","926181000000107","256","CPRD_AURUM"
"3410131000006119","Asthmatic breathing","","56018004","0","CPRD_AURUM"
"3283191000006114","Rales","","48409008","0","CPRD_AURUM"
"7586621000006111","O/E - inspiratory wheeze","","704114003","24","CPRD_AURUM"
"1834141000006113","Constant wheeze","","1834141000006109","7","CPRD_AURUM"
"1667621000000114","[D]Mild wheeze","R060E00","755581000000101","45062","CPRD_AURUM"
"402457011","O/E - rhonchi present","23D2.00","268929007","175716","CPRD_AURUM"
"3008581000006118","Inspiratory wheezing","","31572008","39","CPRD_AURUM"
"5891311000006117","Abnormal breath sounds","","301273002","34","CPRD_AURUM"
"2655531000006117","Expiratory wheezing","","9763007","79","CPRD_AURUM"
"5259361000006117","Whistling respiration","","248579008","1","CPRD_AURUM"
"3368171000006114","Low-pitched rhonchi","","53541006","2","CPRD_AURUM"
"2892871000006111","Wheeze - rhonchi","","24612001","326","CPRD_AURUM"
"2655541000006110","Expiratory wheeze","","9763007","308","CPRD_AURUM"
"5897201000006117","Expiratory polyphonic wheeze","","301703002","9","CPRD_AURUM"
"8437071000006113","Wheeze clinical management plan","","1064411000000100","11","CPRD_AURUM"
