"MEDICAL_CODE_ID","DESCRIPTION","READ_CODE","SNOMED_CT_CODE","FREQUENCY","DATABASE"
"1634018","Occipital headache","1BA6.00","330007","83048","CPRD_AURUM"
"7595017","Migraine with aura","F260.11","4473006","52690","CPRD_AURUM"
"9300010","Sinus headache","1BA9.00","4969004","9119","CPRD_AURUM"
"41990019","Headache","1B1G.00","25064002","5426650","CPRD_AURUM"
"41994011","Cephalgia","1B1G.12","25064002","2841","CPRD_AURUM"
"69073019","Temporal headache","1BA8.00","41413006","50687","CPRD_AURUM"
"82623012","Ophthalmoplegic migraine","F26y100","49605003","2277","CPRD_AURUM"
"93294013","Migraine without aura","F261.11","56097005","16033","CPRD_AURUM"
"93295014","Common migraine","F261.00","56097005","52989","CPRD_AURUM"
"93296010","Atypical migraine","F261000","56097005","21966","CPRD_AURUM"
"98501012","Hemiplegic migraine","F26y000","59292006","42724","CPRD_AURUM"
"158459012","Chronic paroxysmal hemicrania","F262700","95654002","2094","CPRD_AURUM"
"158460019","Ophthalmic migraine","F262400","95655001","26306","CPRD_AURUM"
"166489012","Unilateral headache","1BA3.00","103006007","40972","CPRD_AURUM"
"251645017","H/O: migraine","1474.00","161481007","319116","CPRD_AURUM"
"252948015","Viral headache","1B1G100","162211001","19335","CPRD_AURUM"
"253117018","Headache character","1BB..00","162306000","9454","CPRD_AURUM"
"253119015","Throbbing headache","1BB2.00","162308004","13225","CPRD_AURUM"
"253120014","Shooting headache","1BB3.00","162309007","2277","CPRD_AURUM"
"253121013","Morning headache","1BB4.00","162310002","1626","CPRD_AURUM"
"397993014","Frontal headache","1BA5.00","267096005","253849","CPRD_AURUM"
"1777688018","Muscular headache","E278111","398126006","19393","CPRD_AURUM"
"1786078018","Tension headache","E278100","398057008","776333","CPRD_AURUM"
"2159945013","Migraine prophylaxis","8B6N.00","408381007","16185","CPRD_AURUM"
"2674612015","History of headache","147E.00","425978000","44065","CPRD_AURUM"
"2838283014","Paroxysmal hemicrania","F262D00","443094001","1923","CPRD_AURUM"
"33411000033118","Drugs Used In Prophylaxis Of Migraine","","33411000033102","0","CPRD_AURUM"
"1708841000006115","Chronic headache disorder","","1708841000006104","41","CPRD_AURUM"
"1763401000006114","H/O: migraine with aura","","1763401000006105","7","CPRD_AURUM"
"1763411000006112","H/O: migraine without aura","","1763411000006108","10418","CPRD_AURUM"
"2900351000006119","HA - Headache","","25064002","0","CPRD_AURUM"
"1977851000006118","Unexplained recurrent headaches","","1977851000006102","2","CPRD_AURUM"
"2570161000006115","Classical migraine","","4473006","167","CPRD_AURUM"
"7596016","Classical migraine","F260.00","230462002","299612","CPRD_AURUM"
"297338014","Cluster headache","F262000","193031009","162652","CPRD_AURUM"
"297355013","Other forms of migraine NOS","F26yz00","37796009","2656","CPRD_AURUM"
"299338017","[X]Other migraine","Fyu5300","37796009","3392","CPRD_AURUM"
"317264010","[D]Headache","R040.00","25064002","909757","CPRD_AURUM"
"142901000006114","Sinus headache","1B1G000","4969004","57505","CPRD_AURUM"
"359201000006116","[X]Tension type headache","F262600","398057008","65023","CPRD_AURUM"
"1628961000006113","DNA headache special interest general practitioner clinic","9NiB.00","307081000000106","61","CPRD_AURUM"
"1629041000006115","Seen by general practitioner with special interest headache","9Nl7.00","307111000000103","4175","CPRD_AURUM"
"1701881000006118","Diag endos exam uret and biop les uret us rigid ureteroscope","7B1BA00","378361000000106","247","CPRD_AURUM"
"1716421000006114","[X]Chronic headache disorder","Fyu5E00","431237007","18510","CPRD_AURUM"
"1747081000000119","H/O migraine with aura","1474000","608837004","26431","CPRD_AURUM"
"253123011","Headache character NOS","1BBZ.00","364760007","4415","CPRD_AURUM"
"2900321000006111","Cephalalgia","","25064002","1","CPRD_AURUM"
"4060381000006114","Ocular migraine","","95655001","24","CPRD_AURUM"
"3856501000006116","Vertebrobasilar migraine","","83351003","13","CPRD_AURUM"
"3733831000006117","Decapitated migraine","","75879005","0","CPRD_AURUM"
"4769931000006117","Complex migraine","","193039006","3","CPRD_AURUM"
"5008341000006110","Status migrainus","","230467008","0","CPRD_AURUM"
"6262001000006118","Headache character - finding","","364760007","18","CPRD_AURUM"
"4084171000006118","One sided headache","","103006007","13","CPRD_AURUM"
"4540161000006114","History of migraine","","161481007","1","CPRD_AURUM"
"2900311000006115","Head pain","","25064002","32","CPRD_AURUM"
"4769891000006114","Neuralgic migraine","","193031009","18","CPRD_AURUM"
"6598301000006111","Muscle contraction headache","","398126006","0","CPRD_AURUM"
"4769831000006110","Cluster headache","","193031009","847","CPRD_AURUM"
"3856481000006114","Basilar artery migraine","","83351003","0","CPRD_AURUM"
"4547661000006115","Generalized headache","","162299003","0","CPRD_AURUM"
"12717691000006111","[D]Headache","","497101000000107","0","CPRD_AURUM"
"12719301000006116","[D]Pain in head NOS","","429051000000106","0","CPRD_AURUM"
"894711000006115","Headache symptom NOS [D]","R040z99","429051000000106","2534","CPRD_AURUM"
"2298831000000110","Removal of weight from upper eyelid","721BA00","892861000000106","17","CPRD_AURUM"
"1743431000006111","Chronic Paroxysmal Hemicrania","","1743431000006107","129","CPRD_AURUM"
"1756651000000117","Frequent episodic tension-type headache","F262A00","722982003","565","CPRD_AURUM"
"297335012","Sick headache","F261100","193028008","5092","CPRD_AURUM"
"297337016","Migraine variants","F262.00","193030005","8562","CPRD_AURUM"
"253104016","No headache","1BA1.00","162298006","165902","CPRD_AURUM"
"253105015","Generalised headache","1BA2.00","162299003","21479","CPRD_AURUM"
"297351016","Migraine variant NOS","F262z00","193030005","5746","CPRD_AURUM"
"297356014","Migraine NOS","F26z.00","37796009","231503","CPRD_AURUM"
"700211000006115","Moebius' ophthalmoplegic migraine","F26y111","49605003","13","CPRD_AURUM"
"5008501000006115","Headache following myelography","","230480006","2","CPRD_AURUM"
"2900341000006116","Cephalodynia","","25064002","0","CPRD_AURUM"
"253116010","Headache site NOS","1BAZ.00","162297001","3856","CPRD_AURUM"
"33211000033119","Antimigraine Drugs","","33211000033103","0","CPRD_AURUM"
"33311000033114","Drugs Used In Treatment Of Acute Migraine Attacks","","33311000033105","0","CPRD_AURUM"
"345355014","Status migrainosus","F26y200","230467008","1079","CPRD_AURUM"
"253109014","Bilateral headache","1BA4.00","162301005","4468","CPRD_AURUM"
"253115014","Parietal headache","1BA7.00","162304002","6248","CPRD_AURUM"
"253118011","Aching headache","1BB1.00","162307009","15205","CPRD_AURUM"
"138248010","Basilar migraine","F262300","83351003","7400","CPRD_AURUM"
"931891000006117","Headache disorder","R040.99","497101000000107","284","CPRD_AURUM"
"7271981000006114","Paroxysmal hemicrania (headache one side of head)","","443094001","0","CPRD_AURUM"
"5532801000006112","Complaining of a headache","","272027003","0","CPRD_AURUM"
"297336013","Common migraine NOS","F261z00","56097005","6294","CPRD_AURUM"
"297352011","Other forms of migraine","F26y.00","37796009","5770","CPRD_AURUM"
"2839331010","Hemicrania continua","","443095000","1221","CPRD_AURUM"
"1754211000000113","Infrequent episodic tension-type headache","F262900","722981005","137","CPRD_AURUM"
"547601000000118","Referral to headache special interest general practitioner","8H4c.00","307051000000100","13653","CPRD_AURUM"
"407069017","C/O - a headache","1B1G.11","272027003","1014231","CPRD_AURUM"
"345361012","Chronic tension-type headache","F262B00","230471006","8972","CPRD_AURUM"
"297354012","Complicated migraine","F26y300","193039006","10352","CPRD_AURUM"
"253103010","Headache site","1BA..00","162297001","14361","CPRD_AURUM"
"63055014","Migraine","F26..00","37796009","4071400","CPRD_AURUM"
"406060011","[D]Pain in head NOS","R040z00","25064002","112937","CPRD_AURUM"
"235151000006117","Periodic migrainous neuralgia","F262500","193031009","11613","CPRD_AURUM"
"3856491000006112","Bickerstaff's migraine","","83351003","0","CPRD_AURUM"
"291992012","[M]Aleukaemic leukaemia NOS","BBr0400","128931003","2","CPRD_AURUM"
"7567521000006111","Headache clinic","","702864009","1","CPRD_AURUM"
"5008371000006119","Episodic tension-type headache","","230470007","41","CPRD_AURUM"
"4060451000006113","Thunderclap headache","","95660002","3","CPRD_AURUM"
"3789081000006119","Retinal migraine","","79267007","12","CPRD_AURUM"
"5008401000006116","Chronic cluster headache","","230473009","24","CPRD_AURUM"
"5008421000006114","Chronic cluster headache evolved from episodic cluster headache","","230475002","1","CPRD_AURUM"
"5008431000006112","Atypical cluster headache","","230476001","8","CPRD_AURUM"
"7965981000006118","Daily headache","","571000119103","18","CPRD_AURUM"
"7306291000006114","Migraine variant with headache","","445322004","1","CPRD_AURUM"
"5008461000006115","Low pressure headache","","230478000","9","CPRD_AURUM"
"7520391000006114","Migraine with persistent visual aura","","699314009","5","CPRD_AURUM"
"3582261000006110","Stress headache","","66551002","1","CPRD_AURUM"
"7695961000006110","Intermittent headache","","712826000","3","CPRD_AURUM"
"5008411000006118","Chronic cluster headache unremitting from onset","","230474003","2","CPRD_AURUM"
"5008291000006112","Migraine aura without headache","","230465000","21","CPRD_AURUM"
"5034251000006117","Migrainous vertigo","","232284007","52","CPRD_AURUM"
"5008351000006112","Migraine with ischaemic complication","","230468003","2","CPRD_AURUM"
"12345321000006119","Chronic migraine","","427419006","49","CPRD_AURUM"
"5034261000006115","Vestibular migraine","","232284007","34","CPRD_AURUM"
"3636895011","Chronic primary headache","","762592003","5","CPRD_AURUM"
"8080041000006115","Increased frequency of headaches","","248661000000105","299","CPRD_AURUM"
"3515757012","Acute headache","","735938006","5","CPRD_AURUM"
"5008391000006118","Episodic cluster headache","","230472004","44","CPRD_AURUM"
"5008311000006111","Acephalgic migraine","","230465000","1","CPRD_AURUM"
"3196761000006114","Rebound headache","","43242008","1","CPRD_AURUM"
"8038351000006110","Hypnic headache","","122711000119109","2","CPRD_AURUM"
"7073611000006119","Transformed migraine","","427419006","1","CPRD_AURUM"
"5008521000006113","Idiopathic stabbing headache","","230481005","11","CPRD_AURUM"
"5008531000006111","Ice-pick headache","","230481005","6","CPRD_AURUM"
"8038031000006118","New daily persistent headache","","121021000119105","1","CPRD_AURUM"
