"MEDICAL_CODE_ID","DESCRIPTION","READ_CODE","SNOMED_CT_CODE","FREQUENCY","DATABASE"
"G43","Migraine","G43","","0","ICD10"
"G430","Migraine without aura [common migraine]","G43.0","","0","ICD10"
"G431","Migraine with aura [classical migraine]","G43.1","","0","ICD10"
"G432","Status migrainosus","G43.2","","0","ICD10"
"G433","Complicated migraine","G43.3","","0","ICD10"
"G438","Other migraine","G43.8","","0","ICD10"
"G439","Migraine, unspecified","G43.9","","0","ICD10"
"G440","Cluster headache syndrome","G44.0","","0","ICD10"
"G442","Tension-type headache","G44.2","","0","ICD10"
"R51X","Headache","R51","","0","ICD10"
