"MEDICAL_CODE_ID","DESCRIPTION","READ_CODE","SNOMED_CT_CODE","FREQUENCY","DATABASE"
"1474.00","H/O: migraine","1474.00",,"67777","IMRD"
"1474000","H/O migraine with aura","1474000",,"2038","IMRD"
"147E.00","History of headache","147E.00",,"40463","IMRD"
"1B1G.00","Headache","1B1G.00",,"1724040","IMRD"
"1B1G.11","C/O - a headache","1B1G.11",,"1137823","IMRD"
"1B1G.12","Cephalgia","1B1G.12",,"900","IMRD"
"1B1G000","Sinus headache","1B1G000",,"13332","IMRD"
"1B1G100","Viral headache","1B1G100",,"6060","IMRD"
"1BA..00","Headache site","1BA..00",,"5095","IMRD"
"1BA2.00","Generalised headache","1BA2.00",,"5764","IMRD"
"1BA3.00","Unilateral headache","1BA3.00",,"5022","IMRD"
"1BA4.00","Bilateral headache","1BA4.00",,"815","IMRD"
"1BA5.00","Frontal headache","1BA5.00",,"52922","IMRD"
"1BA6.00","Occipital headache","1BA6.00",,"21711","IMRD"
"1BA7.00","Parietal headache","1BA7.00",,"1558","IMRD"
"1BA8.00","Temporal headache","1BA8.00",,"12251","IMRD"
"1BA9.00","Sinus headache","1BA9.00",,"7206","IMRD"
"1BAZ.00","Headache site NOS","1BAZ.00",,"572","IMRD"
"1BB..00","Headache character","1BB..00",,"3966","IMRD"
"1BB1.00","Aching headache","1BB1.00",,"2584","IMRD"
"1BB2.00","Throbbing headache","1BB2.00",,"2690","IMRD"
"1BB3.00","Shooting headache","1BB3.00",,"339","IMRD"
"1BB4.00","Morning headache","1BB4.00",,"439","IMRD"
"1BBZ.00","Headache character NOS","1BBZ.00",,"612","IMRD"
"8B6N.00","Migraine prophylaxis","8B6N.00",,"15191","IMRD"
"8H4c.00","Referral to headache special interest general practitioner","8H4c.00",,"1709","IMRD"
"9NiB.00","DNA headache special interest general practitioner clinic","9NiB.00",,"36","IMRD"
"9Nl7.00","Seen by general practitioner with special interest headache","9Nl7.00",,"318","IMRD"
"E278100","Tension headache","E278100",,"234050","IMRD"
"E278111","Muscular headache","E278111",,"1461","IMRD"
"F26..00","Migraine","F26..00",,"1303605","IMRD"
"F260.00","Classical migraine","F260.00",,"27080","IMRD"
"F260.11","Migraine with aura","F260.11",,"3176","IMRD"
"F261.00","Common migraine","F261.00",,"8078","IMRD"
"F261.11","Migraine without aura","F261.11",,"493","IMRD"
"F261000","Atypical migraine","F261000",,"2739","IMRD"
"F261100","Sick headache","F261100",,"2265","IMRD"
"F261z00","Common migraine NOS","F261z00",,"3863","IMRD"
"F262.00","Migraine variants","F262.00",,"1059","IMRD"
"F262000","Cluster headache","F262000",,"56024","IMRD"
"F262300","Basilar migraine","F262300",,"1448","IMRD"
"F262400","Ophthalmic migraine","F262400",,"2683","IMRD"
"F262500","Periodic migrainous neuralgia","F262500",,"6362","IMRD"
"F262600","[X] Tension type headache","F262600",,"12563","IMRD"
"F262700","Chronic paroxysmal hemicrania","F262700",,"367","IMRD"
"F262900","Infrequent episodic tension-type headache","F262900",,"42","IMRD"
"F262A00","Frequent episodic tension-type headache","F262A00",,"205","IMRD"
"F262B00","Chronic tension-type headache","F262B00",,"2116","IMRD"
"F262D00","Paroxysmal hemicrania","F262D00",,"238","IMRD"
"F262z00","Migraine variant NOS","F262z00",,"909","IMRD"
"F26y.00","Other forms of migraine","F26y.00",,"699","IMRD"
"F26y000","Hemiplegic migraine","F26y000",,"7747","IMRD"
"F26y100","Ophthalmoplegic migraine","F26y100",,"1388","IMRD"
"F26y111","Moebius' ophthalmoplegic migraine","F26y111",,"7","IMRD"
"F26y200","Status migrainosus","F26y200",,"315","IMRD"
"F26y300","Complicated migraine","F26y300",,"843","IMRD"
"F26yz00","Other forms of migraine NOS","F26yz00",,"1294","IMRD"
"F26z.00","Migraine NOS","F26z.00",,"34015","IMRD"
"Fyu5300","[X]Other migraine","Fyu5300",,"136","IMRD"
"Fyu5E00","[X]Chronic headache disorder","Fyu5E00",,"941","IMRD"
"R040.00","[D]Headache","R040.00",,"203047","IMRD"
"R040z00","[D]Pain in head NOS","R040z00",,"32667","IMRD"
