"MEDICAL_CODE_ID","DESCRIPTION","READ_CODE","SNOMED_CT_CODE","FREQUENCY","DATABASE"
"129","Headache","1B1G.00",,"2155445","CPRD_GOLD"
"130","Frontal headache","1BA5.00",,"60891","CPRD_GOLD"
"161","Migraine","F26..00",,"1502352","CPRD_GOLD"
"191","Tension headache","E278100",,"267854","CPRD_GOLD"
"321","Periodic migrainous neuralgia","F262500",,"7560","CPRD_GOLD"
"1197","[D]Headache","R040.00",,"218344","CPRD_GOLD"
"1788","Occipital headache","1BA6.00",,"26405","CPRD_GOLD"
"2424","Common migraine","F261.00",,"8416","CPRD_GOLD"
"2554","Cluster headache","F262000",,"66772","CPRD_GOLD"
"3220","Classical migraine","F260.00",,"25372","CPRD_GOLD"
"3340","Temporal headache","1BA8.00",,"14936","CPRD_GOLD"
"3658","Hemiplegic migraine","F26y000",,"8960","CPRD_GOLD"
"3716","Sinus headache","1B1G000",,"16190","CPRD_GOLD"
"4949","Morning headache","1BB4.00",,"628","CPRD_GOLD"
"5029","H/O: migraine","1474.00",,"78181","CPRD_GOLD"
"5056","[D]Pain in head NOS","R040z00",,"42985","CPRD_GOLD"
"5335","Throbbing headache","1BB2.00",,"3273","CPRD_GOLD"
"5509","Migraine variants","F262.00",,"1044","CPRD_GOLD"
"5660","Sick headache","F261100",,"3555","CPRD_GOLD"
"5767","C/O - a headache","1B1G.11",,"1188041","CPRD_GOLD"
"7512","[X]Tension type headache","F262600",,"13953","CPRD_GOLD"
"9004","Basilar migraine","F262300",,"1756","CPRD_GOLD"
"9048","Parietal headache","1BA7.00",,"1535","CPRD_GOLD"
"9633","Atypical migraine","F261000",,"3071","CPRD_GOLD"
"9891","Generalised headache","1BA2.00",,"4773","CPRD_GOLD"
"9915","Headache character","1BB..00",,"5235","CPRD_GOLD"
"9999","Muscular headache","E278111",,"1811","CPRD_GOLD"
"10583","Ophthalmic migraine","F262400",,"3110","CPRD_GOLD"
"11321","Unilateral headache","1BA3.00",,"4339","CPRD_GOLD"
"11389","Migraine prophylaxis","8B6N.00",,"15649","CPRD_GOLD"
"12017","Sinus headache","1BA9.00",,"8355","CPRD_GOLD"
"12511","Ophthalmoplegic migraine","F26y100",,"1613","CPRD_GOLD"
"14700","Migraine NOS","F26z.00",,"35319","CPRD_GOLD"
"16247","Headache site","1BA..00",,"5788","CPRD_GOLD"
"17011","Viral headache","1B1G100",,"7187","CPRD_GOLD"
"17830","Headache site NOS","1BAZ.00",,"799","CPRD_GOLD"
"20800","Cephalgia","1B1G.12",,"1323","CPRD_GOLD"
"20932","Aching headache","1BB1.00",,"2388","CPRD_GOLD"
"21663","Bilateral headache","1BA4.00",,"799","CPRD_GOLD"
"22685","Status migrainosus","F26y200",,"350","CPRD_GOLD"
"23621","Migraine variant NOS","F262z00",,"1011","CPRD_GOLD"
"27930","Complicated migraine","F26y300",,"897","CPRD_GOLD"
"28031","Other forms of migraine","F26y.00",,"727","CPRD_GOLD"
"28092","Other forms of migraine NOS","F26yz00",,"768","CPRD_GOLD"
"29394","Headache character NOS","1BBZ.00",,"740","CPRD_GOLD"
"41497","Common migraine NOS","F261z00",,"5687","CPRD_GOLD"
"42903","Shooting headache","1BB3.00",,"237","CPRD_GOLD"
"53813","[X]Other migraine","Fyu5300",,"188","CPRD_GOLD"
"65262","Moebius' ophthalmoplegic migraine","F26y111",,"12","CPRD_GOLD"
"83480","History of headache","147E.00",,"41549","CPRD_GOLD"
"93476","Referral to headache special interest general practitioner","8H4c.00",,"2270","CPRD_GOLD"
"93673","Seen by general practitioner with special interest headache","9Nl7.00",,"348","CPRD_GOLD"
"94517","DNA headache special interest general practitioner clinic","9NiB.00",,"25","CPRD_GOLD"
"98205","[X]Chronic headache disorder","Fyu5E00",,"1028","CPRD_GOLD"
"101339","Chronic paroxysmal hemicrania","F262700",,"393","CPRD_GOLD"
"103443","Paroxysmal hemicrania","F262D00",,"246","CPRD_GOLD"
"103451","H/O migraine with aura","1474000",,"2207","CPRD_GOLD"
"103502","Migraine with aura","F260.11",,"3357","CPRD_GOLD"
"103537","Chronic tension-type headache","F262B00",,"2229","CPRD_GOLD"
"103602","Migraine without aura","F261.11",,"527","CPRD_GOLD"
"103755","Frequent episodic tension-type headache","F262A00",,"202","CPRD_GOLD"
"103899","Infrequent episodic tension-type headache","F262900",,"46","CPRD_GOLD"
