"MEDICAL_CODE_ID","DESCRIPTION","READ_CODE","SNOMED_CT_CODE","FREQUENCY","DATABASE"
"1M02.00","Shoulder joint painful on movement","1M02.00",,"9468","IMRD"
"1M03.00","Shoulder joint painful on external rotation","1M03.00",,"5","IMRD"
"2H45.00","O/E - joint movement painful","2H45.00",,"2218","IMRD"
"N094.00","Pain in joint - arthralgia","N094.00",,"621757","IMRD"
"N094.11","Ache in joint","N094.11",,"20156","IMRD"
"N094000","Arthralgia of unspecified site","N094000",,"177349","IMRD"
"N094100","Arthralgia of the shoulder region","N094100",,"30785","IMRD"
"N094111","Shoulder joint pain","N094111",,"10259","IMRD"
"N094200","Arthralgia of the upper arm","N094200",,"5427","IMRD"
"N094211","Elbow joint pain","N094211",,"71809","IMRD"
"N094300","Arthralgia of the forearm","N094300",,"9915","IMRD"
"N094311","Wrist joint pain","N094311",,"158719","IMRD"
"N094400","Arthralgia of the hand","N094400",,"20031","IMRD"
"N094411","Hand joint pain","N094411",,"1546","IMRD"
"N094500","Arthralgia of the pelvic region and thigh","N094500",,"29808","IMRD"
"N094512","Hip joint pain","N094512",,"340865","IMRD"
"N094600","Arthralgia of the lower leg","N094600",,"65178","IMRD"
"N094611","Knee joint pain","N094611",,"838461","IMRD"
"N094700","Arthralgia of the ankle and foot","N094700",,"33879","IMRD"
"N094711","Ankle joint pain","N094711",,"47674","IMRD"
"N094800","Arthralgia of other specified site","N094800",,"2961","IMRD"
"N094900","Arthralgia of multiple joints","N094900",,"100005","IMRD"
"N094A00","Arthralgia of shoulder","N094A00",,"6295","IMRD"
"N094B00","Arthralgia of sternoclavicular joint","N094B00",,"961","IMRD"
"N094C00","Arthralgia of acromioclavicular joint","N094C00",,"910","IMRD"
"N094D00","Arthralgia of elbow","N094D00",,"19476","IMRD"
"N094D11","Elbow joint pain","N094D11",,"212","IMRD"
"N094E00","Arthralgia of distal radio-ulnar joint","N094E00",,"13","IMRD"
"N094F00","Arthralgia of wrist","N094F00",,"67422","IMRD"
"N094G00","Arthralgia of MCP joint","N094G00",,"839","IMRD"
"N094H00","Arthralgia of PIP joint of finger","N094H00",,"795","IMRD"
"N094J00","Arthralgia of DIP joint of finger","N094J00",,"2355","IMRD"
"N094K00","Arthralgia of hip","N094K00",,"27470","IMRD"
"N094L00","Arthralgia of sacro-iliac joint","N094L00",,"1747","IMRD"
"N094M00","Arthralgia of knee","N094M00",,"115510","IMRD"
"N094N00","Arthralgia of tibio-fibular joint","N094N00",,"12","IMRD"
"N094P00","Arthralgia of ankle","N094P00",,"2798","IMRD"
"N094Q00","Arthralgia of subtalar joint","N094Q00",,"35","IMRD"
"N094R00","Arthralgia of talonavicular joint","N094R00",,"21","IMRD"
"N094S00","Arthralgia of other tarsal joint","N094S00",,"40","IMRD"
"N094T00","Arthralgia of 1st MTP joint","N094T00",,"485","IMRD"
"N094U00","Arthralgia of lesser MTP joint","N094U00",,"63","IMRD"
"N094V00","Arthralgia of IP joint of toe","N094V00",,"75","IMRD"
"N094z00","Arthralgia NOS","N094z00",,"10002","IMRD"
"N096.12","Musculoskeletal pain - joints","N096.12",,"25003","IMRD"
