"MEDICAL_CODE_ID","DESCRIPTION","READ_CODE","SNOMED_CT_CODE","FREQUENCY","DATABASE"
"202","Arthralgia of unspecified site","N094000",,"254449","CPRD_GOLD"
"554","Knee joint pain","N094611",,"1163792","CPRD_GOLD"
"1330","Hip joint pain","N094512",,"457152","CPRD_GOLD"
"1418","Arthralgia of multiple joints","N094900",,"111020","CPRD_GOLD"
"1646","Elbow joint pain","N094211",,"101082","CPRD_GOLD"
"2397","Shoulder joint pain","N094111",,"12306","CPRD_GOLD"
"2521","Wrist joint pain","N094311",,"217066","CPRD_GOLD"
"3812","Arthralgia of the lower leg","N094600",,"60226","CPRD_GOLD"
"5864","Pain in joint - arthralgia","N094.00",,"720651","CPRD_GOLD"
"5999","Arthralgia of wrist","N094F00",,"76133","CPRD_GOLD"
"6044","Arthralgia of knee","N094M00",,"154554","CPRD_GOLD"
"6058","Ache in joint","N094.11",,"21675","CPRD_GOLD"
"6459","Arthralgia of the hand","N094400",,"22951","CPRD_GOLD"
"6523","Arthralgia of elbow","N094D00",,"23310","CPRD_GOLD"
"7495","Arthralgia of the forearm","N094300",,"9906","CPRD_GOLD"
"7676","Arthralgia of DIP joint of finger","N094J00",,"3032","CPRD_GOLD"
"8309","Musculoskeletal pain - joints","N096.12",,"27159","CPRD_GOLD"
"8365","Arthralgia of the ankle and foot","N094700",,"41630","CPRD_GOLD"
"8952","Arthralgia of sternoclavicular joint","N094B00",,"939","CPRD_GOLD"
"9883","Arthralgia of sacro-iliac joint","N094L00",,"2344","CPRD_GOLD"
"14886","Ankle joint pain","N094711",,"54475","CPRD_GOLD"
"15146","Arthralgia of the pelvic region and thigh","N094500",,"30391","CPRD_GOLD"
"15842","Arthralgia of the shoulder region","N094100",,"30320","CPRD_GOLD"
"16029","Arthralgia of the upper arm","N094200",,"5861","CPRD_GOLD"
"17659","Arthralgia of shoulder","N094A00",,"7601","CPRD_GOLD"
"22445","Arthralgia of MCP joint","N094G00",,"908","CPRD_GOLD"
"29402","Hand joint pain","N094411",,"1868","CPRD_GOLD"
"29540","Arthralgia of PIP joint of finger","N094H00",,"968","CPRD_GOLD"
"29775","Arthralgia NOS","N094z00",,"12393","CPRD_GOLD"
"33407","Arthralgia of hip","N094K00",,"27608","CPRD_GOLD"
"33885","Arthralgia of ankle","N094P00",,"2698","CPRD_GOLD"
"36091","Arthralgia of other specified site","N094800",,"2215","CPRD_GOLD"
"36132","O/E - joint movement painful","2H45.00",,"2452","CPRD_GOLD"
"36367","Arthralgia of acromioclavicular joint","N094C00",,"1109","CPRD_GOLD"
"37136","Arthralgia of IP joint of toe","N094V00",,"81","CPRD_GOLD"
"38465","Arthralgia of 1st MTP joint","N094T00",,"601","CPRD_GOLD"
"41510","Arthralgia of talonavicular joint","N094R00",,"35","CPRD_GOLD"
"45456","Arthralgia of lesser MTP joint","N094U00",,"73","CPRD_GOLD"
"54791","Elbow joint pain","N094D11",,"232","CPRD_GOLD"
"59586","Arthralgia of other tarsal joint","N094S00",,"39","CPRD_GOLD"
"61245","Arthralgia of tibio-fibular joint","N094N00",,"16","CPRD_GOLD"
"63058","Arthralgia of subtalar joint","N094Q00",,"39","CPRD_GOLD"
"67170","Arthralgia of distal radio-ulnar joint","N094E00",,"14","CPRD_GOLD"
"108855","Shoulder joint painful on movement","1M02.00",,"10328","CPRD_GOLD"
"109347","Shoulder joint painful on external rotation","1M03.00",,"6","CPRD_GOLD"
