"MEDICAL_CODE_ID","DESCRIPTION","READ_CODE","SNOMED_CT_CODE","FREQUENCY","DATABASE"
"198184013","Hip joint pain","N094512","49218002","515224","CPRD_AURUM"
"310802015","Arthralgia of the hand","N094400","202472008","110013","CPRD_AURUM"
"310803013","Hand joint pain","N094411","202472008","60471","CPRD_AURUM"
"310818014","Arthralgia of sternoclavicular joint","N094B00","202478007","5647","CPRD_AURUM"
"310819018","Arthralgia of acromioclavicular joint","N094C00","202479004","28039","CPRD_AURUM"
"310821011","Elbow joint pain","N094D11","202480001","1748","CPRD_AURUM"
"310825019","Wrist joint pain","N094311","202482009","677436","CPRD_AURUM"
"310826018","Arthralgia of wrist","N094F00","202482009","99387","CPRD_AURUM"
"310840017","Ankle joint pain","N094711","202490009","62077","CPRD_AURUM"
"310846011","Arthralgia of talonavicular joint","N094R00","202493006","1297","CPRD_AURUM"
"400244011","Shoulder joint pain","N094111","267949000","164128","CPRD_AURUM"
"400246013","Arthralgia of shoulder","N094A00","267949000","14378","CPRD_AURUM"
"400249018","Arthralgia of the pelvic region and thigh","N094500","267952008","136886","CPRD_AURUM"
"400250018","Arthralgia of the lower leg","N094600","267953003","308408","CPRD_AURUM"
"439693015","Shoulder joint painful on movement","1M02.00","298857005","6756","CPRD_AURUM"
"484754019","Knee joint pain","N094611","30989003","1483632","CPRD_AURUM"
"1230691015","Arthralgia of hip","N094K00","49218002","126886","CPRD_AURUM"
"890651000006117","Pain in joint - coxalgia","N094.99","57676002","139","CPRD_AURUM"
"890671000006110","Ankle/foot joint pain","N094799","267954009","16477","CPRD_AURUM"
"991491000006111","Joint pain NOS","N094.98","57676002","23","CPRD_AURUM"
"1892761000006113","Shoulder joint painful on movement","","298857005","6","CPRD_AURUM"
"1892771000006118","Shoulder joint painful on external rotation","","1892771000006102","6","CPRD_AURUM"
"2364511000000117","Shoulder joint painful on external rotation","1M03.00","921261000000101","1387","CPRD_AURUM"
"310792015","Arthralgia of unspecified site","N094000","57676002","141501","CPRD_AURUM"
"310815012","Arthralgia of other specified site","N094800","57676002","14552","CPRD_AURUM"
"310847019","Arthralgia of other tarsal joint","N094S00","57676002","457","CPRD_AURUM"
"310855014","Arthralgia NOS","N094z00","57676002","130738","CPRD_AURUM"
"400248014","Arthralgia of the forearm","N094300","267950000","37593","CPRD_AURUM"
"248581000006113","Pain in joint - arthralgia","N094.00","57676002","955388","CPRD_AURUM"
"491791000006117","Arthralgia of 1st MTP joint","N094T00","202495004","7946","CPRD_AURUM"
"491861000006115","Arthralgia of IP joint of toe","N094V00","202497007","659","CPRD_AURUM"
"491881000006113","Arthralgia of lesser MTP joint","N094U00","202496003","435","CPRD_AURUM"
"491891000006111","Arthralgia of MCP joint","N094G00","202483004","4897","CPRD_AURUM"
"491941000006112","Arthralgia of sacro-iliac joint","N094L00","202487003","34913","CPRD_AURUM"
"492061000006117","Arthralgia of tibio-fibular joint","N094N00","202489000","92","CPRD_AURUM"
"693501000006115","Musculoskeletal pain - joints","N096.12","57676002","186778","CPRD_AURUM"
"11902311000006117","Sacroiliac joint pain","","202487003","1464","CPRD_AURUM"
"11902321000006113","Subtalar joint pain","","202491008","144","CPRD_AURUM"
"4814091000006119","Distal radioulnar joint pain","","202481002","38","CPRD_AURUM"
"11902301000006115","Proximal interphalangeal joint of finger pain","","202484005","276","CPRD_AURUM"
"4814031000006118","Sternoclavicular joint pain","","202478007","353","CPRD_AURUM"
"11902331000006111","Talonavicular joint pain","","202493006","151","CPRD_AURUM"
"11902261000006112","Metacarpophalangeal joint pain","","202483004","237","CPRD_AURUM"
"4814051000006113","Acromioclavicular joint pain","","202479004","1247","CPRD_AURUM"
"4581741000006114","On examination - joint movement painful","","164539000","0","CPRD_AURUM"
"4814211000006117","Tibiofibular joint pain","","202489000","21","CPRD_AURUM"
"5243201000006113","Facet joint pain","","247369005","811","CPRD_AURUM"
"12725101000006111","Arthralgia of other specified site","","629831000000105","0","CPRD_AURUM"
"890681000006113","Other joint pain","N094899","629831000000105","617","CPRD_AURUM"
"12728561000006113","Arthralgia NOS","","687011000000105","0","CPRD_AURUM"
"484753013","Arthralgia of knee","N094M00","30989003","294230","CPRD_AURUM"
"1228298012","Arthralgia of multiple joints","N094900","35678005","981897","CPRD_AURUM"
"400245012","Arthralgia of the shoulder region","N094100","267949000","193336","CPRD_AURUM"
"637511000006115","Elbow joint pain","N094211","202480001","148225","CPRD_AURUM"
"4814221000006113","Arthralgia of tibiofibular joint","","202489000","2","CPRD_AURUM"
"4814321000006118","Lesser metatarsophalangeal joint pain","","202496003","11","CPRD_AURUM"
"3437291000006119","Painful joint","","57676002","15","CPRD_AURUM"
"4808241000006112","Whipple's arthralgia","","201517005","0","CPRD_AURUM"
"932721000006115","Pain in joint - coxalgia","N094599","267952008","1975","CPRD_AURUM"
"400247016","Arthralgia of the upper arm","N094200","267950000","24920","CPRD_AURUM"
"256029019","O/E - joint movement painful","2H45.00","164539000","14991","CPRD_AURUM"
"452701000006110","Ache in joint","N094.11","57676002","22534","CPRD_AURUM"
"491821000006114","Arthralgia of DIP joint of finger","N094J00","202485006","2729","CPRD_AURUM"
"4814101000006113","Arthralgia of distal radioulnar joint","","202481002","0","CPRD_AURUM"
"5502581000006112","Ankle and/or foot joint pain","","267954009","3","CPRD_AURUM"
"11902271000006117","First metatarsophalangeal joint pain","","202495004","350","CPRD_AURUM"
"11931981000006114","Multiple joint pain","","35678005","0","CPRD_AURUM"
"11902291000006116","Interphalangeal joint of toe pain","","202497007","83","CPRD_AURUM"
"486238018","Multiple joint pain","N094999","35678005","70909","CPRD_AURUM"
"400251019","Arthralgia of the ankle and foot","N094700","267954009","115518","CPRD_AURUM"
"310822016","Arthralgia of elbow","N094D00","202480001","20209","CPRD_AURUM"
"310839019","Arthralgia of ankle","N094P00","202490009","7955","CPRD_AURUM"
"310842013","Arthralgia of subtalar joint","N094Q00","202491008","871","CPRD_AURUM"
"400260010","Other joint symptoms of unspecified site","N096000","57676002","734","CPRD_AURUM"
"491831000006112","Arthralgia of distal radio-ulnar joint","N094E00","202481002","74","CPRD_AURUM"
"491931000006119","Arthralgia of PIP joint of finger","N094H00","202484005","3337","CPRD_AURUM"
"4814171000006119","Distal interphalangeal joint of finger pain","","202485006","213","CPRD_AURUM"
"3074511000006111","Polyarthralgia","","35678005","449","CPRD_AURUM"
"890701000006111","Joint pain NOS","N094z99","687011000000105","4574","CPRD_AURUM"
