"MEDICAL_CODE_ID","DESCRIPTION","READ_CODE","SNOMED_CT_CODE","FREQUENCY","DATABASE"
"M255","Pain in joint","M25.5","","0","ICD10"
"M2550","Pain in joint","M25.50","","0","ICD10"
"M2551","Pain in joint","M25.51","","0","ICD10"
"M2552","Pain in joint","M25.52","","0","ICD10"
"M2553","Pain in joint","M25.53","","0","ICD10"
"M2554","Pain in joint","M25.54","","0","ICD10"
"M2555","Pain in joint","M25.55","","0","ICD10"
"M2556","Pain in joint","M25.56","","0","ICD10"
"M2557","Pain in joint","M25.57","","0","ICD10"
"M2558","Pain in joint","M25.58","","0","ICD10"
"M2559","Pain in joint","M25.59","","0","ICD10"
